ISO-10303-21;
HEADER;
FILE_DESCRIPTION(('KiCad electronic assembly'),'2;1');
FILE_NAME('driver_40mm_atmega.step','2025-07-22T17:50:44',('Pcbnew'),(
    'Kicad'),'Open CASCADE STEP processor 7.9','KiCad to STEP converter'
  ,'Unknown');
FILE_SCHEMA(('AUTOMOTIVE_DESIGN { 1 0 10303 214 1 1 1 1 }'));
ENDSEC;
DATA;
#1 = APPLICATION_PROTOCOL_DEFINITION('international standard',
  'automotive_design',2000,#2);
#2 = APPLICATION_CONTEXT(
  'core data for automotive mechanical design processes');
#3 = SHAPE_DEFINITION_REPRESENTATION(#4,#10);
#4 = PRODUCT_DEFINITION_SHAPE('','',#5);
#5 = PRODUCT_DEFINITION('design','',#6,#9);
#6 = PRODUCT_DEFINITION_FORMATION('','',#7);
#7 = PRODUCT('driver_40mm_atmega 1','driver_40mm_atmega 1','',(#8));
#8 = PRODUCT_CONTEXT('',#2,'mechanical');
#9 = PRODUCT_DEFINITION_CONTEXT('part definition',#2,'design');
#10 = SHAPE_REPRESENTATION('',(#11,#15,#19,#23,#27,#31,#35,#39,#43,#47,
    #51,#55,#59,#63,#67,#71,#75,#79,#83,#87,#91,#95,#99,#103,#107,#111,
    #115,#119,#123,#127,#131,#135,#139,#143,#147,#151,#155,#159,#163,
    #167,#171,#175,#179,#183,#187,#191,#195,#199,#203,#207,#211,#215,
    #219,#223,#227,#231,#235,#239,#243,#247,#251,#255,#259,#263,#267,
    #271,#275,#279,#283,#287,#291,#295,#299,#303,#307,#311,#315,#319,
    #323,#327,#331,#335,#339,#343,#347,#351,#355,#359,#363,#367,#371,
    #375,#379,#383,#387,#391,#395,#399,#403,#407,#411,#415,#419,#423,
    #427,#431,#435,#439,#443,#447,#451,#455,#459,#463,#467,#471,#475,
    #479,#483,#487,#491,#495,#499,#503,#507,#511,#515,#519,#523,#527,
    #531,#535,#539,#543,#547,#551,#555,#559,#563,#567,#571,#575,#579,
    #583,#587,#591,#595,#599,#603,#607,#611,#615,#619,#623,#627,#631,
    #635,#639,#643,#647,#651,#655,#659,#663,#667,#671,#675,#679,#683,
    #687,#691,#695,#699,#703,#707,#711,#715,#719,#723,#727,#731,#735,
    #739,#743,#747,#751,#755,#759,#763,#767,#771,#775,#779,#783,#787,
    #791,#795,#799,#803,#807,#811,#815,#819,#823,#827,#831,#835,#839,
    #843,#847,#851,#855,#859,#863,#867,#871,#875,#879,#883,#887,#891,
    #895,#899,#903,#907,#911,#915,#919,#923,#927,#931,#935,#939,#943,
    #947,#951,#955,#959,#963,#967,#971,#975,#979,#983,#987,#991,#995,
    #999,#1003,#1007,#1011,#1015,#1019,#1023,#1027,#1031,#1035,#1039,
    #1043,#1047,#1051,#1055,#1059,#1063,#1067,#1071,#1075,#1079,#1083,
    #1087,#1091,#1095,#1099,#1103,#1107,#1111,#1115,#1119,#1123,#1127,
    #1131,#1135,#1139,#1143,#1147,#1151,#1155,#1159,#1163,#1167,#1171,
    #1175,#1179,#1183,#1187,#1191,#1195,#1199,#1203,#1207,#1211,#1215,
    #1219,#1223,#1227,#1231,#1235,#1239,#1243,#1247,#1251,#1255,#1259,
    #1263,#1267,#1271,#1275,#1279,#1283,#1287,#1291,#1295,#1299,#1303,
    #1307,#1311,#1315,#1319,#1323,#1327,#1331,#1335,#1339,#1343,#1347,
    #1351,#1355,#1359,#1363,#1367,#1371,#1375,#1379,#1383,#1387,#1391,
    #1395,#1399,#1403,#1407,#1411,#1415,#1419,#1423,#1427,#1431,#1435,
    #1439,#1443,#1447,#1451,#1455,#1459,#1463,#1467,#1471,#1475,#1479,
    #1483,#1487,#1491,#1495,#1499,#1503,#1507,#1511,#1515,#1519,#1523,
    #1527,#1531,#1535,#1539,#1543,#1547,#1551,#1555,#1559,#1563,#1567,
    #1571,#1575,#1579,#1583,#1587,#1591,#1595,#1599,#1603,#1607,#1611,
    #1615,#1619,#1623,#1627,#1631,#1635,#1639,#1643,#1647,#1651,#1655,
    #1659,#1663,#1667,#1671,#1675,#1679,#1683,#1687,#1691,#1695),#1699);
#11 = AXIS2_PLACEMENT_3D('',#12,#13,#14);
#12 = CARTESIAN_POINT('',(0.,0.,0.));
#13 = DIRECTION('',(0.,0.,1.));
#14 = DIRECTION('',(1.,0.,-0.));
#15 = AXIS2_PLACEMENT_3D('',#16,#17,#18);
#16 = CARTESIAN_POINT('',(86.25,-63.75,1.595));
#17 = DIRECTION('',(0.,-0.,1.));
#18 = DIRECTION('',(0.707106781187,0.707106781187,0.));
#19 = AXIS2_PLACEMENT_3D('',#20,#21,#22);
#20 = CARTESIAN_POINT('',(83.75,-63.75,1.595));
#21 = DIRECTION('',(0.,-0.,1.));
#22 = DIRECTION('',(0.707106781187,0.707106781187,0.));
#23 = AXIS2_PLACEMENT_3D('',#24,#25,#26);
#24 = CARTESIAN_POINT('',(81.25,-63.75,1.595));
#25 = DIRECTION('',(0.,-0.,1.));
#26 = DIRECTION('',(0.707106781187,0.707106781187,0.));
#27 = AXIS2_PLACEMENT_3D('',#28,#29,#30);
#28 = CARTESIAN_POINT('',(78.75,-63.75,1.595));
#29 = DIRECTION('',(0.,-0.,1.));
#30 = DIRECTION('',(0.707106781187,0.707106781187,0.));
#31 = AXIS2_PLACEMENT_3D('',#32,#33,#34);
#32 = CARTESIAN_POINT('',(76.25,-63.75,1.595));
#33 = DIRECTION('',(0.,-0.,1.));
#34 = DIRECTION('',(0.707106781187,0.707106781187,0.));
#35 = AXIS2_PLACEMENT_3D('',#36,#37,#38);
#36 = CARTESIAN_POINT('',(73.75,-63.75,1.595));
#37 = DIRECTION('',(0.,-0.,1.));
#38 = DIRECTION('',(0.707106781187,0.707106781187,0.));
#39 = AXIS2_PLACEMENT_3D('',#40,#41,#42);
#40 = CARTESIAN_POINT('',(71.25,-63.75,1.595));
#41 = DIRECTION('',(0.,-0.,1.));
#42 = DIRECTION('',(0.707106781187,0.707106781187,0.));
#43 = AXIS2_PLACEMENT_3D('',#44,#45,#46);
#44 = CARTESIAN_POINT('',(88.75,-61.25,1.595));
#45 = DIRECTION('',(0.,-0.,1.));
#46 = DIRECTION('',(0.707106781187,0.707106781187,0.));
#47 = AXIS2_PLACEMENT_3D('',#48,#49,#50);
#48 = CARTESIAN_POINT('',(86.25,-61.25,1.595));
#49 = DIRECTION('',(0.,-0.,1.));
#50 = DIRECTION('',(0.707106781187,0.707106781187,0.));
#51 = AXIS2_PLACEMENT_3D('',#52,#53,#54);
#52 = CARTESIAN_POINT('',(83.75,-61.25,1.595));
#53 = DIRECTION('',(0.,-0.,1.));
#54 = DIRECTION('',(0.707106781187,0.707106781187,0.));
#55 = AXIS2_PLACEMENT_3D('',#56,#57,#58);
#56 = CARTESIAN_POINT('',(81.25,-61.25,1.595));
#57 = DIRECTION('',(0.,-0.,1.));
#58 = DIRECTION('',(0.707106781187,0.707106781187,0.));
#59 = AXIS2_PLACEMENT_3D('',#60,#61,#62);
#60 = CARTESIAN_POINT('',(78.75,-61.25,1.595));
#61 = DIRECTION('',(0.,-0.,1.));
#62 = DIRECTION('',(0.707106781187,0.707106781187,0.));
#63 = AXIS2_PLACEMENT_3D('',#64,#65,#66);
#64 = CARTESIAN_POINT('',(76.25,-61.25,1.595));
#65 = DIRECTION('',(0.,-0.,1.));
#66 = DIRECTION('',(0.707106781187,0.707106781187,0.));
#67 = AXIS2_PLACEMENT_3D('',#68,#69,#70);
#68 = CARTESIAN_POINT('',(73.75,-61.25,1.595));
#69 = DIRECTION('',(0.,-0.,1.));
#70 = DIRECTION('',(0.707106781187,0.707106781187,0.));
#71 = AXIS2_PLACEMENT_3D('',#72,#73,#74);
#72 = CARTESIAN_POINT('',(88.75,-58.75,1.595));
#73 = DIRECTION('',(0.,-0.,1.));
#74 = DIRECTION('',(0.707106781187,0.707106781187,0.));
#75 = AXIS2_PLACEMENT_3D('',#76,#77,#78);
#76 = CARTESIAN_POINT('',(71.25,-61.25,1.595));
#77 = DIRECTION('',(0.,-0.,1.));
#78 = DIRECTION('',(0.707106781187,0.707106781187,0.));
#79 = AXIS2_PLACEMENT_3D('',#80,#81,#82);
#80 = CARTESIAN_POINT('',(88.75,-66.25,1.595));
#81 = DIRECTION('',(0.,-0.,1.));
#82 = DIRECTION('',(0.707106781187,0.707106781187,0.));
#83 = AXIS2_PLACEMENT_3D('',#84,#85,#86);
#84 = CARTESIAN_POINT('',(81.25,-68.75,1.595));
#85 = DIRECTION('',(0.,-0.,1.));
#86 = DIRECTION('',(0.707106781187,0.707106781187,0.));
#87 = AXIS2_PLACEMENT_3D('',#88,#89,#90);
#88 = CARTESIAN_POINT('',(83.75,-68.75,1.595));
#89 = DIRECTION('',(0.,-0.,1.));
#90 = DIRECTION('',(0.707106781187,0.707106781187,0.));
#91 = AXIS2_PLACEMENT_3D('',#92,#93,#94);
#92 = CARTESIAN_POINT('',(68.75,-88.75,1.595));
#93 = DIRECTION('',(0.,-0.,1.));
#94 = DIRECTION('',(0.707106781187,0.707106781187,0.));
#95 = AXIS2_PLACEMENT_3D('',#96,#97,#98);
#96 = CARTESIAN_POINT('',(86.25,-68.75,1.595));
#97 = DIRECTION('',(0.,-0.,1.));
#98 = DIRECTION('',(0.707106781187,0.707106781187,0.));
#99 = AXIS2_PLACEMENT_3D('',#100,#101,#102);
#100 = CARTESIAN_POINT('',(78.75,-68.75,1.595));
#101 = DIRECTION('',(0.,-0.,1.));
#102 = DIRECTION('',(0.707106781187,0.707106781187,0.));
#103 = AXIS2_PLACEMENT_3D('',#104,#105,#106);
#104 = CARTESIAN_POINT('',(76.25,-68.75,1.595));
#105 = DIRECTION('',(0.,-0.,1.));
#106 = DIRECTION('',(0.707106781187,0.707106781187,0.));
#107 = AXIS2_PLACEMENT_3D('',#108,#109,#110);
#108 = CARTESIAN_POINT('',(73.75,-68.75,1.595));
#109 = DIRECTION('',(0.,-0.,1.));
#110 = DIRECTION('',(0.707106781187,0.707106781187,0.));
#111 = AXIS2_PLACEMENT_3D('',#112,#113,#114);
#112 = CARTESIAN_POINT('',(71.25,-68.75,1.595));
#113 = DIRECTION('',(0.,-0.,1.));
#114 = DIRECTION('',(0.707106781187,0.707106781187,0.));
#115 = AXIS2_PLACEMENT_3D('',#116,#117,#118);
#116 = CARTESIAN_POINT('',(88.75,-63.75,1.595));
#117 = DIRECTION('',(0.,-0.,1.));
#118 = DIRECTION('',(0.707106781187,0.707106781187,0.));
#119 = AXIS2_PLACEMENT_3D('',#120,#121,#122);
#120 = CARTESIAN_POINT('',(86.25,-66.25,1.595));
#121 = DIRECTION('',(0.,-0.,1.));
#122 = DIRECTION('',(0.707106781187,0.707106781187,0.));
#123 = AXIS2_PLACEMENT_3D('',#124,#125,#126);
#124 = CARTESIAN_POINT('',(83.75,-66.25,1.595));
#125 = DIRECTION('',(0.,-0.,1.));
#126 = DIRECTION('',(0.707106781187,0.707106781187,0.));
#127 = AXIS2_PLACEMENT_3D('',#128,#129,#130);
#128 = CARTESIAN_POINT('',(81.25,-66.25,1.595));
#129 = DIRECTION('',(0.,-0.,1.));
#130 = DIRECTION('',(0.707106781187,0.707106781187,0.));
#131 = AXIS2_PLACEMENT_3D('',#132,#133,#134);
#132 = CARTESIAN_POINT('',(78.75,-66.25,1.595));
#133 = DIRECTION('',(0.,-0.,1.));
#134 = DIRECTION('',(0.707106781187,0.707106781187,0.));
#135 = AXIS2_PLACEMENT_3D('',#136,#137,#138);
#136 = CARTESIAN_POINT('',(76.25,-66.25,1.595));
#137 = DIRECTION('',(0.,-0.,1.));
#138 = DIRECTION('',(0.707106781187,0.707106781187,0.));
#139 = AXIS2_PLACEMENT_3D('',#140,#141,#142);
#140 = CARTESIAN_POINT('',(73.75,-66.25,1.595));
#141 = DIRECTION('',(0.,-0.,1.));
#142 = DIRECTION('',(0.707106781187,0.707106781187,0.));
#143 = AXIS2_PLACEMENT_3D('',#144,#145,#146);
#144 = CARTESIAN_POINT('',(71.25,-66.25,1.595));
#145 = DIRECTION('',(0.,-0.,1.));
#146 = DIRECTION('',(0.707106781187,0.707106781187,0.));
#147 = AXIS2_PLACEMENT_3D('',#148,#149,#150);
#148 = CARTESIAN_POINT('',(86.25,-53.75,1.595));
#149 = DIRECTION('',(0.,-0.,1.));
#150 = DIRECTION('',(0.707106781187,0.707106781187,0.));
#151 = AXIS2_PLACEMENT_3D('',#152,#153,#154);
#152 = CARTESIAN_POINT('',(66.25,-86.25,1.595));
#153 = DIRECTION('',(0.,-0.,1.));
#154 = DIRECTION('',(0.707106781187,0.707106781187,0.));
#155 = AXIS2_PLACEMENT_3D('',#156,#157,#158);
#156 = CARTESIAN_POINT('',(71.25,-51.25,1.595));
#157 = DIRECTION('',(0.,-0.,1.));
#158 = DIRECTION('',(0.707106781187,0.707106781187,0.));
#159 = AXIS2_PLACEMENT_3D('',#160,#161,#162);
#160 = CARTESIAN_POINT('',(73.75,-51.25,1.595));
#161 = DIRECTION('',(0.,-0.,1.));
#162 = DIRECTION('',(0.707106781187,0.707106781187,0.));
#163 = AXIS2_PLACEMENT_3D('',#164,#165,#166);
#164 = CARTESIAN_POINT('',(76.25,-51.25,1.595));
#165 = DIRECTION('',(0.,-0.,1.));
#166 = DIRECTION('',(0.707106781187,0.707106781187,0.));
#167 = AXIS2_PLACEMENT_3D('',#168,#169,#170);
#168 = CARTESIAN_POINT('',(78.75,-51.25,1.595));
#169 = DIRECTION('',(0.,-0.,1.));
#170 = DIRECTION('',(0.707106781187,0.707106781187,0.));
#171 = AXIS2_PLACEMENT_3D('',#172,#173,#174);
#172 = CARTESIAN_POINT('',(81.25,-51.25,1.595));
#173 = DIRECTION('',(0.,-0.,1.));
#174 = DIRECTION('',(0.707106781187,0.707106781187,0.));
#175 = AXIS2_PLACEMENT_3D('',#176,#177,#178);
#176 = CARTESIAN_POINT('',(83.75,-51.25,1.595));
#177 = DIRECTION('',(0.,-0.,1.));
#178 = DIRECTION('',(0.707106781187,0.707106781187,0.));
#179 = AXIS2_PLACEMENT_3D('',#180,#181,#182);
#180 = CARTESIAN_POINT('',(86.25,-51.25,1.595));
#181 = DIRECTION('',(0.,-0.,1.));
#182 = DIRECTION('',(0.707106781187,0.707106781187,0.));
#183 = AXIS2_PLACEMENT_3D('',#184,#185,#186);
#184 = CARTESIAN_POINT('',(88.75,-51.25,1.595));
#185 = DIRECTION('',(0.,-0.,1.));
#186 = DIRECTION('',(0.707106781187,0.707106781187,0.));
#187 = AXIS2_PLACEMENT_3D('',#188,#189,#190);
#188 = CARTESIAN_POINT('',(71.25,-53.75,1.595));
#189 = DIRECTION('',(0.,-0.,1.));
#190 = DIRECTION('',(0.707106781187,0.707106781187,0.));
#191 = AXIS2_PLACEMENT_3D('',#192,#193,#194);
#192 = CARTESIAN_POINT('',(73.75,-53.75,1.595));
#193 = DIRECTION('',(0.,-0.,1.));
#194 = DIRECTION('',(0.707106781187,0.707106781187,0.));
#195 = AXIS2_PLACEMENT_3D('',#196,#197,#198);
#196 = CARTESIAN_POINT('',(76.25,-53.75,1.595));
#197 = DIRECTION('',(0.,-0.,1.));
#198 = DIRECTION('',(0.707106781187,0.707106781187,0.));
#199 = AXIS2_PLACEMENT_3D('',#200,#201,#202);
#200 = CARTESIAN_POINT('',(78.75,-53.75,1.595));
#201 = DIRECTION('',(0.,-0.,1.));
#202 = DIRECTION('',(0.707106781187,0.707106781187,0.));
#203 = AXIS2_PLACEMENT_3D('',#204,#205,#206);
#204 = CARTESIAN_POINT('',(81.25,-53.75,1.595));
#205 = DIRECTION('',(0.,-0.,1.));
#206 = DIRECTION('',(0.707106781187,0.707106781187,0.));
#207 = AXIS2_PLACEMENT_3D('',#208,#209,#210);
#208 = CARTESIAN_POINT('',(83.75,-53.75,1.595));
#209 = DIRECTION('',(0.,-0.,1.));
#210 = DIRECTION('',(0.707106781187,0.707106781187,0.));
#211 = AXIS2_PLACEMENT_3D('',#212,#213,#214);
#212 = CARTESIAN_POINT('',(86.25,-58.75,1.595));
#213 = DIRECTION('',(0.,-0.,1.));
#214 = DIRECTION('',(0.707106781187,0.707106781187,0.));
#215 = AXIS2_PLACEMENT_3D('',#216,#217,#218);
#216 = CARTESIAN_POINT('',(88.75,-53.75,1.595));
#217 = DIRECTION('',(0.,-0.,1.));
#218 = DIRECTION('',(0.707106781187,0.707106781187,0.));
#219 = AXIS2_PLACEMENT_3D('',#220,#221,#222);
#220 = CARTESIAN_POINT('',(71.25,-56.25,1.595));
#221 = DIRECTION('',(0.,-0.,1.));
#222 = DIRECTION('',(0.707106781187,0.707106781187,0.));
#223 = AXIS2_PLACEMENT_3D('',#224,#225,#226);
#224 = CARTESIAN_POINT('',(73.75,-56.25,1.595));
#225 = DIRECTION('',(0.,-0.,1.));
#226 = DIRECTION('',(0.707106781187,0.707106781187,0.));
#227 = AXIS2_PLACEMENT_3D('',#228,#229,#230);
#228 = CARTESIAN_POINT('',(76.25,-56.25,1.595));
#229 = DIRECTION('',(0.,-0.,1.));
#230 = DIRECTION('',(0.707106781187,0.707106781187,0.));
#231 = AXIS2_PLACEMENT_3D('',#232,#233,#234);
#232 = CARTESIAN_POINT('',(78.75,-56.25,1.595));
#233 = DIRECTION('',(0.,-0.,1.));
#234 = DIRECTION('',(0.707106781187,0.707106781187,0.));
#235 = AXIS2_PLACEMENT_3D('',#236,#237,#238);
#236 = CARTESIAN_POINT('',(81.25,-56.25,1.595));
#237 = DIRECTION('',(0.,-0.,1.));
#238 = DIRECTION('',(0.707106781187,0.707106781187,0.));
#239 = AXIS2_PLACEMENT_3D('',#240,#241,#242);
#240 = CARTESIAN_POINT('',(83.75,-56.25,1.595));
#241 = DIRECTION('',(0.,-0.,1.));
#242 = DIRECTION('',(0.707106781187,0.707106781187,0.));
#243 = AXIS2_PLACEMENT_3D('',#244,#245,#246);
#244 = CARTESIAN_POINT('',(86.25,-56.25,1.595));
#245 = DIRECTION('',(0.,-0.,1.));
#246 = DIRECTION('',(0.707106781187,0.707106781187,0.));
#247 = AXIS2_PLACEMENT_3D('',#248,#249,#250);
#248 = CARTESIAN_POINT('',(88.75,-56.25,1.595));
#249 = DIRECTION('',(0.,-0.,1.));
#250 = DIRECTION('',(0.707106781187,0.707106781187,0.));
#251 = AXIS2_PLACEMENT_3D('',#252,#253,#254);
#252 = CARTESIAN_POINT('',(71.25,-58.75,1.595));
#253 = DIRECTION('',(0.,-0.,1.));
#254 = DIRECTION('',(0.707106781187,0.707106781187,0.));
#255 = AXIS2_PLACEMENT_3D('',#256,#257,#258);
#256 = CARTESIAN_POINT('',(73.75,-58.75,1.595));
#257 = DIRECTION('',(0.,-0.,1.));
#258 = DIRECTION('',(0.707106781187,0.707106781187,0.));
#259 = AXIS2_PLACEMENT_3D('',#260,#261,#262);
#260 = CARTESIAN_POINT('',(76.25,-58.75,1.595));
#261 = DIRECTION('',(0.,-0.,1.));
#262 = DIRECTION('',(0.707106781187,0.707106781187,0.));
#263 = AXIS2_PLACEMENT_3D('',#264,#265,#266);
#264 = CARTESIAN_POINT('',(78.75,-58.75,1.595));
#265 = DIRECTION('',(0.,-0.,1.));
#266 = DIRECTION('',(0.707106781187,0.707106781187,0.));
#267 = AXIS2_PLACEMENT_3D('',#268,#269,#270);
#268 = CARTESIAN_POINT('',(81.25,-58.75,1.595));
#269 = DIRECTION('',(0.,-0.,1.));
#270 = DIRECTION('',(0.707106781187,0.707106781187,0.));
#271 = AXIS2_PLACEMENT_3D('',#272,#273,#274);
#272 = CARTESIAN_POINT('',(83.75,-58.75,1.595));
#273 = DIRECTION('',(0.,-0.,1.));
#274 = DIRECTION('',(0.707106781187,0.707106781187,0.));
#275 = AXIS2_PLACEMENT_3D('',#276,#277,#278);
#276 = CARTESIAN_POINT('',(88.75,-81.25,1.595));
#277 = DIRECTION('',(0.,-0.,1.));
#278 = DIRECTION('',(0.707106781187,0.707106781187,0.));
#279 = AXIS2_PLACEMENT_3D('',#280,#281,#282);
#280 = CARTESIAN_POINT('',(88.75,-83.75,1.595));
#281 = DIRECTION('',(0.,-0.,1.));
#282 = DIRECTION('',(0.707106781187,0.707106781187,0.));
#283 = AXIS2_PLACEMENT_3D('',#284,#285,#286);
#284 = CARTESIAN_POINT('',(86.25,-83.75,1.595));
#285 = DIRECTION('',(0.,-0.,1.));
#286 = DIRECTION('',(0.707106781187,0.707106781187,0.));
#287 = AXIS2_PLACEMENT_3D('',#288,#289,#290);
#288 = CARTESIAN_POINT('',(83.75,-83.75,1.595));
#289 = DIRECTION('',(0.,-0.,1.));
#290 = DIRECTION('',(0.707106781187,0.707106781187,0.));
#291 = AXIS2_PLACEMENT_3D('',#292,#293,#294);
#292 = CARTESIAN_POINT('',(81.25,-83.75,1.595));
#293 = DIRECTION('',(0.,-0.,1.));
#294 = DIRECTION('',(0.707106781187,0.707106781187,0.));
#295 = AXIS2_PLACEMENT_3D('',#296,#297,#298);
#296 = CARTESIAN_POINT('',(78.75,-83.75,1.595));
#297 = DIRECTION('',(0.,-0.,1.));
#298 = DIRECTION('',(0.707106781187,0.707106781187,0.));
#299 = AXIS2_PLACEMENT_3D('',#300,#301,#302);
#300 = CARTESIAN_POINT('',(76.25,-83.75,1.595));
#301 = DIRECTION('',(0.,-0.,1.));
#302 = DIRECTION('',(0.707106781187,0.707106781187,0.));
#303 = AXIS2_PLACEMENT_3D('',#304,#305,#306);
#304 = CARTESIAN_POINT('',(73.75,-83.75,1.595));
#305 = DIRECTION('',(0.,-0.,1.));
#306 = DIRECTION('',(0.707106781187,0.707106781187,0.));
#307 = AXIS2_PLACEMENT_3D('',#308,#309,#310);
#308 = CARTESIAN_POINT('',(71.25,-83.75,1.595));
#309 = DIRECTION('',(0.,-0.,1.));
#310 = DIRECTION('',(0.707106781187,0.707106781187,0.));
#311 = AXIS2_PLACEMENT_3D('',#312,#313,#314);
#312 = CARTESIAN_POINT('',(71.25,-86.25,1.595));
#313 = DIRECTION('',(0.,-0.,1.));
#314 = DIRECTION('',(0.707106781187,0.707106781187,0.));
#315 = AXIS2_PLACEMENT_3D('',#316,#317,#318);
#316 = CARTESIAN_POINT('',(86.25,-81.25,1.595));
#317 = DIRECTION('',(0.,-0.,1.));
#318 = DIRECTION('',(0.707106781187,0.707106781187,0.));
#319 = AXIS2_PLACEMENT_3D('',#320,#321,#322);
#320 = CARTESIAN_POINT('',(83.75,-81.25,1.595));
#321 = DIRECTION('',(0.,-0.,1.));
#322 = DIRECTION('',(0.707106781187,0.707106781187,0.));
#323 = AXIS2_PLACEMENT_3D('',#324,#325,#326);
#324 = CARTESIAN_POINT('',(81.25,-81.25,1.595));
#325 = DIRECTION('',(0.,-0.,1.));
#326 = DIRECTION('',(0.707106781187,0.707106781187,0.));
#327 = AXIS2_PLACEMENT_3D('',#328,#329,#330);
#328 = CARTESIAN_POINT('',(78.75,-81.25,1.595));
#329 = DIRECTION('',(0.,-0.,1.));
#330 = DIRECTION('',(0.707106781187,0.707106781187,0.));
#331 = AXIS2_PLACEMENT_3D('',#332,#333,#334);
#332 = CARTESIAN_POINT('',(76.25,-81.25,1.595));
#333 = DIRECTION('',(0.,-0.,1.));
#334 = DIRECTION('',(0.707106781187,0.707106781187,0.));
#335 = AXIS2_PLACEMENT_3D('',#336,#337,#338);
#336 = CARTESIAN_POINT('',(73.75,-81.25,1.595));
#337 = DIRECTION('',(0.,-0.,1.));
#338 = DIRECTION('',(0.707106781187,0.707106781187,0.));
#339 = AXIS2_PLACEMENT_3D('',#340,#341,#342);
#340 = CARTESIAN_POINT('',(71.25,-81.25,1.595));
#341 = DIRECTION('',(0.,-0.,1.));
#342 = DIRECTION('',(0.707106781187,0.707106781187,0.));
#343 = AXIS2_PLACEMENT_3D('',#344,#345,#346);
#344 = CARTESIAN_POINT('',(88.75,-78.75,1.595));
#345 = DIRECTION('',(0.,-0.,1.));
#346 = DIRECTION('',(0.707106781187,0.707106781187,0.));
#347 = AXIS2_PLACEMENT_3D('',#348,#349,#350);
#348 = CARTESIAN_POINT('',(73.75,-86.25,1.595));
#349 = DIRECTION('',(0.,-0.,1.));
#350 = DIRECTION('',(0.707106781187,0.707106781187,0.));
#351 = AXIS2_PLACEMENT_3D('',#352,#353,#354);
#352 = CARTESIAN_POINT('',(76.25,-86.25,1.595));
#353 = DIRECTION('',(0.,-0.,1.));
#354 = DIRECTION('',(0.707106781187,0.707106781187,0.));
#355 = AXIS2_PLACEMENT_3D('',#356,#357,#358);
#356 = CARTESIAN_POINT('',(78.75,-86.25,1.595));
#357 = DIRECTION('',(0.,-0.,1.));
#358 = DIRECTION('',(0.707106781187,0.707106781187,0.));
#359 = AXIS2_PLACEMENT_3D('',#360,#361,#362);
#360 = CARTESIAN_POINT('',(81.25,-86.25,1.595));
#361 = DIRECTION('',(0.,-0.,1.));
#362 = DIRECTION('',(0.707106781187,0.707106781187,0.));
#363 = AXIS2_PLACEMENT_3D('',#364,#365,#366);
#364 = CARTESIAN_POINT('',(83.75,-86.25,1.595));
#365 = DIRECTION('',(0.,-0.,1.));
#366 = DIRECTION('',(0.707106781187,0.707106781187,0.));
#367 = AXIS2_PLACEMENT_3D('',#368,#369,#370);
#368 = CARTESIAN_POINT('',(86.25,-86.25,1.595));
#369 = DIRECTION('',(0.,-0.,1.));
#370 = DIRECTION('',(0.707106781187,0.707106781187,0.));
#371 = AXIS2_PLACEMENT_3D('',#372,#373,#374);
#372 = CARTESIAN_POINT('',(88.75,-86.25,1.595));
#373 = DIRECTION('',(0.,-0.,1.));
#374 = DIRECTION('',(0.707106781187,0.707106781187,0.));
#375 = AXIS2_PLACEMENT_3D('',#376,#377,#378);
#376 = CARTESIAN_POINT('',(71.25,-88.75,1.595));
#377 = DIRECTION('',(0.,-0.,1.));
#378 = DIRECTION('',(0.707106781187,0.707106781187,0.));
#379 = AXIS2_PLACEMENT_3D('',#380,#381,#382);
#380 = CARTESIAN_POINT('',(73.75,-88.75,1.595));
#381 = DIRECTION('',(0.,-0.,1.));
#382 = DIRECTION('',(0.707106781187,0.707106781187,0.));
#383 = AXIS2_PLACEMENT_3D('',#384,#385,#386);
#384 = CARTESIAN_POINT('',(76.25,-88.75,1.595));
#385 = DIRECTION('',(0.,-0.,1.));
#386 = DIRECTION('',(0.707106781187,0.707106781187,0.));
#387 = AXIS2_PLACEMENT_3D('',#388,#389,#390);
#388 = CARTESIAN_POINT('',(78.75,-88.75,1.595));
#389 = DIRECTION('',(0.,-0.,1.));
#390 = DIRECTION('',(0.707106781187,0.707106781187,0.));
#391 = AXIS2_PLACEMENT_3D('',#392,#393,#394);
#392 = CARTESIAN_POINT('',(81.25,-88.75,1.595));
#393 = DIRECTION('',(0.,-0.,1.));
#394 = DIRECTION('',(0.707106781187,0.707106781187,0.));
#395 = AXIS2_PLACEMENT_3D('',#396,#397,#398);
#396 = CARTESIAN_POINT('',(83.75,-88.75,1.595));
#397 = DIRECTION('',(0.,-0.,1.));
#398 = DIRECTION('',(0.707106781187,0.707106781187,0.));
#399 = AXIS2_PLACEMENT_3D('',#400,#401,#402);
#400 = CARTESIAN_POINT('',(86.25,-88.75,1.595));
#401 = DIRECTION('',(0.,-0.,1.));
#402 = DIRECTION('',(0.707106781187,0.707106781187,0.));
#403 = AXIS2_PLACEMENT_3D('',#404,#405,#406);
#404 = CARTESIAN_POINT('',(88.75,-88.75,1.595));
#405 = DIRECTION('',(0.,-0.,1.));
#406 = DIRECTION('',(0.707106781187,0.707106781187,0.));
#407 = AXIS2_PLACEMENT_3D('',#408,#409,#410);
#408 = CARTESIAN_POINT('',(88.75,-73.75,1.595));
#409 = DIRECTION('',(0.,-0.,1.));
#410 = DIRECTION('',(0.707106781187,0.707106781187,0.));
#411 = AXIS2_PLACEMENT_3D('',#412,#413,#414);
#412 = CARTESIAN_POINT('',(71.25,-71.25,1.595));
#413 = DIRECTION('',(0.,-0.,1.));
#414 = DIRECTION('',(0.707106781187,0.707106781187,0.));
#415 = AXIS2_PLACEMENT_3D('',#416,#417,#418);
#416 = CARTESIAN_POINT('',(73.75,-71.25,1.595));
#417 = DIRECTION('',(0.,-0.,1.));
#418 = DIRECTION('',(0.707106781187,0.707106781187,0.));
#419 = AXIS2_PLACEMENT_3D('',#420,#421,#422);
#420 = CARTESIAN_POINT('',(76.25,-71.25,1.595));
#421 = DIRECTION('',(0.,-0.,1.));
#422 = DIRECTION('',(0.707106781187,0.707106781187,0.));
#423 = AXIS2_PLACEMENT_3D('',#424,#425,#426);
#424 = CARTESIAN_POINT('',(78.75,-71.25,1.595));
#425 = DIRECTION('',(0.,-0.,1.));
#426 = DIRECTION('',(0.707106781187,0.707106781187,0.));
#427 = AXIS2_PLACEMENT_3D('',#428,#429,#430);
#428 = CARTESIAN_POINT('',(81.25,-71.25,1.595));
#429 = DIRECTION('',(0.,-0.,1.));
#430 = DIRECTION('',(0.707106781187,0.707106781187,0.));
#431 = AXIS2_PLACEMENT_3D('',#432,#433,#434);
#432 = CARTESIAN_POINT('',(83.75,-71.25,1.595));
#433 = DIRECTION('',(0.,-0.,1.));
#434 = DIRECTION('',(0.707106781187,0.707106781187,0.));
#435 = AXIS2_PLACEMENT_3D('',#436,#437,#438);
#436 = CARTESIAN_POINT('',(86.25,-71.25,1.595));
#437 = DIRECTION('',(0.,-0.,1.));
#438 = DIRECTION('',(0.707106781187,0.707106781187,0.));
#439 = AXIS2_PLACEMENT_3D('',#440,#441,#442);
#440 = CARTESIAN_POINT('',(88.75,-71.25,1.595));
#441 = DIRECTION('',(0.,-0.,1.));
#442 = DIRECTION('',(0.707106781187,0.707106781187,0.));
#443 = AXIS2_PLACEMENT_3D('',#444,#445,#446);
#444 = CARTESIAN_POINT('',(71.25,-73.75,1.595));
#445 = DIRECTION('',(0.,-0.,1.));
#446 = DIRECTION('',(0.707106781187,0.707106781187,0.));
#447 = AXIS2_PLACEMENT_3D('',#448,#449,#450);
#448 = CARTESIAN_POINT('',(73.75,-73.75,1.595));
#449 = DIRECTION('',(0.,-0.,1.));
#450 = DIRECTION('',(0.707106781187,0.707106781187,0.));
#451 = AXIS2_PLACEMENT_3D('',#452,#453,#454);
#452 = CARTESIAN_POINT('',(76.25,-73.75,1.595));
#453 = DIRECTION('',(0.,-0.,1.));
#454 = DIRECTION('',(0.707106781187,0.707106781187,0.));
#455 = AXIS2_PLACEMENT_3D('',#456,#457,#458);
#456 = CARTESIAN_POINT('',(78.75,-73.75,1.595));
#457 = DIRECTION('',(0.,-0.,1.));
#458 = DIRECTION('',(0.707106781187,0.707106781187,0.));
#459 = AXIS2_PLACEMENT_3D('',#460,#461,#462);
#460 = CARTESIAN_POINT('',(81.25,-73.75,1.595));
#461 = DIRECTION('',(0.,-0.,1.));
#462 = DIRECTION('',(0.707106781187,0.707106781187,0.));
#463 = AXIS2_PLACEMENT_3D('',#464,#465,#466);
#464 = CARTESIAN_POINT('',(83.75,-73.75,1.595));
#465 = DIRECTION('',(0.,-0.,1.));
#466 = DIRECTION('',(0.707106781187,0.707106781187,0.));
#467 = AXIS2_PLACEMENT_3D('',#468,#469,#470);
#468 = CARTESIAN_POINT('',(86.25,-73.75,1.595));
#469 = DIRECTION('',(0.,-0.,1.));
#470 = DIRECTION('',(0.707106781187,0.707106781187,0.));
#471 = AXIS2_PLACEMENT_3D('',#472,#473,#474);
#472 = CARTESIAN_POINT('',(88.75,-68.75,1.595));
#473 = DIRECTION('',(0.,-0.,1.));
#474 = DIRECTION('',(0.707106781187,0.707106781187,0.));
#475 = AXIS2_PLACEMENT_3D('',#476,#477,#478);
#476 = CARTESIAN_POINT('',(71.25,-76.25,1.595));
#477 = DIRECTION('',(0.,-0.,1.));
#478 = DIRECTION('',(0.707106781187,0.707106781187,0.));
#479 = AXIS2_PLACEMENT_3D('',#480,#481,#482);
#480 = CARTESIAN_POINT('',(73.75,-76.25,1.595));
#481 = DIRECTION('',(0.,-0.,1.));
#482 = DIRECTION('',(0.707106781187,0.707106781187,0.));
#483 = AXIS2_PLACEMENT_3D('',#484,#485,#486);
#484 = CARTESIAN_POINT('',(76.25,-76.25,1.595));
#485 = DIRECTION('',(0.,-0.,1.));
#486 = DIRECTION('',(0.707106781187,0.707106781187,0.));
#487 = AXIS2_PLACEMENT_3D('',#488,#489,#490);
#488 = CARTESIAN_POINT('',(78.75,-76.25,1.595));
#489 = DIRECTION('',(0.,-0.,1.));
#490 = DIRECTION('',(0.707106781187,0.707106781187,0.));
#491 = AXIS2_PLACEMENT_3D('',#492,#493,#494);
#492 = CARTESIAN_POINT('',(81.25,-76.25,1.595));
#493 = DIRECTION('',(0.,-0.,1.));
#494 = DIRECTION('',(0.707106781187,0.707106781187,0.));
#495 = AXIS2_PLACEMENT_3D('',#496,#497,#498);
#496 = CARTESIAN_POINT('',(83.75,-76.25,1.595));
#497 = DIRECTION('',(0.,-0.,1.));
#498 = DIRECTION('',(0.707106781187,0.707106781187,0.));
#499 = AXIS2_PLACEMENT_3D('',#500,#501,#502);
#500 = CARTESIAN_POINT('',(86.25,-76.25,1.595));
#501 = DIRECTION('',(0.,-0.,1.));
#502 = DIRECTION('',(0.707106781187,0.707106781187,0.));
#503 = AXIS2_PLACEMENT_3D('',#504,#505,#506);
#504 = CARTESIAN_POINT('',(88.75,-76.25,1.595));
#505 = DIRECTION('',(0.,-0.,1.));
#506 = DIRECTION('',(0.707106781187,0.707106781187,0.));
#507 = AXIS2_PLACEMENT_3D('',#508,#509,#510);
#508 = CARTESIAN_POINT('',(71.25,-78.75,1.595));
#509 = DIRECTION('',(0.,-0.,1.));
#510 = DIRECTION('',(0.707106781187,0.707106781187,0.));
#511 = AXIS2_PLACEMENT_3D('',#512,#513,#514);
#512 = CARTESIAN_POINT('',(73.75,-78.75,1.595));
#513 = DIRECTION('',(0.,-0.,1.));
#514 = DIRECTION('',(0.707106781187,0.707106781187,0.));
#515 = AXIS2_PLACEMENT_3D('',#516,#517,#518);
#516 = CARTESIAN_POINT('',(76.25,-78.75,1.595));
#517 = DIRECTION('',(0.,-0.,1.));
#518 = DIRECTION('',(0.707106781187,0.707106781187,0.));
#519 = AXIS2_PLACEMENT_3D('',#520,#521,#522);
#520 = CARTESIAN_POINT('',(78.75,-78.75,1.595));
#521 = DIRECTION('',(0.,-0.,1.));
#522 = DIRECTION('',(0.707106781187,0.707106781187,0.));
#523 = AXIS2_PLACEMENT_3D('',#524,#525,#526);
#524 = CARTESIAN_POINT('',(81.25,-78.75,1.595));
#525 = DIRECTION('',(0.,-0.,1.));
#526 = DIRECTION('',(0.707106781187,0.707106781187,0.));
#527 = AXIS2_PLACEMENT_3D('',#528,#529,#530);
#528 = CARTESIAN_POINT('',(83.75,-78.75,1.595));
#529 = DIRECTION('',(0.,-0.,1.));
#530 = DIRECTION('',(0.707106781187,0.707106781187,0.));
#531 = AXIS2_PLACEMENT_3D('',#532,#533,#534);
#532 = CARTESIAN_POINT('',(86.25,-78.75,1.595));
#533 = DIRECTION('',(0.,-0.,1.));
#534 = DIRECTION('',(0.707106781187,0.707106781187,0.));
#535 = AXIS2_PLACEMENT_3D('',#536,#537,#538);
#536 = CARTESIAN_POINT('',(68.75,-63.75,1.595));
#537 = DIRECTION('',(0.,-0.,1.));
#538 = DIRECTION('',(0.707106781187,0.707106781187,0.));
#539 = AXIS2_PLACEMENT_3D('',#540,#541,#542);
#540 = CARTESIAN_POINT('',(51.25,-61.25,1.595));
#541 = DIRECTION('',(0.,-0.,1.));
#542 = DIRECTION('',(0.707106781187,0.707106781187,0.));
#543 = AXIS2_PLACEMENT_3D('',#544,#545,#546);
#544 = CARTESIAN_POINT('',(53.75,-61.25,1.595));
#545 = DIRECTION('',(0.,-0.,1.));
#546 = DIRECTION('',(0.707106781187,0.707106781187,0.));
#547 = AXIS2_PLACEMENT_3D('',#548,#549,#550);
#548 = CARTESIAN_POINT('',(56.25,-61.25,1.595));
#549 = DIRECTION('',(0.,-0.,1.));
#550 = DIRECTION('',(0.707106781187,0.707106781187,0.));
#551 = AXIS2_PLACEMENT_3D('',#552,#553,#554);
#552 = CARTESIAN_POINT('',(58.75,-61.25,1.595));
#553 = DIRECTION('',(0.,-0.,1.));
#554 = DIRECTION('',(0.707106781187,0.707106781187,0.));
#555 = AXIS2_PLACEMENT_3D('',#556,#557,#558);
#556 = CARTESIAN_POINT('',(61.25,-61.25,1.595));
#557 = DIRECTION('',(0.,-0.,1.));
#558 = DIRECTION('',(0.707106781187,0.707106781187,0.));
#559 = AXIS2_PLACEMENT_3D('',#560,#561,#562);
#560 = CARTESIAN_POINT('',(63.75,-61.25,1.595));
#561 = DIRECTION('',(0.,-0.,1.));
#562 = DIRECTION('',(0.707106781187,0.707106781187,0.));
#563 = AXIS2_PLACEMENT_3D('',#564,#565,#566);
#564 = CARTESIAN_POINT('',(66.25,-61.25,1.595));
#565 = DIRECTION('',(0.,-0.,1.));
#566 = DIRECTION('',(0.707106781187,0.707106781187,0.));
#567 = AXIS2_PLACEMENT_3D('',#568,#569,#570);
#568 = CARTESIAN_POINT('',(68.75,-61.25,1.595));
#569 = DIRECTION('',(0.,-0.,1.));
#570 = DIRECTION('',(0.707106781187,0.707106781187,0.));
#571 = AXIS2_PLACEMENT_3D('',#572,#573,#574);
#572 = CARTESIAN_POINT('',(51.25,-63.75,1.595));
#573 = DIRECTION('',(0.,-0.,1.));
#574 = DIRECTION('',(0.707106781187,0.707106781187,0.));
#575 = AXIS2_PLACEMENT_3D('',#576,#577,#578);
#576 = CARTESIAN_POINT('',(53.75,-63.75,1.595));
#577 = DIRECTION('',(0.,-0.,1.));
#578 = DIRECTION('',(0.707106781187,0.707106781187,0.));
#579 = AXIS2_PLACEMENT_3D('',#580,#581,#582);
#580 = CARTESIAN_POINT('',(56.25,-63.75,1.595));
#581 = DIRECTION('',(0.,-0.,1.));
#582 = DIRECTION('',(0.707106781187,0.707106781187,0.));
#583 = AXIS2_PLACEMENT_3D('',#584,#585,#586);
#584 = CARTESIAN_POINT('',(58.75,-63.75,1.595));
#585 = DIRECTION('',(0.,-0.,1.));
#586 = DIRECTION('',(0.707106781187,0.707106781187,0.));
#587 = AXIS2_PLACEMENT_3D('',#588,#589,#590);
#588 = CARTESIAN_POINT('',(61.25,-63.75,1.595));
#589 = DIRECTION('',(0.,-0.,1.));
#590 = DIRECTION('',(0.707106781187,0.707106781187,0.));
#591 = AXIS2_PLACEMENT_3D('',#592,#593,#594);
#592 = CARTESIAN_POINT('',(63.75,-63.75,1.595));
#593 = DIRECTION('',(0.,-0.,1.));
#594 = DIRECTION('',(0.707106781187,0.707106781187,0.));
#595 = AXIS2_PLACEMENT_3D('',#596,#597,#598);
#596 = CARTESIAN_POINT('',(66.25,-63.75,1.595));
#597 = DIRECTION('',(0.,-0.,1.));
#598 = DIRECTION('',(0.707106781187,0.707106781187,0.));
#599 = AXIS2_PLACEMENT_3D('',#600,#601,#602);
#600 = CARTESIAN_POINT('',(68.75,-58.75,1.595));
#601 = DIRECTION('',(0.,-0.,1.));
#602 = DIRECTION('',(0.707106781187,0.707106781187,0.));
#603 = AXIS2_PLACEMENT_3D('',#604,#605,#606);
#604 = CARTESIAN_POINT('',(51.25,-66.25,1.595));
#605 = DIRECTION('',(0.,-0.,1.));
#606 = DIRECTION('',(0.707106781187,0.707106781187,0.));
#607 = AXIS2_PLACEMENT_3D('',#608,#609,#610);
#608 = CARTESIAN_POINT('',(53.75,-66.25,1.595));
#609 = DIRECTION('',(0.,-0.,1.));
#610 = DIRECTION('',(0.707106781187,0.707106781187,0.));
#611 = AXIS2_PLACEMENT_3D('',#612,#613,#614);
#612 = CARTESIAN_POINT('',(56.25,-66.25,1.595));
#613 = DIRECTION('',(0.,-0.,1.));
#614 = DIRECTION('',(0.707106781187,0.707106781187,0.));
#615 = AXIS2_PLACEMENT_3D('',#616,#617,#618);
#616 = CARTESIAN_POINT('',(58.75,-66.25,1.595));
#617 = DIRECTION('',(0.,-0.,1.));
#618 = DIRECTION('',(0.707106781187,0.707106781187,0.));
#619 = AXIS2_PLACEMENT_3D('',#620,#621,#622);
#620 = CARTESIAN_POINT('',(61.25,-66.25,1.595));
#621 = DIRECTION('',(0.,-0.,1.));
#622 = DIRECTION('',(0.707106781187,0.707106781187,0.));
#623 = AXIS2_PLACEMENT_3D('',#624,#625,#626);
#624 = CARTESIAN_POINT('',(63.75,-66.25,1.595));
#625 = DIRECTION('',(0.,-0.,1.));
#626 = DIRECTION('',(0.707106781187,0.707106781187,0.));
#627 = AXIS2_PLACEMENT_3D('',#628,#629,#630);
#628 = CARTESIAN_POINT('',(66.25,-66.25,1.595));
#629 = DIRECTION('',(0.,-0.,1.));
#630 = DIRECTION('',(0.707106781187,0.707106781187,0.));
#631 = AXIS2_PLACEMENT_3D('',#632,#633,#634);
#632 = CARTESIAN_POINT('',(68.75,-66.25,1.595));
#633 = DIRECTION('',(0.,-0.,1.));
#634 = DIRECTION('',(0.707106781187,0.707106781187,0.));
#635 = AXIS2_PLACEMENT_3D('',#636,#637,#638);
#636 = CARTESIAN_POINT('',(51.25,-68.75,1.595));
#637 = DIRECTION('',(0.,-0.,1.));
#638 = DIRECTION('',(0.707106781187,0.707106781187,0.));
#639 = AXIS2_PLACEMENT_3D('',#640,#641,#642);
#640 = CARTESIAN_POINT('',(53.75,-68.75,1.595));
#641 = DIRECTION('',(0.,-0.,1.));
#642 = DIRECTION('',(0.707106781187,0.707106781187,0.));
#643 = AXIS2_PLACEMENT_3D('',#644,#645,#646);
#644 = CARTESIAN_POINT('',(56.25,-68.75,1.595));
#645 = DIRECTION('',(0.,-0.,1.));
#646 = DIRECTION('',(0.707106781187,0.707106781187,0.));
#647 = AXIS2_PLACEMENT_3D('',#648,#649,#650);
#648 = CARTESIAN_POINT('',(58.75,-68.75,1.595));
#649 = DIRECTION('',(0.,-0.,1.));
#650 = DIRECTION('',(0.707106781187,0.707106781187,0.));
#651 = AXIS2_PLACEMENT_3D('',#652,#653,#654);
#652 = CARTESIAN_POINT('',(61.25,-68.75,1.595));
#653 = DIRECTION('',(0.,-0.,1.));
#654 = DIRECTION('',(0.707106781187,0.707106781187,0.));
#655 = AXIS2_PLACEMENT_3D('',#656,#657,#658);
#656 = CARTESIAN_POINT('',(63.75,-68.75,1.595));
#657 = DIRECTION('',(0.,-0.,1.));
#658 = DIRECTION('',(0.707106781187,0.707106781187,0.));
#659 = AXIS2_PLACEMENT_3D('',#660,#661,#662);
#660 = CARTESIAN_POINT('',(66.25,-68.75,1.595));
#661 = DIRECTION('',(0.,-0.,1.));
#662 = DIRECTION('',(0.707106781187,0.707106781187,0.));
#663 = AXIS2_PLACEMENT_3D('',#664,#665,#666);
#664 = CARTESIAN_POINT('',(68.75,-53.75,1.595));
#665 = DIRECTION('',(0.,-0.,1.));
#666 = DIRECTION('',(0.707106781187,0.707106781187,0.));
#667 = AXIS2_PLACEMENT_3D('',#668,#669,#670);
#668 = CARTESIAN_POINT('',(51.25,-51.25,1.595));
#669 = DIRECTION('',(0.,-0.,1.));
#670 = DIRECTION('',(0.707106781187,0.707106781187,0.));
#671 = AXIS2_PLACEMENT_3D('',#672,#673,#674);
#672 = CARTESIAN_POINT('',(53.75,-51.25,1.595));
#673 = DIRECTION('',(0.,-0.,1.));
#674 = DIRECTION('',(0.707106781187,0.707106781187,0.));
#675 = AXIS2_PLACEMENT_3D('',#676,#677,#678);
#676 = CARTESIAN_POINT('',(56.25,-51.25,1.595));
#677 = DIRECTION('',(0.,-0.,1.));
#678 = DIRECTION('',(0.707106781187,0.707106781187,0.));
#679 = AXIS2_PLACEMENT_3D('',#680,#681,#682);
#680 = CARTESIAN_POINT('',(58.75,-51.25,1.595));
#681 = DIRECTION('',(0.,-0.,1.));
#682 = DIRECTION('',(0.707106781187,0.707106781187,0.));
#683 = AXIS2_PLACEMENT_3D('',#684,#685,#686);
#684 = CARTESIAN_POINT('',(61.25,-51.25,1.595));
#685 = DIRECTION('',(0.,-0.,1.));
#686 = DIRECTION('',(0.707106781187,0.707106781187,0.));
#687 = AXIS2_PLACEMENT_3D('',#688,#689,#690);
#688 = CARTESIAN_POINT('',(63.75,-51.25,1.595));
#689 = DIRECTION('',(0.,-0.,1.));
#690 = DIRECTION('',(0.707106781187,0.707106781187,0.));
#691 = AXIS2_PLACEMENT_3D('',#692,#693,#694);
#692 = CARTESIAN_POINT('',(66.25,-51.25,1.595));
#693 = DIRECTION('',(0.,-0.,1.));
#694 = DIRECTION('',(0.707106781187,0.707106781187,0.));
#695 = AXIS2_PLACEMENT_3D('',#696,#697,#698);
#696 = CARTESIAN_POINT('',(68.75,-51.25,1.595));
#697 = DIRECTION('',(0.,-0.,1.));
#698 = DIRECTION('',(0.707106781187,0.707106781187,0.));
#699 = AXIS2_PLACEMENT_3D('',#700,#701,#702);
#700 = CARTESIAN_POINT('',(51.25,-53.75,1.595));
#701 = DIRECTION('',(0.,-0.,1.));
#702 = DIRECTION('',(0.707106781187,0.707106781187,0.));
#703 = AXIS2_PLACEMENT_3D('',#704,#705,#706);
#704 = CARTESIAN_POINT('',(53.75,-53.75,1.595));
#705 = DIRECTION('',(0.,-0.,1.));
#706 = DIRECTION('',(0.707106781187,0.707106781187,0.));
#707 = AXIS2_PLACEMENT_3D('',#708,#709,#710);
#708 = CARTESIAN_POINT('',(56.25,-53.75,1.595));
#709 = DIRECTION('',(0.,-0.,1.));
#710 = DIRECTION('',(0.707106781187,0.707106781187,0.));
#711 = AXIS2_PLACEMENT_3D('',#712,#713,#714);
#712 = CARTESIAN_POINT('',(58.75,-53.75,1.595));
#713 = DIRECTION('',(0.,-0.,1.));
#714 = DIRECTION('',(0.707106781187,0.707106781187,0.));
#715 = AXIS2_PLACEMENT_3D('',#716,#717,#718);
#716 = CARTESIAN_POINT('',(61.25,-53.75,1.595));
#717 = DIRECTION('',(0.,-0.,1.));
#718 = DIRECTION('',(0.707106781187,0.707106781187,0.));
#719 = AXIS2_PLACEMENT_3D('',#720,#721,#722);
#720 = CARTESIAN_POINT('',(63.75,-53.75,1.595));
#721 = DIRECTION('',(0.,-0.,1.));
#722 = DIRECTION('',(0.707106781187,0.707106781187,0.));
#723 = AXIS2_PLACEMENT_3D('',#724,#725,#726);
#724 = CARTESIAN_POINT('',(66.25,-53.75,1.595));
#725 = DIRECTION('',(0.,-0.,1.));
#726 = DIRECTION('',(0.707106781187,0.707106781187,0.));
#727 = AXIS2_PLACEMENT_3D('',#728,#729,#730);
#728 = CARTESIAN_POINT('',(63.75,-88.75,1.595));
#729 = DIRECTION('',(0.,-0.,1.));
#730 = DIRECTION('',(0.707106781187,0.707106781187,0.));
#731 = AXIS2_PLACEMENT_3D('',#732,#733,#734);
#732 = CARTESIAN_POINT('',(51.25,-56.25,1.595));
#733 = DIRECTION('',(0.,-0.,1.));
#734 = DIRECTION('',(0.707106781187,0.707106781187,0.));
#735 = AXIS2_PLACEMENT_3D('',#736,#737,#738);
#736 = CARTESIAN_POINT('',(53.75,-56.25,1.595));
#737 = DIRECTION('',(0.,-0.,1.));
#738 = DIRECTION('',(0.707106781187,0.707106781187,0.));
#739 = AXIS2_PLACEMENT_3D('',#740,#741,#742);
#740 = CARTESIAN_POINT('',(56.25,-56.25,1.595));
#741 = DIRECTION('',(0.,-0.,1.));
#742 = DIRECTION('',(0.707106781187,0.707106781187,0.));
#743 = AXIS2_PLACEMENT_3D('',#744,#745,#746);
#744 = CARTESIAN_POINT('',(58.75,-56.25,1.595));
#745 = DIRECTION('',(0.,-0.,1.));
#746 = DIRECTION('',(0.707106781187,0.707106781187,0.));
#747 = AXIS2_PLACEMENT_3D('',#748,#749,#750);
#748 = CARTESIAN_POINT('',(61.25,-56.25,1.595));
#749 = DIRECTION('',(0.,-0.,1.));
#750 = DIRECTION('',(0.707106781187,0.707106781187,0.));
#751 = AXIS2_PLACEMENT_3D('',#752,#753,#754);
#752 = CARTESIAN_POINT('',(63.75,-56.25,1.595));
#753 = DIRECTION('',(0.,-0.,1.));
#754 = DIRECTION('',(0.707106781187,0.707106781187,0.));
#755 = AXIS2_PLACEMENT_3D('',#756,#757,#758);
#756 = CARTESIAN_POINT('',(66.25,-56.25,1.595));
#757 = DIRECTION('',(0.,-0.,1.));
#758 = DIRECTION('',(0.707106781187,0.707106781187,0.));
#759 = AXIS2_PLACEMENT_3D('',#760,#761,#762);
#760 = CARTESIAN_POINT('',(68.75,-56.25,1.595));
#761 = DIRECTION('',(0.,-0.,1.));
#762 = DIRECTION('',(0.707106781187,0.707106781187,0.));
#763 = AXIS2_PLACEMENT_3D('',#764,#765,#766);
#764 = CARTESIAN_POINT('',(51.25,-58.75,1.595));
#765 = DIRECTION('',(0.,-0.,1.));
#766 = DIRECTION('',(0.707106781187,0.707106781187,0.));
#767 = AXIS2_PLACEMENT_3D('',#768,#769,#770);
#768 = CARTESIAN_POINT('',(53.75,-58.75,1.595));
#769 = DIRECTION('',(0.,-0.,1.));
#770 = DIRECTION('',(0.707106781187,0.707106781187,0.));
#771 = AXIS2_PLACEMENT_3D('',#772,#773,#774);
#772 = CARTESIAN_POINT('',(56.25,-58.75,1.595));
#773 = DIRECTION('',(0.,-0.,1.));
#774 = DIRECTION('',(0.707106781187,0.707106781187,0.));
#775 = AXIS2_PLACEMENT_3D('',#776,#777,#778);
#776 = CARTESIAN_POINT('',(58.75,-58.75,1.595));
#777 = DIRECTION('',(0.,-0.,1.));
#778 = DIRECTION('',(0.707106781187,0.707106781187,0.));
#779 = AXIS2_PLACEMENT_3D('',#780,#781,#782);
#780 = CARTESIAN_POINT('',(61.25,-58.75,1.595));
#781 = DIRECTION('',(0.,-0.,1.));
#782 = DIRECTION('',(0.707106781187,0.707106781187,0.));
#783 = AXIS2_PLACEMENT_3D('',#784,#785,#786);
#784 = CARTESIAN_POINT('',(63.75,-58.75,1.595));
#785 = DIRECTION('',(0.,-0.,1.));
#786 = DIRECTION('',(0.707106781187,0.707106781187,0.));
#787 = AXIS2_PLACEMENT_3D('',#788,#789,#790);
#788 = CARTESIAN_POINT('',(66.25,-58.75,1.595));
#789 = DIRECTION('',(0.,-0.,1.));
#790 = DIRECTION('',(0.707106781187,0.707106781187,0.));
#791 = AXIS2_PLACEMENT_3D('',#792,#793,#794);
#792 = CARTESIAN_POINT('',(66.25,-83.75,1.595));
#793 = DIRECTION('',(0.,-0.,1.));
#794 = DIRECTION('',(0.707106781187,0.707106781187,0.));
#795 = AXIS2_PLACEMENT_3D('',#796,#797,#798);
#796 = CARTESIAN_POINT('',(68.75,-78.75,1.595));
#797 = DIRECTION('',(0.,-0.,1.));
#798 = DIRECTION('',(0.707106781187,0.707106781187,0.));
#799 = AXIS2_PLACEMENT_3D('',#800,#801,#802);
#800 = CARTESIAN_POINT('',(51.25,-81.25,1.595));
#801 = DIRECTION('',(0.,-0.,1.));
#802 = DIRECTION('',(0.707106781187,0.707106781187,0.));
#803 = AXIS2_PLACEMENT_3D('',#804,#805,#806);
#804 = CARTESIAN_POINT('',(53.75,-81.25,1.595));
#805 = DIRECTION('',(0.,-0.,1.));
#806 = DIRECTION('',(0.707106781187,0.707106781187,0.));
#807 = AXIS2_PLACEMENT_3D('',#808,#809,#810);
#808 = CARTESIAN_POINT('',(56.25,-81.25,1.595));
#809 = DIRECTION('',(0.,-0.,1.));
#810 = DIRECTION('',(0.707106781187,0.707106781187,0.));
#811 = AXIS2_PLACEMENT_3D('',#812,#813,#814);
#812 = CARTESIAN_POINT('',(58.75,-81.25,1.595));
#813 = DIRECTION('',(0.,-0.,1.));
#814 = DIRECTION('',(0.707106781187,0.707106781187,0.));
#815 = AXIS2_PLACEMENT_3D('',#816,#817,#818);
#816 = CARTESIAN_POINT('',(61.25,-81.25,1.595));
#817 = DIRECTION('',(0.,-0.,1.));
#818 = DIRECTION('',(0.707106781187,0.707106781187,0.));
#819 = AXIS2_PLACEMENT_3D('',#820,#821,#822);
#820 = CARTESIAN_POINT('',(63.75,-81.25,1.595));
#821 = DIRECTION('',(0.,-0.,1.));
#822 = DIRECTION('',(0.707106781187,0.707106781187,0.));
#823 = AXIS2_PLACEMENT_3D('',#824,#825,#826);
#824 = CARTESIAN_POINT('',(66.25,-81.25,1.595));
#825 = DIRECTION('',(0.,-0.,1.));
#826 = DIRECTION('',(0.707106781187,0.707106781187,0.));
#827 = AXIS2_PLACEMENT_3D('',#828,#829,#830);
#828 = CARTESIAN_POINT('',(68.75,-81.25,1.595));
#829 = DIRECTION('',(0.,-0.,1.));
#830 = DIRECTION('',(0.707106781187,0.707106781187,0.));
#831 = AXIS2_PLACEMENT_3D('',#832,#833,#834);
#832 = CARTESIAN_POINT('',(51.25,-83.75,1.595));
#833 = DIRECTION('',(0.,-0.,1.));
#834 = DIRECTION('',(0.707106781187,0.707106781187,0.));
#835 = AXIS2_PLACEMENT_3D('',#836,#837,#838);
#836 = CARTESIAN_POINT('',(53.75,-83.75,1.595));
#837 = DIRECTION('',(0.,-0.,1.));
#838 = DIRECTION('',(0.707106781187,0.707106781187,0.));
#839 = AXIS2_PLACEMENT_3D('',#840,#841,#842);
#840 = CARTESIAN_POINT('',(56.25,-83.75,1.595));
#841 = DIRECTION('',(0.,-0.,1.));
#842 = DIRECTION('',(0.707106781187,0.707106781187,0.));
#843 = AXIS2_PLACEMENT_3D('',#844,#845,#846);
#844 = CARTESIAN_POINT('',(58.75,-83.75,1.595));
#845 = DIRECTION('',(0.,-0.,1.));
#846 = DIRECTION('',(0.707106781187,0.707106781187,0.));
#847 = AXIS2_PLACEMENT_3D('',#848,#849,#850);
#848 = CARTESIAN_POINT('',(61.25,-83.75,1.595));
#849 = DIRECTION('',(0.,-0.,1.));
#850 = DIRECTION('',(0.707106781187,0.707106781187,0.));
#851 = AXIS2_PLACEMENT_3D('',#852,#853,#854);
#852 = CARTESIAN_POINT('',(63.75,-83.75,1.595));
#853 = DIRECTION('',(0.,-0.,1.));
#854 = DIRECTION('',(0.707106781187,0.707106781187,0.));
#855 = AXIS2_PLACEMENT_3D('',#856,#857,#858);
#856 = CARTESIAN_POINT('',(51.25,-71.25,1.595));
#857 = DIRECTION('',(0.,-0.,1.));
#858 = DIRECTION('',(0.707106781187,0.707106781187,0.));
#859 = AXIS2_PLACEMENT_3D('',#860,#861,#862);
#860 = CARTESIAN_POINT('',(68.75,-83.75,1.595));
#861 = DIRECTION('',(0.,-0.,1.));
#862 = DIRECTION('',(0.707106781187,0.707106781187,0.));
#863 = AXIS2_PLACEMENT_3D('',#864,#865,#866);
#864 = CARTESIAN_POINT('',(51.25,-86.25,1.595));
#865 = DIRECTION('',(0.,-0.,1.));
#866 = DIRECTION('',(0.707106781187,0.707106781187,0.));
#867 = AXIS2_PLACEMENT_3D('',#868,#869,#870);
#868 = CARTESIAN_POINT('',(53.75,-86.25,1.595));
#869 = DIRECTION('',(0.,-0.,1.));
#870 = DIRECTION('',(0.707106781187,0.707106781187,0.));
#871 = AXIS2_PLACEMENT_3D('',#872,#873,#874);
#872 = CARTESIAN_POINT('',(56.25,-86.25,1.595));
#873 = DIRECTION('',(0.,-0.,1.));
#874 = DIRECTION('',(0.707106781187,0.707106781187,0.));
#875 = AXIS2_PLACEMENT_3D('',#876,#877,#878);
#876 = CARTESIAN_POINT('',(58.75,-86.25,1.595));
#877 = DIRECTION('',(0.,-0.,1.));
#878 = DIRECTION('',(0.707106781187,0.707106781187,0.));
#879 = AXIS2_PLACEMENT_3D('',#880,#881,#882);
#880 = CARTESIAN_POINT('',(61.25,-86.25,1.595));
#881 = DIRECTION('',(0.,-0.,1.));
#882 = DIRECTION('',(0.707106781187,0.707106781187,0.));
#883 = AXIS2_PLACEMENT_3D('',#884,#885,#886);
#884 = CARTESIAN_POINT('',(63.75,-86.25,1.595));
#885 = DIRECTION('',(0.,-0.,1.));
#886 = DIRECTION('',(0.707106781187,0.707106781187,0.));
#887 = AXIS2_PLACEMENT_3D('',#888,#889,#890);
#888 = CARTESIAN_POINT('',(68.75,-86.25,1.595));
#889 = DIRECTION('',(0.,-0.,1.));
#890 = DIRECTION('',(0.707106781187,0.707106781187,0.));
#891 = AXIS2_PLACEMENT_3D('',#892,#893,#894);
#892 = CARTESIAN_POINT('',(51.25,-88.75,1.595));
#893 = DIRECTION('',(0.,-0.,1.));
#894 = DIRECTION('',(0.707106781187,0.707106781187,0.));
#895 = AXIS2_PLACEMENT_3D('',#896,#897,#898);
#896 = CARTESIAN_POINT('',(53.75,-88.75,1.595));
#897 = DIRECTION('',(0.,-0.,1.));
#898 = DIRECTION('',(0.707106781187,0.707106781187,0.));
#899 = AXIS2_PLACEMENT_3D('',#900,#901,#902);
#900 = CARTESIAN_POINT('',(56.25,-88.75,1.595));
#901 = DIRECTION('',(0.,-0.,1.));
#902 = DIRECTION('',(0.707106781187,0.707106781187,0.));
#903 = AXIS2_PLACEMENT_3D('',#904,#905,#906);
#904 = CARTESIAN_POINT('',(58.75,-88.75,1.595));
#905 = DIRECTION('',(0.,-0.,1.));
#906 = DIRECTION('',(0.707106781187,0.707106781187,0.));
#907 = AXIS2_PLACEMENT_3D('',#908,#909,#910);
#908 = CARTESIAN_POINT('',(61.25,-88.75,1.595));
#909 = DIRECTION('',(0.,-0.,1.));
#910 = DIRECTION('',(0.707106781187,0.707106781187,0.));
#911 = AXIS2_PLACEMENT_3D('',#912,#913,#914);
#912 = CARTESIAN_POINT('',(66.25,-88.75,1.595));
#913 = DIRECTION('',(0.,-0.,1.));
#914 = DIRECTION('',(0.707106781187,0.707106781187,0.));
#915 = AXIS2_PLACEMENT_3D('',#916,#917,#918);
#916 = CARTESIAN_POINT('',(63.75,-78.75,1.595));
#917 = DIRECTION('',(0.,-0.,1.));
#918 = DIRECTION('',(0.707106781187,0.707106781187,0.));
#919 = AXIS2_PLACEMENT_3D('',#920,#921,#922);
#920 = CARTESIAN_POINT('',(68.75,-68.75,1.595));
#921 = DIRECTION('',(0.,-0.,1.));
#922 = DIRECTION('',(0.707106781187,0.707106781187,0.));
#923 = AXIS2_PLACEMENT_3D('',#924,#925,#926);
#924 = CARTESIAN_POINT('',(53.75,-71.25,1.595));
#925 = DIRECTION('',(0.,-0.,1.));
#926 = DIRECTION('',(0.707106781187,0.707106781187,0.));
#927 = AXIS2_PLACEMENT_3D('',#928,#929,#930);
#928 = CARTESIAN_POINT('',(56.25,-71.25,1.595));
#929 = DIRECTION('',(0.,-0.,1.));
#930 = DIRECTION('',(0.707106781187,0.707106781187,0.));
#931 = AXIS2_PLACEMENT_3D('',#932,#933,#934);
#932 = CARTESIAN_POINT('',(58.75,-71.25,1.595));
#933 = DIRECTION('',(0.,-0.,1.));
#934 = DIRECTION('',(0.707106781187,0.707106781187,0.));
#935 = AXIS2_PLACEMENT_3D('',#936,#937,#938);
#936 = CARTESIAN_POINT('',(61.25,-71.25,1.595));
#937 = DIRECTION('',(0.,-0.,1.));
#938 = DIRECTION('',(0.707106781187,0.707106781187,0.));
#939 = AXIS2_PLACEMENT_3D('',#940,#941,#942);
#940 = CARTESIAN_POINT('',(63.75,-71.25,1.595));
#941 = DIRECTION('',(0.,-0.,1.));
#942 = DIRECTION('',(0.707106781187,0.707106781187,0.));
#943 = AXIS2_PLACEMENT_3D('',#944,#945,#946);
#944 = CARTESIAN_POINT('',(66.25,-71.25,1.595));
#945 = DIRECTION('',(0.,-0.,1.));
#946 = DIRECTION('',(0.707106781187,0.707106781187,0.));
#947 = AXIS2_PLACEMENT_3D('',#948,#949,#950);
#948 = CARTESIAN_POINT('',(66.25,-78.75,1.595));
#949 = DIRECTION('',(0.,-0.,1.));
#950 = DIRECTION('',(0.707106781187,0.707106781187,0.));
#951 = AXIS2_PLACEMENT_3D('',#952,#953,#954);
#952 = CARTESIAN_POINT('',(68.75,-71.25,1.595));
#953 = DIRECTION('',(0.,-0.,1.));
#954 = DIRECTION('',(0.707106781187,0.707106781187,0.));
#955 = AXIS2_PLACEMENT_3D('',#956,#957,#958);
#956 = CARTESIAN_POINT('',(51.25,-73.75,1.595));
#957 = DIRECTION('',(0.,-0.,1.));
#958 = DIRECTION('',(0.707106781187,0.707106781187,0.));
#959 = AXIS2_PLACEMENT_3D('',#960,#961,#962);
#960 = CARTESIAN_POINT('',(53.75,-73.75,1.595));
#961 = DIRECTION('',(0.,-0.,1.));
#962 = DIRECTION('',(0.707106781187,0.707106781187,0.));
#963 = AXIS2_PLACEMENT_3D('',#964,#965,#966);
#964 = CARTESIAN_POINT('',(56.25,-73.75,1.595));
#965 = DIRECTION('',(0.,-0.,1.));
#966 = DIRECTION('',(0.707106781187,0.707106781187,0.));
#967 = AXIS2_PLACEMENT_3D('',#968,#969,#970);
#968 = CARTESIAN_POINT('',(58.75,-73.75,1.595));
#969 = DIRECTION('',(0.,-0.,1.));
#970 = DIRECTION('',(0.707106781187,0.707106781187,0.));
#971 = AXIS2_PLACEMENT_3D('',#972,#973,#974);
#972 = CARTESIAN_POINT('',(61.25,-73.75,1.595));
#973 = DIRECTION('',(0.,-0.,1.));
#974 = DIRECTION('',(0.707106781187,0.707106781187,0.));
#975 = AXIS2_PLACEMENT_3D('',#976,#977,#978);
#976 = CARTESIAN_POINT('',(63.75,-73.75,1.595));
#977 = DIRECTION('',(0.,-0.,1.));
#978 = DIRECTION('',(0.707106781187,0.707106781187,0.));
#979 = AXIS2_PLACEMENT_3D('',#980,#981,#982);
#980 = CARTESIAN_POINT('',(68.75,-73.75,1.595));
#981 = DIRECTION('',(0.,-0.,1.));
#982 = DIRECTION('',(0.707106781187,0.707106781187,0.));
#983 = AXIS2_PLACEMENT_3D('',#984,#985,#986);
#984 = CARTESIAN_POINT('',(66.25,-73.75,1.595));
#985 = DIRECTION('',(0.,-0.,1.));
#986 = DIRECTION('',(0.707106781187,0.707106781187,0.));
#987 = AXIS2_PLACEMENT_3D('',#988,#989,#990);
#988 = CARTESIAN_POINT('',(61.25,-78.75,1.595));
#989 = DIRECTION('',(0.,-0.,1.));
#990 = DIRECTION('',(0.707106781187,0.707106781187,0.));
#991 = AXIS2_PLACEMENT_3D('',#992,#993,#994);
#992 = CARTESIAN_POINT('',(58.75,-78.75,1.595));
#993 = DIRECTION('',(0.,-0.,1.));
#994 = DIRECTION('',(0.707106781187,0.707106781187,0.));
#995 = AXIS2_PLACEMENT_3D('',#996,#997,#998);
#996 = CARTESIAN_POINT('',(56.25,-78.75,1.595));
#997 = DIRECTION('',(0.,-0.,1.));
#998 = DIRECTION('',(0.707106781187,0.707106781187,0.));
#999 = AXIS2_PLACEMENT_3D('',#1000,#1001,#1002);
#1000 = CARTESIAN_POINT('',(53.75,-78.75,1.595));
#1001 = DIRECTION('',(0.,-0.,1.));
#1002 = DIRECTION('',(0.707106781187,0.707106781187,0.));
#1003 = AXIS2_PLACEMENT_3D('',#1004,#1005,#1006);
#1004 = CARTESIAN_POINT('',(51.25,-78.75,1.595));
#1005 = DIRECTION('',(0.,-0.,1.));
#1006 = DIRECTION('',(0.707106781187,0.707106781187,0.));
#1007 = AXIS2_PLACEMENT_3D('',#1008,#1009,#1010);
#1008 = CARTESIAN_POINT('',(68.75,-76.25,1.595));
#1009 = DIRECTION('',(0.,-0.,1.));
#1010 = DIRECTION('',(0.707106781187,0.707106781187,0.));
#1011 = AXIS2_PLACEMENT_3D('',#1012,#1013,#1014);
#1012 = CARTESIAN_POINT('',(66.25,-76.25,1.595));
#1013 = DIRECTION('',(0.,-0.,1.));
#1014 = DIRECTION('',(0.707106781187,0.707106781187,0.));
#1015 = AXIS2_PLACEMENT_3D('',#1016,#1017,#1018);
#1016 = CARTESIAN_POINT('',(63.75,-76.25,1.595));
#1017 = DIRECTION('',(0.,-0.,1.));
#1018 = DIRECTION('',(0.707106781187,0.707106781187,0.));
#1019 = AXIS2_PLACEMENT_3D('',#1020,#1021,#1022);
#1020 = CARTESIAN_POINT('',(61.25,-76.25,1.595));
#1021 = DIRECTION('',(0.,-0.,1.));
#1022 = DIRECTION('',(0.707106781187,0.707106781187,0.));
#1023 = AXIS2_PLACEMENT_3D('',#1024,#1025,#1026);
#1024 = CARTESIAN_POINT('',(58.75,-76.25,1.595));
#1025 = DIRECTION('',(0.,-0.,1.));
#1026 = DIRECTION('',(0.707106781187,0.707106781187,0.));
#1027 = AXIS2_PLACEMENT_3D('',#1028,#1029,#1030);
#1028 = CARTESIAN_POINT('',(56.25,-76.25,1.595));
#1029 = DIRECTION('',(0.,-0.,1.));
#1030 = DIRECTION('',(0.707106781187,0.707106781187,0.));
#1031 = AXIS2_PLACEMENT_3D('',#1032,#1033,#1034);
#1032 = CARTESIAN_POINT('',(53.75,-76.25,1.595));
#1033 = DIRECTION('',(0.,-0.,1.));
#1034 = DIRECTION('',(0.707106781187,0.707106781187,0.));
#1035 = AXIS2_PLACEMENT_3D('',#1036,#1037,#1038);
#1036 = CARTESIAN_POINT('',(51.25,-76.25,1.595));
#1037 = DIRECTION('',(0.,-0.,1.));
#1038 = DIRECTION('',(0.707106781187,0.707106781187,0.));
#1039 = AXIS2_PLACEMENT_3D('',#1040,#1041,#1042);
#1040 = CARTESIAN_POINT('',(83.5,-79.5,-8.5E-02));
#1041 = DIRECTION('',(0.,-1.224646799147E-16,-1.));
#1042 = DIRECTION('',(1.,0.,0.));
#1043 = AXIS2_PLACEMENT_3D('',#1044,#1045,#1046);
#1044 = CARTESIAN_POINT('',(83.5,-63.5,-8.5E-02));
#1045 = DIRECTION('',(0.,-1.224646799147E-16,-1.));
#1046 = DIRECTION('',(1.,0.,0.));
#1047 = AXIS2_PLACEMENT_3D('',#1048,#1049,#1050);
#1048 = CARTESIAN_POINT('',(56.5,-79.5,-8.5E-02));
#1049 = DIRECTION('',(0.,-1.224646799147E-16,-1.));
#1050 = DIRECTION('',(1.,0.,0.));
#1051 = AXIS2_PLACEMENT_3D('',#1052,#1053,#1054);
#1052 = CARTESIAN_POINT('',(56.5,-63.5,-8.5E-02));
#1053 = DIRECTION('',(0.,-1.224646799147E-16,-1.));
#1054 = DIRECTION('',(1.,0.,0.));
#1055 = AXIS2_PLACEMENT_3D('',#1056,#1057,#1058);
#1056 = CARTESIAN_POINT('',(71.254,-51.246,-8.5E-02));
#1057 = DIRECTION('',(8.659560562355E-17,-8.659560562355E-17,-1.));
#1058 = DIRECTION('',(0.707106781187,0.707106781187,0.));
#1059 = AXIS2_PLACEMENT_3D('',#1060,#1061,#1062);
#1060 = CARTESIAN_POINT('',(54.09,-86.52,-8.5E-02));
#1061 = DIRECTION('',(0.,-1.224646799147E-16,-1.));
#1062 = DIRECTION('',(1.,0.,0.));
#1063 = AXIS2_PLACEMENT_3D('',#1064,#1065,#1066);
#1064 = CARTESIAN_POINT('',(82.033,-83.08,-8.5E-02));
#1065 = DIRECTION('',(0.,-1.224646799147E-16,-1.));
#1066 = DIRECTION('',(1.,0.,0.));
#1067 = AXIS2_PLACEMENT_3D('',#1068,#1069,#1070);
#1068 = CARTESIAN_POINT('',(57.915,-58.97,-8.5E-02));
#1069 = DIRECTION('',(1.499759782662E-32,1.224646799147E-16,-1.));
#1070 = DIRECTION('',(-1.,1.224646799147E-16,0.));
#1071 = AXIS2_PLACEMENT_3D('',#1072,#1073,#1074);
#1072 = CARTESIAN_POINT('',(56.02,-56.24,-8.5E-02));
#1073 = DIRECTION('',(1.499759782662E-32,1.224646799147E-16,-1.));
#1074 = DIRECTION('',(-1.,1.224646799147E-16,0.));
#1075 = AXIS2_PLACEMENT_3D('',#1076,#1077,#1078);
#1076 = CARTESIAN_POINT('',(54.11,-54.35,-8.5E-02));
#1077 = DIRECTION('',(0.,-1.224646799147E-16,-1.));
#1078 = DIRECTION('',(1.,0.,0.));
#1079 = AXIS2_PLACEMENT_3D('',#1080,#1081,#1082);
#1080 = CARTESIAN_POINT('',(82.028,-84.61,-8.5E-02));
#1081 = DIRECTION('',(0.,-1.224646799147E-16,-1.));
#1082 = DIRECTION('',(1.,0.,0.));
#1083 = AXIS2_PLACEMENT_3D('',#1084,#1085,#1086);
#1084 = CARTESIAN_POINT('',(56.254,-88.746,-8.5E-02));
#1085 = DIRECTION('',(8.659560562355E-17,-8.659560562355E-17,-1.));
#1086 = DIRECTION('',(0.707106781187,0.707106781187,0.));
#1087 = AXIS2_PLACEMENT_3D('',#1088,#1089,#1090);
#1088 = CARTESIAN_POINT('',(85.843,-84.6,-8.5E-02));
#1089 = DIRECTION('',(1.499759782662E-32,1.224646799147E-16,-1.));
#1090 = DIRECTION('',(-1.,1.224646799147E-16,0.));
#1091 = AXIS2_PLACEMENT_3D('',#1092,#1093,#1094);
#1092 = CARTESIAN_POINT('',(51.25,-88.75,-8.5E-02));
#1093 = DIRECTION('',(8.659560562355E-17,-8.659560562355E-17,-1.));
#1094 = DIRECTION('',(0.707106781187,0.707106781187,0.));
#1095 = AXIS2_PLACEMENT_3D('',#1096,#1097,#1098);
#1096 = CARTESIAN_POINT('',(82.015,-68.72,-8.5E-02));
#1097 = DIRECTION('',(0.,-1.224646799147E-16,-1.));
#1098 = DIRECTION('',(1.,0.,0.));
#1099 = AXIS2_PLACEMENT_3D('',#1100,#1101,#1102);
#1100 = CARTESIAN_POINT('',(82.035,-70.77,-8.5E-02));
#1101 = DIRECTION('',(0.,-1.224646799147E-16,-1.));
#1102 = DIRECTION('',(1.,0.,0.));
#1103 = AXIS2_PLACEMENT_3D('',#1104,#1105,#1106);
#1104 = CARTESIAN_POINT('',(54.085,-73.85,-8.5E-02));
#1105 = DIRECTION('',(0.,-1.224646799147E-16,-1.));
#1106 = DIRECTION('',(1.,0.,0.));
#1107 = AXIS2_PLACEMENT_3D('',#1108,#1109,#1110);
#1108 = CARTESIAN_POINT('',(57.888,-84.61,-8.5E-02));
#1109 = DIRECTION('',(1.499759782662E-32,1.224646799147E-16,-1.));
#1110 = DIRECTION('',(-1.,1.224646799147E-16,0.));
#1111 = AXIS2_PLACEMENT_3D('',#1112,#1113,#1114);
#1112 = CARTESIAN_POINT('',(66.254,-51.246,-8.5E-02));
#1113 = DIRECTION('',(8.659560562355E-17,-8.659560562355E-17,-1.));
#1114 = DIRECTION('',(0.707106781187,0.707106781187,0.));
#1115 = AXIS2_PLACEMENT_3D('',#1116,#1117,#1118);
#1116 = CARTESIAN_POINT('',(71.264,-88.736,-8.5E-02));
#1117 = DIRECTION('',(8.659560562355E-17,-8.659560562355E-17,-1.));
#1118 = DIRECTION('',(0.707106781187,0.707106781187,0.));
#1119 = AXIS2_PLACEMENT_3D('',#1120,#1121,#1122);
#1120 = CARTESIAN_POINT('',(57.905,-54.35,-8.5E-02));
#1121 = DIRECTION('',(1.499759782662E-32,1.224646799147E-16,-1.));
#1122 = DIRECTION('',(-1.,1.224646799147E-16,0.));
#1123 = AXIS2_PLACEMENT_3D('',#1124,#1125,#1126);
#1124 = CARTESIAN_POINT('',(57.92,-52.79,-8.5E-02));
#1125 = DIRECTION('',(1.499759782662E-32,1.224646799147E-16,-1.));
#1126 = DIRECTION('',(-1.,1.224646799147E-16,0.));
#1127 = AXIS2_PLACEMENT_3D('',#1128,#1129,#1130);
#1128 = CARTESIAN_POINT('',(57.895,-67.18,-8.5E-02));
#1129 = DIRECTION('',(1.499759782662E-32,1.224646799147E-16,-1.));
#1130 = DIRECTION('',(-1.,1.224646799147E-16,0.));
#1131 = AXIS2_PLACEMENT_3D('',#1132,#1133,#1134);
#1132 = CARTESIAN_POINT('',(57.915,-59.74,-8.5E-02));
#1133 = DIRECTION('',(1.499759782662E-32,1.224646799147E-16,-1.));
#1134 = DIRECTION('',(-1.,1.224646799147E-16,0.));
#1135 = AXIS2_PLACEMENT_3D('',#1136,#1137,#1138);
#1136 = CARTESIAN_POINT('',(86.264,-88.736,-8.5E-02));
#1137 = DIRECTION('',(8.659560562355E-17,-8.659560562355E-17,-1.));
#1138 = DIRECTION('',(0.707106781187,0.707106781187,0.));
#1139 = AXIS2_PLACEMENT_3D('',#1140,#1141,#1142);
#1140 = CARTESIAN_POINT('',(88.754,-51.256,-8.5E-02));
#1141 = DIRECTION('',(8.659560562355E-17,-8.659560562355E-17,-1.));
#1142 = DIRECTION('',(0.707106781187,0.707106781187,0.));
#1143 = AXIS2_PLACEMENT_3D('',#1144,#1145,#1146);
#1144 = CARTESIAN_POINT('',(81.995,-58.98,-8.5E-02));
#1145 = DIRECTION('',(0.,-1.224646799147E-16,-1.));
#1146 = DIRECTION('',(1.,0.,0.));
#1147 = AXIS2_PLACEMENT_3D('',#1148,#1149,#1150);
#1148 = CARTESIAN_POINT('',(63.744,-51.256,-8.5E-02));
#1149 = DIRECTION('',(8.659560562355E-17,-8.659560562355E-17,-1.));
#1150 = DIRECTION('',(0.707106781187,0.707106781187,0.));
#1151 = AXIS2_PLACEMENT_3D('',#1152,#1153,#1154);
#1152 = CARTESIAN_POINT('',(57.895,-86.51,-8.5E-02));
#1153 = DIRECTION('',(1.499759782662E-32,1.224646799147E-16,-1.));
#1154 = DIRECTION('',(-1.,1.224646799147E-16,0.));
#1155 = AXIS2_PLACEMENT_3D('',#1156,#1157,#1158);
#1156 = CARTESIAN_POINT('',(66.254,-88.746,-8.5E-02));
#1157 = DIRECTION('',(8.659560562355E-17,-8.659560562355E-17,-1.));
#1158 = DIRECTION('',(0.707106781187,0.707106781187,0.));
#1159 = AXIS2_PLACEMENT_3D('',#1160,#1161,#1162);
#1160 = CARTESIAN_POINT('',(83.92,-67.95,-8.5E-02));
#1161 = DIRECTION('',(1.499759782662E-32,1.224646799147E-16,-1.));
#1162 = DIRECTION('',(-1.,1.224646799147E-16,0.));
#1163 = AXIS2_PLACEMENT_3D('',#1164,#1165,#1166);
#1164 = CARTESIAN_POINT('',(54.09,-68.73,-8.5E-02));
#1165 = DIRECTION('',(0.,-1.224646799147E-16,-1.));
#1166 = DIRECTION('',(1.,0.,0.));
#1167 = AXIS2_PLACEMENT_3D('',#1168,#1169,#1170);
#1168 = CARTESIAN_POINT('',(85.825,-75.41,-8.5E-02));
#1169 = DIRECTION('',(1.499759782662E-32,1.224646799147E-16,-1.));
#1170 = DIRECTION('',(-1.,1.224646799147E-16,0.));
#1171 = AXIS2_PLACEMENT_3D('',#1172,#1173,#1174);
#1172 = CARTESIAN_POINT('',(73.764,-88.736,-8.5E-02));
#1173 = DIRECTION('',(8.659560562355E-17,-8.659560562355E-17,-1.));
#1174 = DIRECTION('',(0.707106781187,0.707106781187,0.));
#1175 = AXIS2_PLACEMENT_3D('',#1176,#1177,#1178);
#1176 = CARTESIAN_POINT('',(57.895,-70.8,-8.5E-02));
#1177 = DIRECTION('',(1.499759782662E-32,1.224646799147E-16,-1.));
#1178 = DIRECTION('',(-1.,1.224646799147E-16,0.));
#1179 = AXIS2_PLACEMENT_3D('',#1180,#1181,#1182);
#1180 = CARTESIAN_POINT('',(66.43,-74.215,-8.5E-02));
#1181 = DIRECTION('',(1.224646799147E-16,-1.359631073447E-32,-1.));
#1182 = DIRECTION('',(1.110223024625E-16,1.,0.));
#1183 = AXIS2_PLACEMENT_3D('',#1184,#1185,#1186);
#1184 = CARTESIAN_POINT('',(78.7563,-88.7437,-8.5E-02));
#1185 = DIRECTION('',(8.659560562355E-17,-8.659560562355E-17,-1.));
#1186 = DIRECTION('',(0.707106781187,0.707106781187,0.));
#1187 = AXIS2_PLACEMENT_3D('',#1188,#1189,#1190);
#1188 = CARTESIAN_POINT('',(68.7737,-61.2663,-8.5E-02));
#1189 = DIRECTION('',(-8.659560562355E-17,8.659560562355E-17,-1.));
#1190 = DIRECTION('',(-0.707106781187,-0.707106781187,0.));
#1191 = AXIS2_PLACEMENT_3D('',#1192,#1193,#1194);
#1192 = CARTESIAN_POINT('',(81.244,-88.756,-8.5E-02));
#1193 = DIRECTION('',(8.659560562355E-17,-8.659560562355E-17,-1.));
#1194 = DIRECTION('',(0.707106781187,0.707106781187,0.));
#1195 = AXIS2_PLACEMENT_3D('',#1196,#1197,#1198);
#1196 = CARTESIAN_POINT('',(54.11,-52.8,-8.5E-02));
#1197 = DIRECTION('',(0.,-1.224646799147E-16,-1.));
#1198 = DIRECTION('',(1.,0.,0.));
#1199 = AXIS2_PLACEMENT_3D('',#1200,#1201,#1202);
#1200 = CARTESIAN_POINT('',(73.5525,-83.951,-8.5E-02));
#1201 = DIRECTION('',(-1.224646799147E-16,-1.359631073447E-32,-1.));
#1202 = DIRECTION('',(1.110223024625E-16,-1.,0.));
#1203 = AXIS2_PLACEMENT_3D('',#1204,#1205,#1206);
#1204 = CARTESIAN_POINT('',(57.895,-74.62,-8.5E-02));
#1205 = DIRECTION('',(1.499759782662E-32,1.224646799147E-16,-1.));
#1206 = DIRECTION('',(-1.,1.224646799147E-16,0.));
#1207 = AXIS2_PLACEMENT_3D('',#1208,#1209,#1210);
#1208 = CARTESIAN_POINT('',(85.825,-55.48,-8.5E-02));
#1209 = DIRECTION('',(1.499759782662E-32,1.224646799147E-16,-1.));
#1210 = DIRECTION('',(-1.,1.224646799147E-16,0.));
#1211 = AXIS2_PLACEMENT_3D('',#1212,#1213,#1214);
#1212 = CARTESIAN_POINT('',(54.088,-83.06,-8.5E-02));
#1213 = DIRECTION('',(0.,-1.224646799147E-16,-1.));
#1214 = DIRECTION('',(1.,0.,0.));
#1215 = AXIS2_PLACEMENT_3D('',#1216,#1217,#1218);
#1216 = CARTESIAN_POINT('',(66.45,-56.165,-8.5E-02));
#1217 = DIRECTION('',(1.224646799147E-16,-1.359631073447E-32,-1.));
#1218 = DIRECTION('',(1.110223024625E-16,1.,0.));
#1219 = AXIS2_PLACEMENT_3D('',#1220,#1221,#1222);
#1220 = CARTESIAN_POINT('',(55.99,-74.62,-8.5E-02));
#1221 = DIRECTION('',(1.499759782662E-32,1.224646799147E-16,-1.));
#1222 = DIRECTION('',(-1.,1.224646799147E-16,0.));
#1223 = AXIS2_PLACEMENT_3D('',#1224,#1225,#1226);
#1224 = CARTESIAN_POINT('',(82.023,-85.72,-8.5E-02));
#1225 = DIRECTION('',(0.,-1.224646799147E-16,-1.));
#1226 = DIRECTION('',(1.,0.,0.));
#1227 = AXIS2_PLACEMENT_3D('',#1228,#1229,#1230);
#1228 = CARTESIAN_POINT('',(85.843,-83.83,-8.5E-02));
#1229 = DIRECTION('',(1.499759782662E-32,1.224646799147E-16,-1.));
#1230 = DIRECTION('',(-1.,1.224646799147E-16,0.));
#1231 = AXIS2_PLACEMENT_3D('',#1232,#1233,#1234);
#1232 = CARTESIAN_POINT('',(54.088,-84.61,-8.5E-02));
#1233 = DIRECTION('',(0.,-1.224646799147E-16,-1.));
#1234 = DIRECTION('',(1.,0.,0.));
#1235 = AXIS2_PLACEMENT_3D('',#1236,#1237,#1238);
#1236 = CARTESIAN_POINT('',(57.898,-83.07,-8.5E-02));
#1237 = DIRECTION('',(1.499759782662E-32,1.224646799147E-16,-1.));
#1238 = DIRECTION('',(-1.,1.224646799147E-16,0.));
#1239 = AXIS2_PLACEMENT_3D('',#1240,#1241,#1242);
#1240 = CARTESIAN_POINT('',(53.754,-51.256,-8.5E-02));
#1241 = DIRECTION('',(8.659560562355E-17,-8.659560562355E-17,-1.));
#1242 = DIRECTION('',(0.707106781187,0.707106781187,0.));
#1243 = AXIS2_PLACEMENT_3D('',#1244,#1245,#1246);
#1244 = CARTESIAN_POINT('',(83.922,-74.62,-8.5E-02));
#1245 = DIRECTION('',(1.499759782662E-32,1.224646799147E-16,-1.));
#1246 = DIRECTION('',(-1.,1.224646799147E-16,0.));
#1247 = AXIS2_PLACEMENT_3D('',#1248,#1249,#1250);
#1248 = CARTESIAN_POINT('',(54.11,-59.75,-8.5E-02));
#1249 = DIRECTION('',(0.,-1.224646799147E-16,-1.));
#1250 = DIRECTION('',(1.,0.,0.));
#1251 = AXIS2_PLACEMENT_3D('',#1252,#1253,#1254);
#1252 = CARTESIAN_POINT('',(68.7463,-88.7537,-8.5E-02));
#1253 = DIRECTION('',(8.659560562355E-17,-8.659560562355E-17,-1.));
#1254 = DIRECTION('',(0.707106781187,0.707106781187,0.));
#1255 = AXIS2_PLACEMENT_3D('',#1256,#1257,#1258);
#1256 = CARTESIAN_POINT('',(54.095,-72.34,-8.5E-02));
#1257 = DIRECTION('',(0.,-1.224646799147E-16,-1.));
#1258 = DIRECTION('',(1.,0.,0.));
#1259 = AXIS2_PLACEMENT_3D('',#1260,#1261,#1262);
#1260 = CARTESIAN_POINT('',(54.123,-57.02,-8.5E-02));
#1261 = DIRECTION('',(0.,-1.224646799147E-16,-1.));
#1262 = DIRECTION('',(1.,0.,0.));
#1263 = AXIS2_PLACEMENT_3D('',#1264,#1265,#1266);
#1264 = CARTESIAN_POINT('',(85.833,-87.26,-8.5E-02));
#1265 = DIRECTION('',(1.499759782662E-32,1.224646799147E-16,-1.));
#1266 = DIRECTION('',(-1.,1.224646799147E-16,0.));
#1267 = AXIS2_PLACEMENT_3D('',#1268,#1269,#1270);
#1268 = CARTESIAN_POINT('',(85.825,-56.25,-8.5E-02));
#1269 = DIRECTION('',(1.499759782662E-32,1.224646799147E-16,-1.));
#1270 = DIRECTION('',(-1.,1.224646799147E-16,0.));
#1271 = AXIS2_PLACEMENT_3D('',#1272,#1273,#1274);
#1272 = CARTESIAN_POINT('',(68.754,-51.256,-8.5E-02));
#1273 = DIRECTION('',(8.659560562355E-17,-8.659560562355E-17,-1.));
#1274 = DIRECTION('',(0.707106781187,0.707106781187,0.));
#1275 = AXIS2_PLACEMENT_3D('',#1276,#1277,#1278);
#1276 = CARTESIAN_POINT('',(73.54,-65.9165,-8.5E-02));
#1277 = DIRECTION('',(-1.224646799147E-16,-1.359631073447E-32,-1.));
#1278 = DIRECTION('',(1.110223024625E-16,-1.,0.));
#1279 = AXIS2_PLACEMENT_3D('',#1280,#1281,#1282);
#1280 = CARTESIAN_POINT('',(54.085,-85.75,-8.5E-02));
#1281 = DIRECTION('',(0.,-1.224646799147E-16,-1.));
#1282 = DIRECTION('',(1.,0.,0.));
#1283 = AXIS2_PLACEMENT_3D('',#1284,#1285,#1286);
#1284 = CARTESIAN_POINT('',(85.823,-54.33,-8.5E-02));
#1285 = DIRECTION('',(1.499759782662E-32,1.224646799147E-16,-1.));
#1286 = DIRECTION('',(-1.,1.224646799147E-16,0.));
#1287 = AXIS2_PLACEMENT_3D('',#1288,#1289,#1290);
#1288 = CARTESIAN_POINT('',(76.254,-51.256,-8.5E-02));
#1289 = DIRECTION('',(8.659560562355E-17,-8.659560562355E-17,-1.));
#1290 = DIRECTION('',(0.707106781187,0.707106781187,0.));
#1291 = AXIS2_PLACEMENT_3D('',#1292,#1293,#1294);
#1292 = CARTESIAN_POINT('',(76.4,-85.475,-8.5E-02));
#1293 = DIRECTION('',(-1.224646799147E-16,-1.359631073447E-32,-1.));
#1294 = DIRECTION('',(1.110223024625E-16,-1.,0.));
#1295 = AXIS2_PLACEMENT_3D('',#1296,#1297,#1298);
#1296 = CARTESIAN_POINT('',(57.923,-56.25,-8.5E-02));
#1297 = DIRECTION('',(1.499759782662E-32,1.224646799147E-16,-1.));
#1298 = DIRECTION('',(-1.,1.224646799147E-16,0.));
#1299 = AXIS2_PLACEMENT_3D('',#1300,#1301,#1302);
#1300 = CARTESIAN_POINT('',(57.915,-58.2,-8.5E-02));
#1301 = DIRECTION('',(1.499759782662E-32,1.224646799147E-16,-1.));
#1302 = DIRECTION('',(-1.,1.224646799147E-16,0.));
#1303 = AXIS2_PLACEMENT_3D('',#1304,#1305,#1306);
#1304 = CARTESIAN_POINT('',(83.76,-88.74,-8.5E-02));
#1305 = DIRECTION('',(8.659560562355E-17,-8.659560562355E-17,-1.));
#1306 = DIRECTION('',(0.707106781187,0.707106781187,0.));
#1307 = AXIS2_PLACEMENT_3D('',#1308,#1309,#1310);
#1308 = CARTESIAN_POINT('',(55.992,-71.57,-8.5E-02));
#1309 = DIRECTION('',(1.499759782662E-32,1.224646799147E-16,-1.));
#1310 = DIRECTION('',(-1.,1.224646799147E-16,0.));
#1311 = AXIS2_PLACEMENT_3D('',#1312,#1313,#1314);
#1312 = CARTESIAN_POINT('',(73.53,-56.175,-8.5E-02));
#1313 = DIRECTION('',(-1.224646799147E-16,-1.359631073447E-32,-1.));
#1314 = DIRECTION('',(1.110223024625E-16,-1.,0.));
#1315 = AXIS2_PLACEMENT_3D('',#1316,#1317,#1318);
#1316 = CARTESIAN_POINT('',(85.823,-53.56,-8.5E-02));
#1317 = DIRECTION('',(1.499759782662E-32,1.224646799147E-16,-1.));
#1318 = DIRECTION('',(-1.,1.224646799147E-16,0.));
#1319 = AXIS2_PLACEMENT_3D('',#1320,#1321,#1322);
#1320 = CARTESIAN_POINT('',(73.52,-74.215,-8.5E-02));
#1321 = DIRECTION('',(-1.224646799147E-16,-1.359631073447E-32,-1.));
#1322 = DIRECTION('',(1.110223024625E-16,-1.,0.));
#1323 = AXIS2_PLACEMENT_3D('',#1324,#1325,#1326);
#1324 = CARTESIAN_POINT('',(57.895,-71.57,-8.5E-02));
#1325 = DIRECTION('',(1.499759782662E-32,1.224646799147E-16,-1.));
#1326 = DIRECTION('',(-1.,1.224646799147E-16,0.));
#1327 = AXIS2_PLACEMENT_3D('',#1328,#1329,#1330);
#1328 = CARTESIAN_POINT('',(57.89,-85.74,-8.5E-02));
#1329 = DIRECTION('',(1.499759782662E-32,1.224646799147E-16,-1.));
#1330 = DIRECTION('',(-1.,1.224646799147E-16,0.));
#1331 = AXIS2_PLACEMENT_3D('',#1332,#1333,#1334);
#1332 = CARTESIAN_POINT('',(86.254,-51.246,-8.5E-02));
#1333 = DIRECTION('',(8.659560562355E-17,-8.659560562355E-17,-1.));
#1334 = DIRECTION('',(0.707106781187,0.707106781187,0.));
#1335 = AXIS2_PLACEMENT_3D('',#1336,#1337,#1338);
#1336 = CARTESIAN_POINT('',(57.9,-53.58,-8.5E-02));
#1337 = DIRECTION('',(1.499759782662E-32,1.224646799147E-16,-1.));
#1338 = DIRECTION('',(-1.,1.224646799147E-16,0.));
#1339 = AXIS2_PLACEMENT_3D('',#1340,#1341,#1342);
#1340 = CARTESIAN_POINT('',(54.085,-74.62,-8.5E-02));
#1341 = DIRECTION('',(0.,-1.224646799147E-16,-1.));
#1342 = DIRECTION('',(1.,0.,0.));
#1343 = AXIS2_PLACEMENT_3D('',#1344,#1345,#1346);
#1344 = CARTESIAN_POINT('',(85.835,-71.54,-8.5E-02));
#1345 = DIRECTION('',(1.499759782662E-32,1.224646799147E-16,-1.));
#1346 = DIRECTION('',(-1.,1.224646799147E-16,0.));
#1347 = AXIS2_PLACEMENT_3D('',#1348,#1349,#1350);
#1348 = CARTESIAN_POINT('',(76.375,-67.45,-8.5E-02));
#1349 = DIRECTION('',(-1.224646799147E-16,-1.359631073447E-32,-1.));
#1350 = DIRECTION('',(1.110223024625E-16,-1.,0.));
#1351 = AXIS2_PLACEMENT_3D('',#1352,#1353,#1354);
#1352 = CARTESIAN_POINT('',(82.015,-74.62,-8.5E-02));
#1353 = DIRECTION('',(0.,-1.224646799147E-16,-1.));
#1354 = DIRECTION('',(1.,0.,0.));
#1355 = AXIS2_PLACEMENT_3D('',#1356,#1357,#1358);
#1356 = CARTESIAN_POINT('',(88.754,-88.746,-8.5E-02));
#1357 = DIRECTION('',(8.659560562355E-17,-8.659560562355E-17,-1.));
#1358 = DIRECTION('',(0.707106781187,0.707106781187,0.));
#1359 = AXIS2_PLACEMENT_3D('',#1360,#1361,#1362);
#1360 = CARTESIAN_POINT('',(82.005,-59.75,-8.5E-02));
#1361 = DIRECTION('',(0.,-1.224646799147E-16,-1.));
#1362 = DIRECTION('',(1.,0.,0.));
#1363 = AXIS2_PLACEMENT_3D('',#1364,#1365,#1366);
#1364 = CARTESIAN_POINT('',(58.754,-88.746,-8.5E-02));
#1365 = DIRECTION('',(8.659560562355E-17,-8.659560562355E-17,-1.));
#1366 = DIRECTION('',(0.707106781187,0.707106781187,0.));
#1367 = AXIS2_PLACEMENT_3D('',#1368,#1369,#1370);
#1368 = CARTESIAN_POINT('',(82.023,-87.27,-8.5E-02));
#1369 = DIRECTION('',(0.,-1.224646799147E-16,-1.));
#1370 = DIRECTION('',(1.,0.,0.));
#1371 = AXIS2_PLACEMENT_3D('',#1372,#1373,#1374);
#1372 = CARTESIAN_POINT('',(54.123,-56.23,-8.5E-02));
#1373 = DIRECTION('',(0.,-1.224646799147E-16,-1.));
#1374 = DIRECTION('',(1.,0.,0.));
#1375 = AXIS2_PLACEMENT_3D('',#1376,#1377,#1378);
#1376 = CARTESIAN_POINT('',(82.033,-86.49,-8.5E-02));
#1377 = DIRECTION('',(0.,-1.224646799147E-16,-1.));
#1378 = DIRECTION('',(1.,0.,0.));
#1379 = AXIS2_PLACEMENT_3D('',#1380,#1381,#1382);
#1380 = CARTESIAN_POINT('',(53.754,-88.746,-8.5E-02));
#1381 = DIRECTION('',(8.659560562355E-17,-8.659560562355E-17,-1.));
#1382 = DIRECTION('',(0.707106781187,0.707106781187,0.));
#1383 = AXIS2_PLACEMENT_3D('',#1384,#1385,#1386);
#1384 = CARTESIAN_POINT('',(61.264,-88.736,-8.5E-02));
#1385 = DIRECTION('',(8.659560562355E-17,-8.659560562355E-17,-1.));
#1386 = DIRECTION('',(0.707106781187,0.707106781187,0.));
#1387 = AXIS2_PLACEMENT_3D('',#1388,#1389,#1390);
#1388 = CARTESIAN_POINT('',(78.754,-51.256,-8.5E-02));
#1389 = DIRECTION('',(8.659560562355E-17,-8.659560562355E-17,-1.));
#1390 = DIRECTION('',(0.707106781187,0.707106781187,0.));
#1391 = AXIS2_PLACEMENT_3D('',#1392,#1393,#1394);
#1392 = CARTESIAN_POINT('',(85.838,-83.06,-8.5E-02));
#1393 = DIRECTION('',(1.499759782662E-32,1.224646799147E-16,-1.));
#1394 = DIRECTION('',(-1.,1.224646799147E-16,0.));
#1395 = AXIS2_PLACEMENT_3D('',#1396,#1397,#1398);
#1396 = CARTESIAN_POINT('',(82.015,-57.01,-8.5E-02));
#1397 = DIRECTION('',(0.,-1.224646799147E-16,-1.));
#1398 = DIRECTION('',(1.,0.,0.));
#1399 = AXIS2_PLACEMENT_3D('',#1400,#1401,#1402);
#1400 = CARTESIAN_POINT('',(85.833,-86.49,-8.5E-02));
#1401 = DIRECTION('',(1.499759782662E-32,1.224646799147E-16,-1.));
#1402 = DIRECTION('',(-1.,1.224646799147E-16,0.));
#1403 = AXIS2_PLACEMENT_3D('',#1404,#1405,#1406);
#1404 = CARTESIAN_POINT('',(82.023,-53.55,-8.5E-02));
#1405 = DIRECTION('',(0.,-1.224646799147E-16,-1.));
#1406 = DIRECTION('',(1.,0.,0.));
#1407 = AXIS2_PLACEMENT_3D('',#1408,#1409,#1410);
#1408 = CARTESIAN_POINT('',(81.244,-51.246,-8.5E-02));
#1409 = DIRECTION('',(8.659560562355E-17,-8.659560562355E-17,-1.));
#1410 = DIRECTION('',(0.707106781187,0.707106781187,0.));
#1411 = AXIS2_PLACEMENT_3D('',#1412,#1413,#1414);
#1412 = CARTESIAN_POINT('',(54.085,-87.29,-8.5E-02));
#1413 = DIRECTION('',(0.,-1.224646799147E-16,-1.));
#1414 = DIRECTION('',(1.,0.,0.));
#1415 = AXIS2_PLACEMENT_3D('',#1416,#1417,#1418);
#1416 = CARTESIAN_POINT('',(54.11,-53.57,-8.5E-02));
#1417 = DIRECTION('',(0.,-1.224646799147E-16,-1.));
#1418 = DIRECTION('',(1.,0.,0.));
#1419 = AXIS2_PLACEMENT_3D('',#1420,#1421,#1422);
#1420 = CARTESIAN_POINT('',(56.008,-58.97,-8.5E-02));
#1421 = DIRECTION('',(1.499759782662E-32,1.224646799147E-16,-1.));
#1422 = DIRECTION('',(-1.,1.224646799147E-16,0.));
#1423 = AXIS2_PLACEMENT_3D('',#1424,#1425,#1426);
#1424 = CARTESIAN_POINT('',(82.033,-83.84,-8.5E-02));
#1425 = DIRECTION('',(0.,-1.224646799147E-16,-1.));
#1426 = DIRECTION('',(1.,0.,0.));
#1427 = AXIS2_PLACEMENT_3D('',#1428,#1429,#1430);
#1428 = CARTESIAN_POINT('',(54.1,-67.18,-8.5E-02));
#1429 = DIRECTION('',(0.,-1.224646799147E-16,-1.));
#1430 = DIRECTION('',(1.,0.,0.));
#1431 = AXIS2_PLACEMENT_3D('',#1432,#1433,#1434);
#1432 = CARTESIAN_POINT('',(54.123,-55.47,-8.5E-02));
#1433 = DIRECTION('',(0.,-1.224646799147E-16,-1.));
#1434 = DIRECTION('',(1.,0.,0.));
#1435 = AXIS2_PLACEMENT_3D('',#1436,#1437,#1438);
#1436 = CARTESIAN_POINT('',(85.825,-73.87,-8.5E-02));
#1437 = DIRECTION('',(1.499759782662E-32,1.224646799147E-16,-1.));
#1438 = DIRECTION('',(-1.,1.224646799147E-16,0.));
#1439 = AXIS2_PLACEMENT_3D('',#1440,#1441,#1442);
#1440 = CARTESIAN_POINT('',(82.015,-73.86,-8.5E-02));
#1441 = DIRECTION('',(0.,-1.224646799147E-16,-1.));
#1442 = DIRECTION('',(1.,0.,0.));
#1443 = AXIS2_PLACEMENT_3D('',#1444,#1445,#1446);
#1444 = CARTESIAN_POINT('',(83.75,-51.25,-8.5E-02));
#1445 = DIRECTION('',(8.659560562355E-17,-8.659560562355E-17,-1.));
#1446 = DIRECTION('',(0.707106781187,0.707106781187,0.));
#1447 = AXIS2_PLACEMENT_3D('',#1448,#1449,#1450);
#1448 = CARTESIAN_POINT('',(55.997,-67.95,-8.5E-02));
#1449 = DIRECTION('',(1.499759782662E-32,1.224646799147E-16,-1.));
#1450 = DIRECTION('',(-1.,1.224646799147E-16,0.));
#1451 = AXIS2_PLACEMENT_3D('',#1452,#1453,#1454);
#1452 = CARTESIAN_POINT('',(85.825,-67.18,-8.5E-02));
#1453 = DIRECTION('',(1.499759782662E-32,1.224646799147E-16,-1.));
#1454 = DIRECTION('',(-1.,1.224646799147E-16,0.));
#1455 = AXIS2_PLACEMENT_3D('',#1456,#1457,#1458);
#1456 = CARTESIAN_POINT('',(57.89,-73.86,-8.5E-02));
#1457 = DIRECTION('',(1.499759782662E-32,1.224646799147E-16,-1.));
#1458 = DIRECTION('',(-1.,1.224646799147E-16,0.));
#1459 = AXIS2_PLACEMENT_3D('',#1460,#1461,#1462);
#1460 = CARTESIAN_POINT('',(73.754,-51.246,-8.5E-02));
#1461 = DIRECTION('',(8.659560562355E-17,-8.659560562355E-17,-1.));
#1462 = DIRECTION('',(0.707106781187,0.707106781187,0.));
#1463 = AXIS2_PLACEMENT_3D('',#1464,#1465,#1466);
#1464 = CARTESIAN_POINT('',(83.918,-53.55,-8.5E-02));
#1465 = DIRECTION('',(1.499759782662E-32,1.224646799147E-16,-1.));
#1466 = DIRECTION('',(-1.,1.224646799147E-16,0.));
#1467 = AXIS2_PLACEMENT_3D('',#1468,#1469,#1470);
#1468 = CARTESIAN_POINT('',(54.095,-71.57,-8.5E-02));
#1469 = DIRECTION('',(0.,-1.224646799147E-16,-1.));
#1470 = DIRECTION('',(1.,0.,0.));
#1471 = AXIS2_PLACEMENT_3D('',#1472,#1473,#1474);
#1472 = CARTESIAN_POINT('',(54.093,-83.83,-8.5E-02));
#1473 = DIRECTION('',(0.,-1.224646799147E-16,-1.));
#1474 = DIRECTION('',(1.,0.,0.));
#1475 = AXIS2_PLACEMENT_3D('',#1476,#1477,#1478);
#1476 = CARTESIAN_POINT('',(83.938,-83.84,-8.5E-02));
#1477 = DIRECTION('',(0.,-1.224646799147E-16,-1.));
#1478 = DIRECTION('',(1.,0.,0.));
#1479 = AXIS2_PLACEMENT_3D('',#1480,#1481,#1482);
#1480 = CARTESIAN_POINT('',(63.754,-88.746,-8.5E-02));
#1481 = DIRECTION('',(8.659560562355E-17,-8.659560562355E-17,-1.));
#1482 = DIRECTION('',(0.707106781187,0.707106781187,0.));
#1483 = AXIS2_PLACEMENT_3D('',#1484,#1485,#1486);
#1484 = CARTESIAN_POINT('',(71.236,-61.254,-8.5E-02));
#1485 = DIRECTION('',(8.659560562355E-17,-8.659560562355E-17,-1.));
#1486 = DIRECTION('',(0.707106781187,0.707106781187,0.));
#1487 = AXIS2_PLACEMENT_3D('',#1488,#1489,#1490);
#1488 = CARTESIAN_POINT('',(82.015,-56.24,-8.5E-02));
#1489 = DIRECTION('',(0.,-1.224646799147E-16,-1.));
#1490 = DIRECTION('',(1.,0.,0.));
#1491 = AXIS2_PLACEMENT_3D('',#1492,#1493,#1494);
#1492 = CARTESIAN_POINT('',(68.754,-78.766,-8.5E-02));
#1493 = DIRECTION('',(-8.659560562355E-17,8.659560562355E-17,-1.));
#1494 = DIRECTION('',(-0.707106781187,-0.707106781187,0.));
#1495 = AXIS2_PLACEMENT_3D('',#1496,#1497,#1498);
#1496 = CARTESIAN_POINT('',(83.902,-58.98,-8.5E-02));
#1497 = DIRECTION('',(1.499759782662E-32,1.224646799147E-16,-1.));
#1498 = DIRECTION('',(-1.,1.224646799147E-16,0.));
#1499 = AXIS2_PLACEMENT_3D('',#1500,#1501,#1502);
#1500 = CARTESIAN_POINT('',(85.825,-57.02,-8.5E-02));
#1501 = DIRECTION('',(1.499759782662E-32,1.224646799147E-16,-1.));
#1502 = DIRECTION('',(-1.,1.224646799147E-16,0.));
#1503 = AXIS2_PLACEMENT_3D('',#1504,#1505,#1506);
#1504 = CARTESIAN_POINT('',(57.895,-87.28,-8.5E-02));
#1505 = DIRECTION('',(1.499759782662E-32,1.224646799147E-16,-1.));
#1506 = DIRECTION('',(-1.,1.224646799147E-16,0.));
#1507 = AXIS2_PLACEMENT_3D('',#1508,#1509,#1510);
#1508 = CARTESIAN_POINT('',(85.805,-59.76,-8.5E-02));
#1509 = DIRECTION('',(1.499759782662E-32,1.224646799147E-16,-1.));
#1510 = DIRECTION('',(-1.,1.224646799147E-16,0.));
#1511 = AXIS2_PLACEMENT_3D('',#1512,#1513,#1514);
#1512 = CARTESIAN_POINT('',(51.264,-51.276,-8.5E-02));
#1513 = DIRECTION('',(8.659560562355E-17,-8.659560562355E-17,-1.));
#1514 = DIRECTION('',(0.707106781187,0.707106781187,0.));
#1515 = AXIS2_PLACEMENT_3D('',#1516,#1517,#1518);
#1516 = CARTESIAN_POINT('',(54.095,-58.22,-8.5E-02));
#1517 = DIRECTION('',(0.,-1.224646799147E-16,-1.));
#1518 = DIRECTION('',(1.,0.,0.));
#1519 = AXIS2_PLACEMENT_3D('',#1520,#1521,#1522);
#1520 = CARTESIAN_POINT('',(61.244,-51.256,-8.5E-02));
#1521 = DIRECTION('',(8.659560562355E-17,-8.659560562355E-17,-1.));
#1522 = DIRECTION('',(0.707106781187,0.707106781187,0.));
#1523 = AXIS2_PLACEMENT_3D('',#1524,#1525,#1526);
#1524 = CARTESIAN_POINT('',(57.923,-57.03,-8.5E-02));
#1525 = DIRECTION('',(1.499759782662E-32,1.224646799147E-16,-1.));
#1526 = DIRECTION('',(-1.,1.224646799147E-16,0.));
#1527 = AXIS2_PLACEMENT_3D('',#1528,#1529,#1530);
#1528 = CARTESIAN_POINT('',(56.007,-53.57,-8.5E-02));
#1529 = DIRECTION('',(1.499759782662E-32,1.224646799147E-16,-1.));
#1530 = DIRECTION('',(-1.,1.224646799147E-16,0.));
#1531 = AXIS2_PLACEMENT_3D('',#1532,#1533,#1534);
#1532 = CARTESIAN_POINT('',(71.254,-78.736,-8.5E-02));
#1533 = DIRECTION('',(8.659560562355E-17,-8.659560562355E-17,-1.));
#1534 = DIRECTION('',(0.707106781187,0.707106781187,0.));
#1535 = AXIS2_PLACEMENT_3D('',#1536,#1537,#1538);
#1536 = CARTESIAN_POINT('',(85.805,-58.21,-8.5E-02));
#1537 = DIRECTION('',(1.499759782662E-32,1.224646799147E-16,-1.));
#1538 = DIRECTION('',(-1.,1.224646799147E-16,0.));
#1539 = AXIS2_PLACEMENT_3D('',#1540,#1541,#1542);
#1540 = CARTESIAN_POINT('',(54.1,-58.98,-8.5E-02));
#1541 = DIRECTION('',(0.,-1.224646799147E-16,-1.));
#1542 = DIRECTION('',(1.,0.,0.));
#1543 = AXIS2_PLACEMENT_3D('',#1544,#1545,#1546);
#1544 = CARTESIAN_POINT('',(63.575,-72.7,-8.5E-02));
#1545 = DIRECTION('',(1.224646799147E-16,-1.359631073447E-32,-1.));
#1546 = DIRECTION('',(1.110223024625E-16,1.,0.));
#1547 = AXIS2_PLACEMENT_3D('',#1548,#1549,#1550);
#1548 = CARTESIAN_POINT('',(81.995,-58.21,-8.5E-02));
#1549 = DIRECTION('',(0.,-1.224646799147E-16,-1.));
#1550 = DIRECTION('',(1.,0.,0.));
#1551 = AXIS2_PLACEMENT_3D('',#1552,#1553,#1554);
#1552 = CARTESIAN_POINT('',(83.92,-56.25,-8.5E-02));
#1553 = DIRECTION('',(1.499759782662E-32,1.224646799147E-16,-1.));
#1554 = DIRECTION('',(-1.,1.224646799147E-16,0.));
#1555 = AXIS2_PLACEMENT_3D('',#1556,#1557,#1558);
#1556 = CARTESIAN_POINT('',(55.988,-86.52,-8.5E-02));
#1557 = DIRECTION('',(1.499759782662E-32,1.224646799147E-16,-1.));
#1558 = DIRECTION('',(-1.,1.224646799147E-16,0.));
#1559 = AXIS2_PLACEMENT_3D('',#1560,#1561,#1562);
#1560 = CARTESIAN_POINT('',(83.93,-86.49,-8.5E-02));
#1561 = DIRECTION('',(1.499759782662E-32,1.224646799147E-16,-1.));
#1562 = DIRECTION('',(-1.,1.224646799147E-16,0.));
#1563 = AXIS2_PLACEMENT_3D('',#1564,#1565,#1566);
#1564 = CARTESIAN_POINT('',(57.923,-55.48,-8.5E-02));
#1565 = DIRECTION('',(1.499759782662E-32,1.224646799147E-16,-1.));
#1566 = DIRECTION('',(-1.,1.224646799147E-16,0.));
#1567 = AXIS2_PLACEMENT_3D('',#1568,#1569,#1570);
#1568 = CARTESIAN_POINT('',(85.823,-52.79,-8.5E-02));
#1569 = DIRECTION('',(1.499759782662E-32,1.224646799147E-16,-1.));
#1570 = DIRECTION('',(-1.,1.224646799147E-16,0.));
#1571 = AXIS2_PLACEMENT_3D('',#1572,#1573,#1574);
#1572 = CARTESIAN_POINT('',(82.015,-55.48,-8.5E-02));
#1573 = DIRECTION('',(0.,-1.224646799147E-16,-1.));
#1574 = DIRECTION('',(1.,0.,0.));
#1575 = AXIS2_PLACEMENT_3D('',#1576,#1577,#1578);
#1576 = CARTESIAN_POINT('',(66.46,-83.95,-8.5E-02));
#1577 = DIRECTION('',(1.224646799147E-16,-1.359631073447E-32,-1.));
#1578 = DIRECTION('',(1.110223024625E-16,1.,0.));
#1579 = AXIS2_PLACEMENT_3D('',#1580,#1581,#1582);
#1580 = CARTESIAN_POINT('',(57.9,-68.72,-8.5E-02));
#1581 = DIRECTION('',(1.499759782662E-32,1.224646799147E-16,-1.));
#1582 = DIRECTION('',(-1.,1.224646799147E-16,0.));
#1583 = AXIS2_PLACEMENT_3D('',#1584,#1585,#1586);
#1584 = CARTESIAN_POINT('',(82.005,-67.18,-8.5E-02));
#1585 = DIRECTION('',(0.,-1.224646799147E-16,-1.));
#1586 = DIRECTION('',(1.,0.,0.));
#1587 = AXIS2_PLACEMENT_3D('',#1588,#1589,#1590);
#1588 = CARTESIAN_POINT('',(83.932,-71.54,-8.5E-02));
#1589 = DIRECTION('',(1.499759782662E-32,1.224646799147E-16,-1.));
#1590 = DIRECTION('',(-1.,1.224646799147E-16,0.));
#1591 = AXIS2_PLACEMENT_3D('',#1592,#1593,#1594);
#1592 = CARTESIAN_POINT('',(85.825,-68.73,-8.5E-02));
#1593 = DIRECTION('',(1.499759782662E-32,1.224646799147E-16,-1.));
#1594 = DIRECTION('',(-1.,1.224646799147E-16,0.));
#1595 = AXIS2_PLACEMENT_3D('',#1596,#1597,#1598);
#1596 = CARTESIAN_POINT('',(82.023,-54.32,-8.5E-02));
#1597 = DIRECTION('',(0.,-1.224646799147E-16,-1.));
#1598 = DIRECTION('',(1.,0.,0.));
#1599 = AXIS2_PLACEMENT_3D('',#1600,#1601,#1602);
#1600 = CARTESIAN_POINT('',(85.835,-70.77,-8.5E-02));
#1601 = DIRECTION('',(1.499759782662E-32,1.224646799147E-16,-1.));
#1602 = DIRECTION('',(-1.,1.224646799147E-16,0.));
#1603 = AXIS2_PLACEMENT_3D('',#1604,#1605,#1606);
#1604 = CARTESIAN_POINT('',(63.575,-54.675,-8.5E-02));
#1605 = DIRECTION('',(1.224646799147E-16,-1.359631073447E-32,-1.));
#1606 = DIRECTION('',(1.110223024625E-16,1.,0.));
#1607 = AXIS2_PLACEMENT_3D('',#1608,#1609,#1610);
#1608 = CARTESIAN_POINT('',(85.835,-72.31,-8.5E-02));
#1609 = DIRECTION('',(1.499759782662E-32,1.224646799147E-16,-1.));
#1610 = DIRECTION('',(-1.,1.224646799147E-16,0.));
#1611 = AXIS2_PLACEMENT_3D('',#1612,#1613,#1614);
#1612 = CARTESIAN_POINT('',(57.9,-67.95,-8.5E-02));
#1613 = DIRECTION('',(1.499759782662E-32,1.224646799147E-16,-1.));
#1614 = DIRECTION('',(-1.,1.224646799147E-16,0.));
#1615 = AXIS2_PLACEMENT_3D('',#1616,#1617,#1618);
#1616 = CARTESIAN_POINT('',(76.254,-88.756,-8.5E-02));
#1617 = DIRECTION('',(8.659560562355E-17,-8.659560562355E-17,-1.));
#1618 = DIRECTION('',(0.707106781187,0.707106781187,0.));
#1619 = AXIS2_PLACEMENT_3D('',#1620,#1621,#1622);
#1620 = CARTESIAN_POINT('',(57.895,-72.34,-8.5E-02));
#1621 = DIRECTION('',(1.499759782662E-32,1.224646799147E-16,-1.));
#1622 = DIRECTION('',(-1.,1.224646799147E-16,0.));
#1623 = AXIS2_PLACEMENT_3D('',#1624,#1625,#1626);
#1624 = CARTESIAN_POINT('',(57.895,-75.39,-8.5E-02));
#1625 = DIRECTION('',(1.499759782662E-32,1.224646799147E-16,-1.));
#1626 = DIRECTION('',(-1.,1.224646799147E-16,0.));
#1627 = AXIS2_PLACEMENT_3D('',#1628,#1629,#1630);
#1628 = CARTESIAN_POINT('',(82.015,-67.95,-8.5E-02));
#1629 = DIRECTION('',(0.,-1.224646799147E-16,-1.));
#1630 = DIRECTION('',(1.,0.,0.));
#1631 = AXIS2_PLACEMENT_3D('',#1632,#1633,#1634);
#1632 = CARTESIAN_POINT('',(54.085,-75.39,-8.5E-02));
#1633 = DIRECTION('',(0.,-1.224646799147E-16,-1.));
#1634 = DIRECTION('',(1.,0.,0.));
#1635 = AXIS2_PLACEMENT_3D('',#1636,#1637,#1638);
#1636 = CARTESIAN_POINT('',(85.833,-85.72,-8.5E-02));
#1637 = DIRECTION('',(1.499759782662E-32,1.224646799147E-16,-1.));
#1638 = DIRECTION('',(-1.,1.224646799147E-16,0.));
#1639 = AXIS2_PLACEMENT_3D('',#1640,#1641,#1642);
#1640 = CARTESIAN_POINT('',(54.1,-67.94,-8.5E-02));
#1641 = DIRECTION('',(0.,-1.224646799147E-16,-1.));
#1642 = DIRECTION('',(1.,0.,0.));
#1643 = AXIS2_PLACEMENT_3D('',#1644,#1645,#1646);
#1644 = CARTESIAN_POINT('',(57.893,-83.84,-8.5E-02));
#1645 = DIRECTION('',(1.499759782662E-32,1.224646799147E-16,-1.));
#1646 = DIRECTION('',(-1.,1.224646799147E-16,0.));
#1647 = AXIS2_PLACEMENT_3D('',#1648,#1649,#1650);
#1648 = CARTESIAN_POINT('',(82.035,-71.54,-8.5E-02));
#1649 = DIRECTION('',(0.,-1.224646799147E-16,-1.));
#1650 = DIRECTION('',(1.,0.,0.));
#1651 = AXIS2_PLACEMENT_3D('',#1652,#1653,#1654);
#1652 = CARTESIAN_POINT('',(82.02,-75.39,-8.5E-02));
#1653 = DIRECTION('',(0.,-1.224646799147E-16,-1.));
#1654 = DIRECTION('',(1.,0.,0.));
#1655 = AXIS2_PLACEMENT_3D('',#1656,#1657,#1658);
#1656 = CARTESIAN_POINT('',(54.09,-70.79,-8.5E-02));
#1657 = DIRECTION('',(0.,-1.224646799147E-16,-1.));
#1658 = DIRECTION('',(1.,0.,0.));
#1659 = AXIS2_PLACEMENT_3D('',#1660,#1661,#1662);
#1660 = CARTESIAN_POINT('',(55.99,-83.84,-8.5E-02));
#1661 = DIRECTION('',(1.499759782662E-32,1.224646799147E-16,-1.));
#1662 = DIRECTION('',(-1.,1.224646799147E-16,0.));
#1663 = AXIS2_PLACEMENT_3D('',#1664,#1665,#1666);
#1664 = CARTESIAN_POINT('',(85.805,-58.98,-8.5E-02));
#1665 = DIRECTION('',(1.499759782662E-32,1.224646799147E-16,-1.));
#1666 = DIRECTION('',(-1.,1.224646799147E-16,0.));
#1667 = AXIS2_PLACEMENT_3D('',#1668,#1669,#1670);
#1668 = CARTESIAN_POINT('',(85.825,-74.64,-8.5E-02));
#1669 = DIRECTION('',(1.499759782662E-32,1.224646799147E-16,-1.));
#1670 = DIRECTION('',(-1.,1.224646799147E-16,0.));
#1671 = AXIS2_PLACEMENT_3D('',#1672,#1673,#1674);
#1672 = CARTESIAN_POINT('',(85.825,-67.95,-8.5E-02));
#1673 = DIRECTION('',(1.499759782662E-32,1.224646799147E-16,-1.));
#1674 = DIRECTION('',(-1.,1.224646799147E-16,0.));
#1675 = AXIS2_PLACEMENT_3D('',#1676,#1677,#1678);
#1676 = CARTESIAN_POINT('',(58.744,-51.256,-8.5E-02));
#1677 = DIRECTION('',(8.659560562355E-17,-8.659560562355E-17,-1.));
#1678 = DIRECTION('',(0.707106781187,0.707106781187,0.));
#1679 = AXIS2_PLACEMENT_3D('',#1680,#1681,#1682);
#1680 = CARTESIAN_POINT('',(56.24,-51.25,-8.5E-02));
#1681 = DIRECTION('',(8.659560562355E-17,-8.659560562355E-17,-1.));
#1682 = DIRECTION('',(0.707106781187,0.707106781187,0.));
#1683 = AXIS2_PLACEMENT_3D('',#1684,#1685,#1686);
#1684 = CARTESIAN_POINT('',(66.45,-65.955,-8.5E-02));
#1685 = DIRECTION('',(1.224646799147E-16,-1.359631073447E-32,-1.));
#1686 = DIRECTION('',(1.110223024625E-16,1.,0.));
#1687 = AXIS2_PLACEMENT_3D('',#1688,#1689,#1690);
#1688 = CARTESIAN_POINT('',(82.023,-52.78,-8.5E-02));
#1689 = DIRECTION('',(0.,-1.224646799147E-16,-1.));
#1690 = DIRECTION('',(1.,0.,0.));
#1691 = AXIS2_PLACEMENT_3D('',#1692,#1693,#1694);
#1692 = CARTESIAN_POINT('',(82.025,-72.31,-8.5E-02));
#1693 = DIRECTION('',(0.,-1.224646799147E-16,-1.));
#1694 = DIRECTION('',(1.,0.,0.));
#1695 = AXIS2_PLACEMENT_3D('',#1696,#1697,#1698);
#1696 = CARTESIAN_POINT('',(0.,0.,0.));
#1697 = DIRECTION('',(0.,0.,1.));
#1698 = DIRECTION('',(1.,0.,-0.));
#1699 = ( GEOMETRIC_REPRESENTATION_CONTEXT(3) 
GLOBAL_UNCERTAINTY_ASSIGNED_CONTEXT((#1703)) 
GLOBAL_UNIT_ASSIGNED_CONTEXT((#1700,#1701,#1702)) REPRESENTATION_CONTEXT
('Context #1','3D Context with UNIT and UNCERTAINTY') );
#1700 = ( LENGTH_UNIT() NAMED_UNIT(*) SI_UNIT(.MILLI.,.METRE.) );
#1701 = ( NAMED_UNIT(*) PLANE_ANGLE_UNIT() SI_UNIT($,.RADIAN.) );
#1702 = ( NAMED_UNIT(*) SI_UNIT($,.STERADIAN.) SOLID_ANGLE_UNIT() );
#1703 = UNCERTAINTY_MEASURE_WITH_UNIT(LENGTH_MEASURE(1.E-07),#1700,
  'distance_accuracy_value','confusion accuracy');
#1704 = PRODUCT_RELATED_PRODUCT_CATEGORY('part',$,(#7));
#1705 = SHAPE_DEFINITION_REPRESENTATION(#1706,#1712);
#1706 = PRODUCT_DEFINITION_SHAPE('','',#1707);
#1707 = PRODUCT_DEFINITION('design','',#1708,#1711);
#1708 = PRODUCT_DEFINITION_FORMATION('','',#1709);
#1709 = PRODUCT('LED_0402_1005Metric','LED_0402_1005Metric','',(#1710));
#1710 = PRODUCT_CONTEXT('',#2,'mechanical');
#1711 = PRODUCT_DEFINITION_CONTEXT('part definition',#2,'design');
#1712 = ADVANCED_BREP_SHAPE_REPRESENTATION('',(#11,#1713),#3236);
#1713 = MANIFOLD_SOLID_BREP('',#1714);
#1714 = CLOSED_SHELL('',(#1715,#1755,#1802,#1881,#1905,#1945,#1976,#1993
    ,#2026,#2050,#2117,#2238,#2305,#2329,#2360,#2393,#2449,#2473,#2497,
    #2521,#2554,#2566,#2629,#2654,#2671,#2695,#2713,#2731,#2749,#2766,
    #2783,#2814,#2839,#2864,#2888,#2905,#2936,#2960,#2977,#3005,#3030,
    #3054,#3079,#3126,#3143,#3155,#3177,#3189,#3207,#3225));
#1715 = ADVANCED_FACE('',(#1716),#1750,.F.);
#1716 = FACE_BOUND('',#1717,.F.);
#1717 = EDGE_LOOP('',(#1718,#1728,#1736,#1744));
#1718 = ORIENTED_EDGE('',*,*,#1719,.T.);
#1719 = EDGE_CURVE('',#1720,#1722,#1724,.T.);
#1720 = VERTEX_POINT('',#1721);
#1721 = CARTESIAN_POINT('',(-0.35,-0.25,0.185));
#1722 = VERTEX_POINT('',#1723);
#1723 = CARTESIAN_POINT('',(-0.315,-0.25,0.5));
#1724 = LINE('',#1725,#1726);
#1725 = CARTESIAN_POINT('',(-0.35,-0.25,0.185));
#1726 = VECTOR('',#1727,1.);
#1727 = DIRECTION('',(0.110431526075,0.,0.993883734674));
#1728 = ORIENTED_EDGE('',*,*,#1729,.T.);
#1729 = EDGE_CURVE('',#1722,#1730,#1732,.T.);
#1730 = VERTEX_POINT('',#1731);
#1731 = CARTESIAN_POINT('',(0.315,-0.25,0.5));
#1732 = LINE('',#1733,#1734);
#1733 = CARTESIAN_POINT('',(-0.315,-0.25,0.5));
#1734 = VECTOR('',#1735,1.);
#1735 = DIRECTION('',(1.,0.,0.));
#1736 = ORIENTED_EDGE('',*,*,#1737,.T.);
#1737 = EDGE_CURVE('',#1730,#1738,#1740,.T.);
#1738 = VERTEX_POINT('',#1739);
#1739 = CARTESIAN_POINT('',(0.35,-0.25,0.185));
#1740 = LINE('',#1741,#1742);
#1741 = CARTESIAN_POINT('',(0.315,-0.25,0.5));
#1742 = VECTOR('',#1743,1.);
#1743 = DIRECTION('',(0.110431526075,0.,-0.993883734674));
#1744 = ORIENTED_EDGE('',*,*,#1745,.T.);
#1745 = EDGE_CURVE('',#1738,#1720,#1746,.T.);
#1746 = LINE('',#1747,#1748);
#1747 = CARTESIAN_POINT('',(0.35,-0.25,0.185));
#1748 = VECTOR('',#1749,1.);
#1749 = DIRECTION('',(-1.,0.,0.));
#1750 = PLANE('',#1751);
#1751 = AXIS2_PLACEMENT_3D('',#1752,#1753,#1754);
#1752 = CARTESIAN_POINT('',(0.,-0.25,0.336886104513));
#1753 = DIRECTION('',(0.,1.,0.));
#1754 = DIRECTION('',(0.,-0.,1.));
#1755 = ADVANCED_FACE('',(#1756),#1797,.T.);
#1756 = FACE_BOUND('',#1757,.T.);
#1757 = EDGE_LOOP('',(#1758,#1768,#1776,#1782,#1783,#1791));
#1758 = ORIENTED_EDGE('',*,*,#1759,.T.);
#1759 = EDGE_CURVE('',#1760,#1762,#1764,.T.);
#1760 = VERTEX_POINT('',#1761);
#1761 = CARTESIAN_POINT('',(-0.35,0.25,0.185));
#1762 = VERTEX_POINT('',#1763);
#1763 = CARTESIAN_POINT('',(-0.35,0.1875,0.185));
#1764 = LINE('',#1765,#1766);
#1765 = CARTESIAN_POINT('',(-0.35,0.25,0.185));
#1766 = VECTOR('',#1767,1.);
#1767 = DIRECTION('',(0.,-1.,0.));
#1768 = ORIENTED_EDGE('',*,*,#1769,.F.);
#1769 = EDGE_CURVE('',#1770,#1762,#1772,.T.);
#1770 = VERTEX_POINT('',#1771);
#1771 = CARTESIAN_POINT('',(-0.35,-0.1875,0.185));
#1772 = LINE('',#1773,#1774);
#1773 = CARTESIAN_POINT('',(-0.35,-0.25,0.185));
#1774 = VECTOR('',#1775,1.);
#1775 = DIRECTION('',(0.,1.,0.));
#1776 = ORIENTED_EDGE('',*,*,#1777,.T.);
#1777 = EDGE_CURVE('',#1770,#1720,#1778,.T.);
#1778 = LINE('',#1779,#1780);
#1779 = CARTESIAN_POINT('',(-0.35,0.25,0.185));
#1780 = VECTOR('',#1781,1.);
#1781 = DIRECTION('',(0.,-1.,0.));
#1782 = ORIENTED_EDGE('',*,*,#1719,.T.);
#1783 = ORIENTED_EDGE('',*,*,#1784,.F.);
#1784 = EDGE_CURVE('',#1785,#1722,#1787,.T.);
#1785 = VERTEX_POINT('',#1786);
#1786 = CARTESIAN_POINT('',(-0.315,0.25,0.5));
#1787 = LINE('',#1788,#1789);
#1788 = CARTESIAN_POINT('',(-0.315,0.25,0.5));
#1789 = VECTOR('',#1790,1.);
#1790 = DIRECTION('',(0.,-1.,0.));
#1791 = ORIENTED_EDGE('',*,*,#1792,.F.);
#1792 = EDGE_CURVE('',#1760,#1785,#1793,.T.);
#1793 = LINE('',#1794,#1795);
#1794 = CARTESIAN_POINT('',(-0.35,0.25,0.185));
#1795 = VECTOR('',#1796,1.);
#1796 = DIRECTION('',(0.110431526075,0.,0.993883734674));
#1797 = PLANE('',#1798);
#1798 = AXIS2_PLACEMENT_3D('',#1799,#1800,#1801);
#1799 = CARTESIAN_POINT('',(-0.35,0.25,0.185));
#1800 = DIRECTION('',(-0.993883734674,0.,0.110431526075));
#1801 = DIRECTION('',(0.110431526075,0.,0.993883734674));
#1802 = ADVANCED_FACE('',(#1803),#1876,.F.);
#1803 = FACE_BOUND('',#1804,.F.);
#1804 = EDGE_LOOP('',(#1805,#1815,#1823,#1831,#1837,#1838,#1846,#1854,
    #1862,#1870));
#1805 = ORIENTED_EDGE('',*,*,#1806,.F.);
#1806 = EDGE_CURVE('',#1807,#1809,#1811,.T.);
#1807 = VERTEX_POINT('',#1808);
#1808 = CARTESIAN_POINT('',(-0.485,-0.25,1.5E-02));
#1809 = VERTEX_POINT('',#1810);
#1810 = CARTESIAN_POINT('',(-0.4625,-0.25,1.5E-02));
#1811 = LINE('',#1812,#1813);
#1812 = CARTESIAN_POINT('',(-0.485,-0.25,1.5E-02));
#1813 = VECTOR('',#1814,1.);
#1814 = DIRECTION('',(1.,0.,0.));
#1815 = ORIENTED_EDGE('',*,*,#1816,.T.);
#1816 = EDGE_CURVE('',#1807,#1817,#1819,.T.);
#1817 = VERTEX_POINT('',#1818);
#1818 = CARTESIAN_POINT('',(-0.485,-0.25,0.185));
#1819 = LINE('',#1820,#1821);
#1820 = CARTESIAN_POINT('',(-0.485,-0.25,1.5E-02));
#1821 = VECTOR('',#1822,1.);
#1822 = DIRECTION('',(0.,0.,1.));
#1823 = ORIENTED_EDGE('',*,*,#1824,.T.);
#1824 = EDGE_CURVE('',#1817,#1825,#1827,.T.);
#1825 = VERTEX_POINT('',#1826);
#1826 = CARTESIAN_POINT('',(-0.4625,-0.25,0.185));
#1827 = LINE('',#1828,#1829);
#1828 = CARTESIAN_POINT('',(-0.485,-0.25,0.185));
#1829 = VECTOR('',#1830,1.);
#1830 = DIRECTION('',(1.,0.,0.));
#1831 = ORIENTED_EDGE('',*,*,#1832,.T.);
#1832 = EDGE_CURVE('',#1825,#1720,#1833,.T.);
#1833 = LINE('',#1834,#1835);
#1834 = CARTESIAN_POINT('',(-0.485,-0.25,0.185));
#1835 = VECTOR('',#1836,1.);
#1836 = DIRECTION('',(1.,0.,0.));
#1837 = ORIENTED_EDGE('',*,*,#1745,.F.);
#1838 = ORIENTED_EDGE('',*,*,#1839,.T.);
#1839 = EDGE_CURVE('',#1738,#1840,#1842,.T.);
#1840 = VERTEX_POINT('',#1841);
#1841 = CARTESIAN_POINT('',(0.4625,-0.25,0.185));
#1842 = LINE('',#1843,#1844);
#1843 = CARTESIAN_POINT('',(-0.485,-0.25,0.185));
#1844 = VECTOR('',#1845,1.);
#1845 = DIRECTION('',(1.,0.,0.));
#1846 = ORIENTED_EDGE('',*,*,#1847,.T.);
#1847 = EDGE_CURVE('',#1840,#1848,#1850,.T.);
#1848 = VERTEX_POINT('',#1849);
#1849 = CARTESIAN_POINT('',(0.485,-0.25,0.185));
#1850 = LINE('',#1851,#1852);
#1851 = CARTESIAN_POINT('',(-0.485,-0.25,0.185));
#1852 = VECTOR('',#1853,1.);
#1853 = DIRECTION('',(1.,0.,0.));
#1854 = ORIENTED_EDGE('',*,*,#1855,.F.);
#1855 = EDGE_CURVE('',#1856,#1848,#1858,.T.);
#1856 = VERTEX_POINT('',#1857);
#1857 = CARTESIAN_POINT('',(0.485,-0.25,1.5E-02));
#1858 = LINE('',#1859,#1860);
#1859 = CARTESIAN_POINT('',(0.485,-0.25,1.5E-02));
#1860 = VECTOR('',#1861,1.);
#1861 = DIRECTION('',(0.,0.,1.));
#1862 = ORIENTED_EDGE('',*,*,#1863,.F.);
#1863 = EDGE_CURVE('',#1864,#1856,#1866,.T.);
#1864 = VERTEX_POINT('',#1865);
#1865 = CARTESIAN_POINT('',(0.4625,-0.25,1.5E-02));
#1866 = LINE('',#1867,#1868);
#1867 = CARTESIAN_POINT('',(-0.485,-0.25,1.5E-02));
#1868 = VECTOR('',#1869,1.);
#1869 = DIRECTION('',(1.,0.,0.));
#1870 = ORIENTED_EDGE('',*,*,#1871,.F.);
#1871 = EDGE_CURVE('',#1809,#1864,#1872,.T.);
#1872 = LINE('',#1873,#1874);
#1873 = CARTESIAN_POINT('',(-0.485,-0.25,1.5E-02));
#1874 = VECTOR('',#1875,1.);
#1875 = DIRECTION('',(1.,0.,0.));
#1876 = PLANE('',#1877);
#1877 = AXIS2_PLACEMENT_3D('',#1878,#1879,#1880);
#1878 = CARTESIAN_POINT('',(-0.485,-0.25,1.5E-02));
#1879 = DIRECTION('',(0.,1.,0.));
#1880 = DIRECTION('',(0.,-0.,1.));
#1881 = ADVANCED_FACE('',(#1882),#1900,.T.);
#1882 = FACE_BOUND('',#1883,.T.);
#1883 = EDGE_LOOP('',(#1884,#1885,#1886,#1894));
#1884 = ORIENTED_EDGE('',*,*,#1784,.T.);
#1885 = ORIENTED_EDGE('',*,*,#1729,.T.);
#1886 = ORIENTED_EDGE('',*,*,#1887,.F.);
#1887 = EDGE_CURVE('',#1888,#1730,#1890,.T.);
#1888 = VERTEX_POINT('',#1889);
#1889 = CARTESIAN_POINT('',(0.315,0.25,0.5));
#1890 = LINE('',#1891,#1892);
#1891 = CARTESIAN_POINT('',(0.315,0.25,0.5));
#1892 = VECTOR('',#1893,1.);
#1893 = DIRECTION('',(0.,-1.,0.));
#1894 = ORIENTED_EDGE('',*,*,#1895,.F.);
#1895 = EDGE_CURVE('',#1785,#1888,#1896,.T.);
#1896 = LINE('',#1897,#1898);
#1897 = CARTESIAN_POINT('',(-0.315,0.25,0.5));
#1898 = VECTOR('',#1899,1.);
#1899 = DIRECTION('',(1.,0.,0.));
#1900 = PLANE('',#1901);
#1901 = AXIS2_PLACEMENT_3D('',#1902,#1903,#1904);
#1902 = CARTESIAN_POINT('',(-0.315,0.25,0.5));
#1903 = DIRECTION('',(0.,0.,1.));
#1904 = DIRECTION('',(1.,0.,-0.));
#1905 = ADVANCED_FACE('',(#1906),#1940,.T.);
#1906 = FACE_BOUND('',#1907,.T.);
#1907 = EDGE_LOOP('',(#1908,#1909,#1910,#1918,#1926,#1934));
#1908 = ORIENTED_EDGE('',*,*,#1887,.T.);
#1909 = ORIENTED_EDGE('',*,*,#1737,.T.);
#1910 = ORIENTED_EDGE('',*,*,#1911,.F.);
#1911 = EDGE_CURVE('',#1912,#1738,#1914,.T.);
#1912 = VERTEX_POINT('',#1913);
#1913 = CARTESIAN_POINT('',(0.35,-0.1875,0.185));
#1914 = LINE('',#1915,#1916);
#1915 = CARTESIAN_POINT('',(0.35,0.25,0.185));
#1916 = VECTOR('',#1917,1.);
#1917 = DIRECTION('',(0.,-1.,0.));
#1918 = ORIENTED_EDGE('',*,*,#1919,.T.);
#1919 = EDGE_CURVE('',#1912,#1920,#1922,.T.);
#1920 = VERTEX_POINT('',#1921);
#1921 = CARTESIAN_POINT('',(0.35,0.1875,0.185));
#1922 = LINE('',#1923,#1924);
#1923 = CARTESIAN_POINT('',(0.35,-0.25,0.185));
#1924 = VECTOR('',#1925,1.);
#1925 = DIRECTION('',(0.,1.,0.));
#1926 = ORIENTED_EDGE('',*,*,#1927,.F.);
#1927 = EDGE_CURVE('',#1928,#1920,#1930,.T.);
#1928 = VERTEX_POINT('',#1929);
#1929 = CARTESIAN_POINT('',(0.35,0.25,0.185));
#1930 = LINE('',#1931,#1932);
#1931 = CARTESIAN_POINT('',(0.35,0.25,0.185));
#1932 = VECTOR('',#1933,1.);
#1933 = DIRECTION('',(0.,-1.,0.));
#1934 = ORIENTED_EDGE('',*,*,#1935,.F.);
#1935 = EDGE_CURVE('',#1888,#1928,#1936,.T.);
#1936 = LINE('',#1937,#1938);
#1937 = CARTESIAN_POINT('',(0.315,0.25,0.5));
#1938 = VECTOR('',#1939,1.);
#1939 = DIRECTION('',(0.110431526075,0.,-0.993883734674));
#1940 = PLANE('',#1941);
#1941 = AXIS2_PLACEMENT_3D('',#1942,#1943,#1944);
#1942 = CARTESIAN_POINT('',(0.315,0.25,0.5));
#1943 = DIRECTION('',(0.993883734674,0.,0.110431526075));
#1944 = DIRECTION('',(0.110431526075,0.,-0.993883734674));
#1945 = ADVANCED_FACE('',(#1946),#1971,.T.);
#1946 = FACE_BOUND('',#1947,.T.);
#1947 = EDGE_LOOP('',(#1948,#1956,#1964,#1970));
#1948 = ORIENTED_EDGE('',*,*,#1949,.F.);
#1949 = EDGE_CURVE('',#1950,#1760,#1952,.T.);
#1950 = VERTEX_POINT('',#1951);
#1951 = CARTESIAN_POINT('',(-0.4625,0.25,0.185));
#1952 = LINE('',#1953,#1954);
#1953 = CARTESIAN_POINT('',(-0.485,0.25,0.185));
#1954 = VECTOR('',#1955,1.);
#1955 = DIRECTION('',(1.,0.,0.));
#1956 = ORIENTED_EDGE('',*,*,#1957,.F.);
#1957 = EDGE_CURVE('',#1958,#1950,#1960,.T.);
#1958 = VERTEX_POINT('',#1959);
#1959 = CARTESIAN_POINT('',(-0.4625,0.1875,0.185));
#1960 = LINE('',#1961,#1962);
#1961 = CARTESIAN_POINT('',(-0.4625,3.125E-02,0.185));
#1962 = VECTOR('',#1963,1.);
#1963 = DIRECTION('',(0.,1.,0.));
#1964 = ORIENTED_EDGE('',*,*,#1965,.F.);
#1965 = EDGE_CURVE('',#1762,#1958,#1966,.T.);
#1966 = LINE('',#1967,#1968);
#1967 = CARTESIAN_POINT('',(-0.47375,0.1875,0.185));
#1968 = VECTOR('',#1969,1.);
#1969 = DIRECTION('',(-1.,0.,0.));
#1970 = ORIENTED_EDGE('',*,*,#1759,.F.);
#1971 = PLANE('',#1972);
#1972 = AXIS2_PLACEMENT_3D('',#1973,#1974,#1975);
#1973 = CARTESIAN_POINT('',(-0.485,-0.25,0.185));
#1974 = DIRECTION('',(0.,0.,1.));
#1975 = DIRECTION('',(1.,0.,-0.));
#1976 = ADVANCED_FACE('',(#1977),#1988,.T.);
#1977 = FACE_BOUND('',#1978,.T.);
#1978 = EDGE_LOOP('',(#1979,#1980,#1981,#1982));
#1979 = ORIENTED_EDGE('',*,*,#1792,.T.);
#1980 = ORIENTED_EDGE('',*,*,#1895,.T.);
#1981 = ORIENTED_EDGE('',*,*,#1935,.T.);
#1982 = ORIENTED_EDGE('',*,*,#1983,.T.);
#1983 = EDGE_CURVE('',#1928,#1760,#1984,.T.);
#1984 = LINE('',#1985,#1986);
#1985 = CARTESIAN_POINT('',(0.35,0.25,0.185));
#1986 = VECTOR('',#1987,1.);
#1987 = DIRECTION('',(-1.,0.,0.));
#1988 = PLANE('',#1989);
#1989 = AXIS2_PLACEMENT_3D('',#1990,#1991,#1992);
#1990 = CARTESIAN_POINT('',(0.,0.25,0.336886104513));
#1991 = DIRECTION('',(0.,1.,0.));
#1992 = DIRECTION('',(0.,-0.,1.));
#1993 = ADVANCED_FACE('',(#1994),#2021,.T.);
#1994 = FACE_BOUND('',#1995,.T.);
#1995 = EDGE_LOOP('',(#1996,#2005,#2013,#2020));
#1996 = ORIENTED_EDGE('',*,*,#1997,.F.);
#1997 = EDGE_CURVE('',#1998,#1762,#2000,.T.);
#1998 = VERTEX_POINT('',#1999);
#1999 = CARTESIAN_POINT('',(-0.365,0.1875,0.2));
#2000 = CIRCLE('',#2001,1.5E-02);
#2001 = AXIS2_PLACEMENT_3D('',#2002,#2003,#2004);
#2002 = CARTESIAN_POINT('',(-0.365,0.1875,0.185));
#2003 = DIRECTION('',(-0.,1.,0.));
#2004 = DIRECTION('',(1.,0.,0.));
#2005 = ORIENTED_EDGE('',*,*,#2006,.F.);
#2006 = EDGE_CURVE('',#2007,#1998,#2009,.T.);
#2007 = VERTEX_POINT('',#2008);
#2008 = CARTESIAN_POINT('',(-0.365,-0.1875,0.2));
#2009 = LINE('',#2010,#2011);
#2010 = CARTESIAN_POINT('',(-0.365,-0.25,0.2));
#2011 = VECTOR('',#2012,1.);
#2012 = DIRECTION('',(0.,1.,0.));
#2013 = ORIENTED_EDGE('',*,*,#2014,.T.);
#2014 = EDGE_CURVE('',#2007,#1770,#2015,.T.);
#2015 = CIRCLE('',#2016,1.5E-02);
#2016 = AXIS2_PLACEMENT_3D('',#2017,#2018,#2019);
#2017 = CARTESIAN_POINT('',(-0.365,-0.1875,0.185));
#2018 = DIRECTION('',(-0.,1.,0.));
#2019 = DIRECTION('',(1.,0.,0.));
#2020 = ORIENTED_EDGE('',*,*,#1769,.T.);
#2021 = CYLINDRICAL_SURFACE('',#2022,1.5E-02);
#2022 = AXIS2_PLACEMENT_3D('',#2023,#2024,#2025);
#2023 = CARTESIAN_POINT('',(-0.365,-0.25,0.185));
#2024 = DIRECTION('',(0.,1.,0.));
#2025 = DIRECTION('',(1.,0.,0.));
#2026 = ADVANCED_FACE('',(#2027),#2045,.T.);
#2027 = FACE_BOUND('',#2028,.T.);
#2028 = EDGE_LOOP('',(#2029,#2037,#2038,#2039));
#2029 = ORIENTED_EDGE('',*,*,#2030,.F.);
#2030 = EDGE_CURVE('',#1825,#2031,#2033,.T.);
#2031 = VERTEX_POINT('',#2032);
#2032 = CARTESIAN_POINT('',(-0.4625,-0.1875,0.185));
#2033 = LINE('',#2034,#2035);
#2034 = CARTESIAN_POINT('',(-0.4625,-0.21875,0.185));
#2035 = VECTOR('',#2036,1.);
#2036 = DIRECTION('',(0.,1.,0.));
#2037 = ORIENTED_EDGE('',*,*,#1832,.T.);
#2038 = ORIENTED_EDGE('',*,*,#1777,.F.);
#2039 = ORIENTED_EDGE('',*,*,#2040,.F.);
#2040 = EDGE_CURVE('',#2031,#1770,#2041,.T.);
#2041 = LINE('',#2042,#2043);
#2042 = CARTESIAN_POINT('',(-1.125E-02,-0.1875,0.185));
#2043 = VECTOR('',#2044,1.);
#2044 = DIRECTION('',(1.,0.,0.));
#2045 = PLANE('',#2046);
#2046 = AXIS2_PLACEMENT_3D('',#2047,#2048,#2049);
#2047 = CARTESIAN_POINT('',(-0.485,-0.25,0.185));
#2048 = DIRECTION('',(0.,0.,1.));
#2049 = DIRECTION('',(1.,0.,-0.));
#2050 = ADVANCED_FACE('',(#2051),#2112,.F.);
#2051 = FACE_BOUND('',#2052,.F.);
#2052 = EDGE_LOOP('',(#2053,#2063,#2072,#2080,#2089,#2097,#2103,#2104,
    #2105,#2106));
#2053 = ORIENTED_EDGE('',*,*,#2054,.F.);
#2054 = EDGE_CURVE('',#2055,#2057,#2059,.T.);
#2055 = VERTEX_POINT('',#2056);
#2056 = CARTESIAN_POINT('',(-0.485,-0.25,-1.734723475977E-18));
#2057 = VERTEX_POINT('',#2058);
#2058 = CARTESIAN_POINT('',(-0.4625,-0.25,0.));
#2059 = LINE('',#2060,#2061);
#2060 = CARTESIAN_POINT('',(-0.5,-0.25,0.));
#2061 = VECTOR('',#2062,1.);
#2062 = DIRECTION('',(1.,0.,0.));
#2063 = ORIENTED_EDGE('',*,*,#2064,.F.);
#2064 = EDGE_CURVE('',#2065,#2055,#2067,.T.);
#2065 = VERTEX_POINT('',#2066);
#2066 = CARTESIAN_POINT('',(-0.5,-0.25,1.5E-02));
#2067 = CIRCLE('',#2068,1.5E-02);
#2068 = AXIS2_PLACEMENT_3D('',#2069,#2070,#2071);
#2069 = CARTESIAN_POINT('',(-0.485,-0.25,1.5E-02));
#2070 = DIRECTION('',(0.,-1.,0.));
#2071 = DIRECTION('',(0.,0.,1.));
#2072 = ORIENTED_EDGE('',*,*,#2073,.T.);
#2073 = EDGE_CURVE('',#2065,#2074,#2076,.T.);
#2074 = VERTEX_POINT('',#2075);
#2075 = CARTESIAN_POINT('',(-0.5,-0.25,0.185));
#2076 = LINE('',#2077,#2078);
#2077 = CARTESIAN_POINT('',(-0.5,-0.25,0.));
#2078 = VECTOR('',#2079,1.);
#2079 = DIRECTION('',(0.,0.,1.));
#2080 = ORIENTED_EDGE('',*,*,#2081,.T.);
#2081 = EDGE_CURVE('',#2074,#2082,#2084,.T.);
#2082 = VERTEX_POINT('',#2083);
#2083 = CARTESIAN_POINT('',(-0.485,-0.25,0.2));
#2084 = CIRCLE('',#2085,1.5E-02);
#2085 = AXIS2_PLACEMENT_3D('',#2086,#2087,#2088);
#2086 = CARTESIAN_POINT('',(-0.485,-0.25,0.185));
#2087 = DIRECTION('',(0.,1.,0.));
#2088 = DIRECTION('',(0.,-0.,1.));
#2089 = ORIENTED_EDGE('',*,*,#2090,.T.);
#2090 = EDGE_CURVE('',#2082,#2091,#2093,.T.);
#2091 = VERTEX_POINT('',#2092);
#2092 = CARTESIAN_POINT('',(-0.4625,-0.25,0.2));
#2093 = LINE('',#2094,#2095);
#2094 = CARTESIAN_POINT('',(-0.5,-0.25,0.2));
#2095 = VECTOR('',#2096,1.);
#2096 = DIRECTION('',(1.,0.,0.));
#2097 = ORIENTED_EDGE('',*,*,#2098,.F.);
#2098 = EDGE_CURVE('',#1825,#2091,#2099,.T.);
#2099 = LINE('',#2100,#2101);
#2100 = CARTESIAN_POINT('',(-0.4625,-0.25,0.15));
#2101 = VECTOR('',#2102,1.);
#2102 = DIRECTION('',(0.,0.,1.));
#2103 = ORIENTED_EDGE('',*,*,#1824,.F.);
#2104 = ORIENTED_EDGE('',*,*,#1816,.F.);
#2105 = ORIENTED_EDGE('',*,*,#1806,.T.);
#2106 = ORIENTED_EDGE('',*,*,#2107,.F.);
#2107 = EDGE_CURVE('',#2057,#1809,#2108,.T.);
#2108 = LINE('',#2109,#2110);
#2109 = CARTESIAN_POINT('',(-0.4625,-0.25,0.15));
#2110 = VECTOR('',#2111,1.);
#2111 = DIRECTION('',(0.,0.,1.));
#2112 = PLANE('',#2113);
#2113 = AXIS2_PLACEMENT_3D('',#2114,#2115,#2116);
#2114 = CARTESIAN_POINT('',(-0.5,-0.25,0.));
#2115 = DIRECTION('',(0.,1.,0.));
#2116 = DIRECTION('',(0.,-0.,1.));
#2117 = ADVANCED_FACE('',(#2118,#2207),#2233,.F.);
#2118 = FACE_BOUND('',#2119,.F.);
#2119 = EDGE_LOOP('',(#2120,#2128,#2129,#2137,#2145,#2153,#2161,#2169,
    #2177,#2185,#2193,#2201));
#2120 = ORIENTED_EDGE('',*,*,#2121,.F.);
#2121 = EDGE_CURVE('',#1809,#2122,#2124,.T.);
#2122 = VERTEX_POINT('',#2123);
#2123 = CARTESIAN_POINT('',(-0.4625,-0.1875,1.5E-02));
#2124 = LINE('',#2125,#2126);
#2125 = CARTESIAN_POINT('',(-0.4625,-0.21875,1.5E-02));
#2126 = VECTOR('',#2127,1.);
#2127 = DIRECTION('',(0.,1.,0.));
#2128 = ORIENTED_EDGE('',*,*,#1871,.T.);
#2129 = ORIENTED_EDGE('',*,*,#2130,.F.);
#2130 = EDGE_CURVE('',#2131,#1864,#2133,.T.);
#2131 = VERTEX_POINT('',#2132);
#2132 = CARTESIAN_POINT('',(0.4625,-0.1875,1.5E-02));
#2133 = LINE('',#2134,#2135);
#2134 = CARTESIAN_POINT('',(0.4625,-0.28125,1.5E-02));
#2135 = VECTOR('',#2136,1.);
#2136 = DIRECTION('',(0.,-1.,0.));
#2137 = ORIENTED_EDGE('',*,*,#2138,.F.);
#2138 = EDGE_CURVE('',#2139,#2131,#2141,.T.);
#2139 = VERTEX_POINT('',#2140);
#2140 = CARTESIAN_POINT('',(0.35,-0.1875,1.5E-02));
#2141 = LINE('',#2142,#2143);
#2142 = CARTESIAN_POINT('',(-1.125E-02,-0.1875,1.5E-02));
#2143 = VECTOR('',#2144,1.);
#2144 = DIRECTION('',(1.,0.,0.));
#2145 = ORIENTED_EDGE('',*,*,#2146,.T.);
#2146 = EDGE_CURVE('',#2139,#2147,#2149,.T.);
#2147 = VERTEX_POINT('',#2148);
#2148 = CARTESIAN_POINT('',(0.35,0.1875,1.5E-02));
#2149 = LINE('',#2150,#2151);
#2150 = CARTESIAN_POINT('',(0.35,-0.25,1.5E-02));
#2151 = VECTOR('',#2152,1.);
#2152 = DIRECTION('',(0.,1.,0.));
#2153 = ORIENTED_EDGE('',*,*,#2154,.F.);
#2154 = EDGE_CURVE('',#2155,#2147,#2157,.T.);
#2155 = VERTEX_POINT('',#2156);
#2156 = CARTESIAN_POINT('',(0.4625,0.1875,1.5E-02));
#2157 = LINE('',#2158,#2159);
#2158 = CARTESIAN_POINT('',(-0.47375,0.1875,1.5E-02));
#2159 = VECTOR('',#2160,1.);
#2160 = DIRECTION('',(-1.,0.,0.));
#2161 = ORIENTED_EDGE('',*,*,#2162,.F.);
#2162 = EDGE_CURVE('',#2163,#2155,#2165,.T.);
#2163 = VERTEX_POINT('',#2164);
#2164 = CARTESIAN_POINT('',(0.4625,0.25,1.5E-02));
#2165 = LINE('',#2166,#2167);
#2166 = CARTESIAN_POINT('',(0.4625,-3.125E-02,1.5E-02));
#2167 = VECTOR('',#2168,1.);
#2168 = DIRECTION('',(0.,-1.,0.));
#2169 = ORIENTED_EDGE('',*,*,#2170,.F.);
#2170 = EDGE_CURVE('',#2171,#2163,#2173,.T.);
#2171 = VERTEX_POINT('',#2172);
#2172 = CARTESIAN_POINT('',(-0.4625,0.25,1.5E-02));
#2173 = LINE('',#2174,#2175);
#2174 = CARTESIAN_POINT('',(-0.485,0.25,1.5E-02));
#2175 = VECTOR('',#2176,1.);
#2176 = DIRECTION('',(1.,0.,0.));
#2177 = ORIENTED_EDGE('',*,*,#2178,.F.);
#2178 = EDGE_CURVE('',#2179,#2171,#2181,.T.);
#2179 = VERTEX_POINT('',#2180);
#2180 = CARTESIAN_POINT('',(-0.4625,0.1875,1.5E-02));
#2181 = LINE('',#2182,#2183);
#2182 = CARTESIAN_POINT('',(-0.4625,3.125E-02,1.5E-02));
#2183 = VECTOR('',#2184,1.);
#2184 = DIRECTION('',(0.,1.,0.));
#2185 = ORIENTED_EDGE('',*,*,#2186,.F.);
#2186 = EDGE_CURVE('',#2187,#2179,#2189,.T.);
#2187 = VERTEX_POINT('',#2188);
#2188 = CARTESIAN_POINT('',(-0.35,0.1875,1.5E-02));
#2189 = LINE('',#2190,#2191);
#2190 = CARTESIAN_POINT('',(-0.47375,0.1875,1.5E-02));
#2191 = VECTOR('',#2192,1.);
#2192 = DIRECTION('',(-1.,0.,0.));
#2193 = ORIENTED_EDGE('',*,*,#2194,.F.);
#2194 = EDGE_CURVE('',#2195,#2187,#2197,.T.);
#2195 = VERTEX_POINT('',#2196);
#2196 = CARTESIAN_POINT('',(-0.35,-0.1875,1.5E-02));
#2197 = LINE('',#2198,#2199);
#2198 = CARTESIAN_POINT('',(-0.35,-0.25,1.5E-02));
#2199 = VECTOR('',#2200,1.);
#2200 = DIRECTION('',(0.,1.,0.));
#2201 = ORIENTED_EDGE('',*,*,#2202,.F.);
#2202 = EDGE_CURVE('',#2122,#2195,#2203,.T.);
#2203 = LINE('',#2204,#2205);
#2204 = CARTESIAN_POINT('',(-1.125E-02,-0.1875,1.5E-02));
#2205 = VECTOR('',#2206,1.);
#2206 = DIRECTION('',(1.,0.,0.));
#2207 = FACE_BOUND('',#2208,.F.);
#2208 = EDGE_LOOP('',(#2209,#2219,#2227));
#2209 = ORIENTED_EDGE('',*,*,#2210,.T.);
#2210 = EDGE_CURVE('',#2211,#2213,#2215,.T.);
#2211 = VERTEX_POINT('',#2212);
#2212 = CARTESIAN_POINT('',(0.173205080757,0.2,1.5E-02));
#2213 = VERTEX_POINT('',#2214);
#2214 = CARTESIAN_POINT('',(0.173205080757,-0.2,1.5E-02));
#2215 = LINE('',#2216,#2217);
#2216 = CARTESIAN_POINT('',(0.173205080757,0.2,1.5E-02));
#2217 = VECTOR('',#2218,1.);
#2218 = DIRECTION('',(0.,-1.,0.));
#2219 = ORIENTED_EDGE('',*,*,#2220,.T.);
#2220 = EDGE_CURVE('',#2213,#2221,#2223,.T.);
#2221 = VERTEX_POINT('',#2222);
#2222 = CARTESIAN_POINT('',(-0.173205080757,0.,1.5E-02));
#2223 = LINE('',#2224,#2225);
#2224 = CARTESIAN_POINT('',(0.173205080757,-0.2,1.5E-02));
#2225 = VECTOR('',#2226,1.);
#2226 = DIRECTION('',(-0.866025403784,0.5,0.));
#2227 = ORIENTED_EDGE('',*,*,#2228,.T.);
#2228 = EDGE_CURVE('',#2221,#2211,#2229,.T.);
#2229 = LINE('',#2230,#2231);
#2230 = CARTESIAN_POINT('',(-0.173205080757,0.,1.5E-02));
#2231 = VECTOR('',#2232,1.);
#2232 = DIRECTION('',(0.866025403784,0.5,0.));
#2233 = PLANE('',#2234);
#2234 = AXIS2_PLACEMENT_3D('',#2235,#2236,#2237);
#2235 = CARTESIAN_POINT('',(-0.485,-0.25,1.5E-02));
#2236 = DIRECTION('',(0.,0.,1.));
#2237 = DIRECTION('',(1.,0.,-0.));
#2238 = ADVANCED_FACE('',(#2239),#2300,.F.);
#2239 = FACE_BOUND('',#2240,.F.);
#2240 = EDGE_LOOP('',(#2241,#2251,#2257,#2258,#2259,#2260,#2268,#2276,
    #2285,#2293));
#2241 = ORIENTED_EDGE('',*,*,#2242,.F.);
#2242 = EDGE_CURVE('',#2243,#2245,#2247,.T.);
#2243 = VERTEX_POINT('',#2244);
#2244 = CARTESIAN_POINT('',(0.4625,-0.25,0.));
#2245 = VERTEX_POINT('',#2246);
#2246 = CARTESIAN_POINT('',(0.485,-0.25,-1.734723475977E-18));
#2247 = LINE('',#2248,#2249);
#2248 = CARTESIAN_POINT('',(0.35,-0.25,0.));
#2249 = VECTOR('',#2250,1.);
#2250 = DIRECTION('',(1.,0.,0.));
#2251 = ORIENTED_EDGE('',*,*,#2252,.F.);
#2252 = EDGE_CURVE('',#1864,#2243,#2253,.T.);
#2253 = LINE('',#2254,#2255);
#2254 = CARTESIAN_POINT('',(0.4625,-0.25,0.15));
#2255 = VECTOR('',#2256,1.);
#2256 = DIRECTION('',(0.,0.,-1.));
#2257 = ORIENTED_EDGE('',*,*,#1863,.T.);
#2258 = ORIENTED_EDGE('',*,*,#1855,.T.);
#2259 = ORIENTED_EDGE('',*,*,#1847,.F.);
#2260 = ORIENTED_EDGE('',*,*,#2261,.F.);
#2261 = EDGE_CURVE('',#2262,#1840,#2264,.T.);
#2262 = VERTEX_POINT('',#2263);
#2263 = CARTESIAN_POINT('',(0.4625,-0.25,0.2));
#2264 = LINE('',#2265,#2266);
#2265 = CARTESIAN_POINT('',(0.4625,-0.25,0.15));
#2266 = VECTOR('',#2267,1.);
#2267 = DIRECTION('',(0.,0.,-1.));
#2268 = ORIENTED_EDGE('',*,*,#2269,.T.);
#2269 = EDGE_CURVE('',#2262,#2270,#2272,.T.);
#2270 = VERTEX_POINT('',#2271);
#2271 = CARTESIAN_POINT('',(0.485,-0.25,0.2));
#2272 = LINE('',#2273,#2274);
#2273 = CARTESIAN_POINT('',(0.35,-0.25,0.2));
#2274 = VECTOR('',#2275,1.);
#2275 = DIRECTION('',(1.,0.,0.));
#2276 = ORIENTED_EDGE('',*,*,#2277,.F.);
#2277 = EDGE_CURVE('',#2278,#2270,#2280,.T.);
#2278 = VERTEX_POINT('',#2279);
#2279 = CARTESIAN_POINT('',(0.5,-0.25,0.185));
#2280 = CIRCLE('',#2281,1.5E-02);
#2281 = AXIS2_PLACEMENT_3D('',#2282,#2283,#2284);
#2282 = CARTESIAN_POINT('',(0.485,-0.25,0.185));
#2283 = DIRECTION('',(0.,-1.,0.));
#2284 = DIRECTION('',(0.,0.,1.));
#2285 = ORIENTED_EDGE('',*,*,#2286,.F.);
#2286 = EDGE_CURVE('',#2287,#2278,#2289,.T.);
#2287 = VERTEX_POINT('',#2288);
#2288 = CARTESIAN_POINT('',(0.5,-0.25,1.5E-02));
#2289 = LINE('',#2290,#2291);
#2290 = CARTESIAN_POINT('',(0.5,-0.25,0.));
#2291 = VECTOR('',#2292,1.);
#2292 = DIRECTION('',(0.,0.,1.));
#2293 = ORIENTED_EDGE('',*,*,#2294,.T.);
#2294 = EDGE_CURVE('',#2287,#2245,#2295,.T.);
#2295 = CIRCLE('',#2296,1.5E-02);
#2296 = AXIS2_PLACEMENT_3D('',#2297,#2298,#2299);
#2297 = CARTESIAN_POINT('',(0.485,-0.25,1.5E-02));
#2298 = DIRECTION('',(0.,1.,0.));
#2299 = DIRECTION('',(0.,-0.,1.));
#2300 = PLANE('',#2301);
#2301 = AXIS2_PLACEMENT_3D('',#2302,#2303,#2304);
#2302 = CARTESIAN_POINT('',(0.35,-0.25,0.));
#2303 = DIRECTION('',(0.,1.,0.));
#2304 = DIRECTION('',(0.,-0.,1.));
#2305 = ADVANCED_FACE('',(#2306),#2324,.T.);
#2306 = FACE_BOUND('',#2307,.T.);
#2307 = EDGE_LOOP('',(#2308,#2316,#2317,#2318));
#2308 = ORIENTED_EDGE('',*,*,#2309,.F.);
#2309 = EDGE_CURVE('',#1912,#2310,#2312,.T.);
#2310 = VERTEX_POINT('',#2311);
#2311 = CARTESIAN_POINT('',(0.4625,-0.1875,0.185));
#2312 = LINE('',#2313,#2314);
#2313 = CARTESIAN_POINT('',(-1.125E-02,-0.1875,0.185));
#2314 = VECTOR('',#2315,1.);
#2315 = DIRECTION('',(1.,0.,0.));
#2316 = ORIENTED_EDGE('',*,*,#1911,.T.);
#2317 = ORIENTED_EDGE('',*,*,#1839,.T.);
#2318 = ORIENTED_EDGE('',*,*,#2319,.F.);
#2319 = EDGE_CURVE('',#2310,#1840,#2320,.T.);
#2320 = LINE('',#2321,#2322);
#2321 = CARTESIAN_POINT('',(0.4625,-0.28125,0.185));
#2322 = VECTOR('',#2323,1.);
#2323 = DIRECTION('',(0.,-1.,0.));
#2324 = PLANE('',#2325);
#2325 = AXIS2_PLACEMENT_3D('',#2326,#2327,#2328);
#2326 = CARTESIAN_POINT('',(-0.485,-0.25,0.185));
#2327 = DIRECTION('',(0.,0.,1.));
#2328 = DIRECTION('',(1.,0.,-0.));
#2329 = ADVANCED_FACE('',(#2330),#2355,.T.);
#2330 = FACE_BOUND('',#2331,.T.);
#2331 = EDGE_LOOP('',(#2332,#2340,#2341,#2349));
#2332 = ORIENTED_EDGE('',*,*,#2333,.F.);
#2333 = EDGE_CURVE('',#1928,#2334,#2336,.T.);
#2334 = VERTEX_POINT('',#2335);
#2335 = CARTESIAN_POINT('',(0.4625,0.25,0.185));
#2336 = LINE('',#2337,#2338);
#2337 = CARTESIAN_POINT('',(-0.485,0.25,0.185));
#2338 = VECTOR('',#2339,1.);
#2339 = DIRECTION('',(1.,0.,0.));
#2340 = ORIENTED_EDGE('',*,*,#1927,.T.);
#2341 = ORIENTED_EDGE('',*,*,#2342,.F.);
#2342 = EDGE_CURVE('',#2343,#1920,#2345,.T.);
#2343 = VERTEX_POINT('',#2344);
#2344 = CARTESIAN_POINT('',(0.4625,0.1875,0.185));
#2345 = LINE('',#2346,#2347);
#2346 = CARTESIAN_POINT('',(-0.47375,0.1875,0.185));
#2347 = VECTOR('',#2348,1.);
#2348 = DIRECTION('',(-1.,0.,0.));
#2349 = ORIENTED_EDGE('',*,*,#2350,.F.);
#2350 = EDGE_CURVE('',#2334,#2343,#2351,.T.);
#2351 = LINE('',#2352,#2353);
#2352 = CARTESIAN_POINT('',(0.4625,-3.125E-02,0.185));
#2353 = VECTOR('',#2354,1.);
#2354 = DIRECTION('',(0.,-1.,0.));
#2355 = PLANE('',#2356);
#2356 = AXIS2_PLACEMENT_3D('',#2357,#2358,#2359);
#2357 = CARTESIAN_POINT('',(-0.485,-0.25,0.185));
#2358 = DIRECTION('',(0.,0.,1.));
#2359 = DIRECTION('',(1.,0.,-0.));
#2360 = ADVANCED_FACE('',(#2361),#2388,.T.);
#2361 = FACE_BOUND('',#2362,.T.);
#2362 = EDGE_LOOP('',(#2363,#2364,#2373,#2381));
#2363 = ORIENTED_EDGE('',*,*,#1919,.F.);
#2364 = ORIENTED_EDGE('',*,*,#2365,.T.);
#2365 = EDGE_CURVE('',#1912,#2366,#2368,.T.);
#2366 = VERTEX_POINT('',#2367);
#2367 = CARTESIAN_POINT('',(0.365,-0.1875,0.2));
#2368 = CIRCLE('',#2369,1.5E-02);
#2369 = AXIS2_PLACEMENT_3D('',#2370,#2371,#2372);
#2370 = CARTESIAN_POINT('',(0.365,-0.1875,0.185));
#2371 = DIRECTION('',(0.,1.,-0.));
#2372 = DIRECTION('',(-1.,0.,0.));
#2373 = ORIENTED_EDGE('',*,*,#2374,.T.);
#2374 = EDGE_CURVE('',#2366,#2375,#2377,.T.);
#2375 = VERTEX_POINT('',#2376);
#2376 = CARTESIAN_POINT('',(0.365,0.1875,0.2));
#2377 = LINE('',#2378,#2379);
#2378 = CARTESIAN_POINT('',(0.365,-0.25,0.2));
#2379 = VECTOR('',#2380,1.);
#2380 = DIRECTION('',(0.,1.,0.));
#2381 = ORIENTED_EDGE('',*,*,#2382,.F.);
#2382 = EDGE_CURVE('',#1920,#2375,#2383,.T.);
#2383 = CIRCLE('',#2384,1.5E-02);
#2384 = AXIS2_PLACEMENT_3D('',#2385,#2386,#2387);
#2385 = CARTESIAN_POINT('',(0.365,0.1875,0.185));
#2386 = DIRECTION('',(0.,1.,-0.));
#2387 = DIRECTION('',(-1.,0.,0.));
#2388 = CYLINDRICAL_SURFACE('',#2389,1.5E-02);
#2389 = AXIS2_PLACEMENT_3D('',#2390,#2391,#2392);
#2390 = CARTESIAN_POINT('',(0.365,-0.25,0.185));
#2391 = DIRECTION('',(0.,1.,0.));
#2392 = DIRECTION('',(-1.,0.,0.));
#2393 = ADVANCED_FACE('',(#2394),#2444,.T.);
#2394 = FACE_BOUND('',#2395,.T.);
#2395 = EDGE_LOOP('',(#2396,#2404,#2412,#2418,#2419,#2420,#2421,#2429,
    #2437,#2443));
#2396 = ORIENTED_EDGE('',*,*,#2397,.F.);
#2397 = EDGE_CURVE('',#2398,#2171,#2400,.T.);
#2398 = VERTEX_POINT('',#2399);
#2399 = CARTESIAN_POINT('',(-0.485,0.25,1.5E-02));
#2400 = LINE('',#2401,#2402);
#2401 = CARTESIAN_POINT('',(-0.485,0.25,1.5E-02));
#2402 = VECTOR('',#2403,1.);
#2403 = DIRECTION('',(1.,0.,0.));
#2404 = ORIENTED_EDGE('',*,*,#2405,.T.);
#2405 = EDGE_CURVE('',#2398,#2406,#2408,.T.);
#2406 = VERTEX_POINT('',#2407);
#2407 = CARTESIAN_POINT('',(-0.485,0.25,0.185));
#2408 = LINE('',#2409,#2410);
#2409 = CARTESIAN_POINT('',(-0.485,0.25,1.5E-02));
#2410 = VECTOR('',#2411,1.);
#2411 = DIRECTION('',(0.,0.,1.));
#2412 = ORIENTED_EDGE('',*,*,#2413,.T.);
#2413 = EDGE_CURVE('',#2406,#1950,#2414,.T.);
#2414 = LINE('',#2415,#2416);
#2415 = CARTESIAN_POINT('',(-0.485,0.25,0.185));
#2416 = VECTOR('',#2417,1.);
#2417 = DIRECTION('',(1.,0.,0.));
#2418 = ORIENTED_EDGE('',*,*,#1949,.T.);
#2419 = ORIENTED_EDGE('',*,*,#1983,.F.);
#2420 = ORIENTED_EDGE('',*,*,#2333,.T.);
#2421 = ORIENTED_EDGE('',*,*,#2422,.T.);
#2422 = EDGE_CURVE('',#2334,#2423,#2425,.T.);
#2423 = VERTEX_POINT('',#2424);
#2424 = CARTESIAN_POINT('',(0.485,0.25,0.185));
#2425 = LINE('',#2426,#2427);
#2426 = CARTESIAN_POINT('',(-0.485,0.25,0.185));
#2427 = VECTOR('',#2428,1.);
#2428 = DIRECTION('',(1.,0.,0.));
#2429 = ORIENTED_EDGE('',*,*,#2430,.F.);
#2430 = EDGE_CURVE('',#2431,#2423,#2433,.T.);
#2431 = VERTEX_POINT('',#2432);
#2432 = CARTESIAN_POINT('',(0.485,0.25,1.5E-02));
#2433 = LINE('',#2434,#2435);
#2434 = CARTESIAN_POINT('',(0.485,0.25,1.5E-02));
#2435 = VECTOR('',#2436,1.);
#2436 = DIRECTION('',(0.,0.,1.));
#2437 = ORIENTED_EDGE('',*,*,#2438,.F.);
#2438 = EDGE_CURVE('',#2163,#2431,#2439,.T.);
#2439 = LINE('',#2440,#2441);
#2440 = CARTESIAN_POINT('',(-0.485,0.25,1.5E-02));
#2441 = VECTOR('',#2442,1.);
#2442 = DIRECTION('',(1.,0.,0.));
#2443 = ORIENTED_EDGE('',*,*,#2170,.F.);
#2444 = PLANE('',#2445);
#2445 = AXIS2_PLACEMENT_3D('',#2446,#2447,#2448);
#2446 = CARTESIAN_POINT('',(-0.485,0.25,1.5E-02));
#2447 = DIRECTION('',(0.,1.,0.));
#2448 = DIRECTION('',(0.,-0.,1.));
#2449 = ADVANCED_FACE('',(#2450),#2468,.F.);
#2450 = FACE_BOUND('',#2451,.F.);
#2451 = EDGE_LOOP('',(#2452,#2460,#2466,#2467));
#2452 = ORIENTED_EDGE('',*,*,#2453,.F.);
#2453 = EDGE_CURVE('',#2454,#1998,#2456,.T.);
#2454 = VERTEX_POINT('',#2455);
#2455 = CARTESIAN_POINT('',(-0.4625,0.1875,0.2));
#2456 = LINE('',#2457,#2458);
#2457 = CARTESIAN_POINT('',(-0.48125,0.1875,0.2));
#2458 = VECTOR('',#2459,1.);
#2459 = DIRECTION('',(1.,0.,0.));
#2460 = ORIENTED_EDGE('',*,*,#2461,.T.);
#2461 = EDGE_CURVE('',#2454,#1958,#2462,.T.);
#2462 = LINE('',#2463,#2464);
#2463 = CARTESIAN_POINT('',(-0.4625,0.1875,0.3));
#2464 = VECTOR('',#2465,1.);
#2465 = DIRECTION('',(-0.,-0.,-1.));
#2466 = ORIENTED_EDGE('',*,*,#1965,.F.);
#2467 = ORIENTED_EDGE('',*,*,#1997,.F.);
#2468 = PLANE('',#2469);
#2469 = AXIS2_PLACEMENT_3D('',#2470,#2471,#2472);
#2470 = CARTESIAN_POINT('',(-0.4625,0.1875,0.3));
#2471 = DIRECTION('',(0.,-1.,0.));
#2472 = DIRECTION('',(1.,0.,0.));
#2473 = ADVANCED_FACE('',(#2474),#2492,.F.);
#2474 = FACE_BOUND('',#2475,.F.);
#2475 = EDGE_LOOP('',(#2476,#2477,#2485,#2491));
#2476 = ORIENTED_EDGE('',*,*,#2461,.F.);
#2477 = ORIENTED_EDGE('',*,*,#2478,.F.);
#2478 = EDGE_CURVE('',#2479,#2454,#2481,.T.);
#2479 = VERTEX_POINT('',#2480);
#2480 = CARTESIAN_POINT('',(-0.4625,0.25,0.2));
#2481 = LINE('',#2482,#2483);
#2482 = CARTESIAN_POINT('',(-0.4625,3.125E-02,0.2));
#2483 = VECTOR('',#2484,1.);
#2484 = DIRECTION('',(0.,-1.,0.));
#2485 = ORIENTED_EDGE('',*,*,#2486,.F.);
#2486 = EDGE_CURVE('',#1950,#2479,#2487,.T.);
#2487 = LINE('',#2488,#2489);
#2488 = CARTESIAN_POINT('',(-0.4625,0.25,0.15));
#2489 = VECTOR('',#2490,1.);
#2490 = DIRECTION('',(0.,0.,1.));
#2491 = ORIENTED_EDGE('',*,*,#1957,.F.);
#2492 = PLANE('',#2493);
#2493 = AXIS2_PLACEMENT_3D('',#2494,#2495,#2496);
#2494 = CARTESIAN_POINT('',(-0.4625,0.3125,0.3));
#2495 = DIRECTION('',(-1.,0.,0.));
#2496 = DIRECTION('',(0.,-1.,0.));
#2497 = ADVANCED_FACE('',(#2498),#2516,.F.);
#2498 = FACE_BOUND('',#2499,.F.);
#2499 = EDGE_LOOP('',(#2500,#2508,#2514,#2515));
#2500 = ORIENTED_EDGE('',*,*,#2501,.F.);
#2501 = EDGE_CURVE('',#2502,#2031,#2504,.T.);
#2502 = VERTEX_POINT('',#2503);
#2503 = CARTESIAN_POINT('',(-0.4625,-0.1875,0.2));
#2504 = LINE('',#2505,#2506);
#2505 = CARTESIAN_POINT('',(-0.4625,-0.1875,0.3));
#2506 = VECTOR('',#2507,1.);
#2507 = DIRECTION('',(-0.,-0.,-1.));
#2508 = ORIENTED_EDGE('',*,*,#2509,.F.);
#2509 = EDGE_CURVE('',#2007,#2502,#2510,.T.);
#2510 = LINE('',#2511,#2512);
#2511 = CARTESIAN_POINT('',(-1.875E-02,-0.1875,0.2));
#2512 = VECTOR('',#2513,1.);
#2513 = DIRECTION('',(-1.,0.,0.));
#2514 = ORIENTED_EDGE('',*,*,#2014,.T.);
#2515 = ORIENTED_EDGE('',*,*,#2040,.F.);
#2516 = PLANE('',#2517);
#2517 = AXIS2_PLACEMENT_3D('',#2518,#2519,#2520);
#2518 = CARTESIAN_POINT('',(0.4625,-0.1875,0.3));
#2519 = DIRECTION('',(0.,1.,0.));
#2520 = DIRECTION('',(-1.,0.,0.));
#2521 = ADVANCED_FACE('',(#2522),#2549,.T.);
#2522 = FACE_BOUND('',#2523,.T.);
#2523 = EDGE_LOOP('',(#2524,#2532,#2538,#2539,#2545,#2546,#2547,#2548));
#2524 = ORIENTED_EDGE('',*,*,#2525,.F.);
#2525 = EDGE_CURVE('',#2526,#2479,#2528,.T.);
#2526 = VERTEX_POINT('',#2527);
#2527 = CARTESIAN_POINT('',(-0.485,0.25,0.2));
#2528 = LINE('',#2529,#2530);
#2529 = CARTESIAN_POINT('',(-0.5,0.25,0.2));
#2530 = VECTOR('',#2531,1.);
#2531 = DIRECTION('',(1.,0.,0.));
#2532 = ORIENTED_EDGE('',*,*,#2533,.F.);
#2533 = EDGE_CURVE('',#2082,#2526,#2534,.T.);
#2534 = LINE('',#2535,#2536);
#2535 = CARTESIAN_POINT('',(-0.485,-0.25,0.2));
#2536 = VECTOR('',#2537,1.);
#2537 = DIRECTION('',(0.,1.,0.));
#2538 = ORIENTED_EDGE('',*,*,#2090,.T.);
#2539 = ORIENTED_EDGE('',*,*,#2540,.F.);
#2540 = EDGE_CURVE('',#2502,#2091,#2541,.T.);
#2541 = LINE('',#2542,#2543);
#2542 = CARTESIAN_POINT('',(-0.4625,-0.21875,0.2));
#2543 = VECTOR('',#2544,1.);
#2544 = DIRECTION('',(0.,-1.,0.));
#2545 = ORIENTED_EDGE('',*,*,#2509,.F.);
#2546 = ORIENTED_EDGE('',*,*,#2006,.T.);
#2547 = ORIENTED_EDGE('',*,*,#2453,.F.);
#2548 = ORIENTED_EDGE('',*,*,#2478,.F.);
#2549 = PLANE('',#2550);
#2550 = AXIS2_PLACEMENT_3D('',#2551,#2552,#2553);
#2551 = CARTESIAN_POINT('',(-0.5,-0.25,0.2));
#2552 = DIRECTION('',(0.,0.,1.));
#2553 = DIRECTION('',(1.,0.,-0.));
#2554 = ADVANCED_FACE('',(#2555),#2561,.F.);
#2555 = FACE_BOUND('',#2556,.F.);
#2556 = EDGE_LOOP('',(#2557,#2558,#2559,#2560));
#2557 = ORIENTED_EDGE('',*,*,#2540,.F.);
#2558 = ORIENTED_EDGE('',*,*,#2501,.T.);
#2559 = ORIENTED_EDGE('',*,*,#2030,.F.);
#2560 = ORIENTED_EDGE('',*,*,#2098,.T.);
#2561 = PLANE('',#2562);
#2562 = AXIS2_PLACEMENT_3D('',#2563,#2564,#2565);
#2563 = CARTESIAN_POINT('',(-0.4625,-0.1875,0.3));
#2564 = DIRECTION('',(-1.,0.,0.));
#2565 = DIRECTION('',(0.,-1.,0.));
#2566 = ADVANCED_FACE('',(#2567),#2624,.F.);
#2567 = FACE_BOUND('',#2568,.F.);
#2568 = EDGE_LOOP('',(#2569,#2579,#2585,#2586,#2594,#2602,#2610,#2618));
#2569 = ORIENTED_EDGE('',*,*,#2570,.F.);
#2570 = EDGE_CURVE('',#2571,#2573,#2575,.T.);
#2571 = VERTEX_POINT('',#2572);
#2572 = CARTESIAN_POINT('',(-0.485,0.25,-1.734723475977E-18));
#2573 = VERTEX_POINT('',#2574);
#2574 = CARTESIAN_POINT('',(-0.4625,0.25,0.));
#2575 = LINE('',#2576,#2577);
#2576 = CARTESIAN_POINT('',(-0.5,0.25,0.));
#2577 = VECTOR('',#2578,1.);
#2578 = DIRECTION('',(1.,0.,0.));
#2579 = ORIENTED_EDGE('',*,*,#2580,.F.);
#2580 = EDGE_CURVE('',#2055,#2571,#2581,.T.);
#2581 = LINE('',#2582,#2583);
#2582 = CARTESIAN_POINT('',(-0.485,-0.25,-1.734723475977E-18));
#2583 = VECTOR('',#2584,1.);
#2584 = DIRECTION('',(0.,1.,0.));
#2585 = ORIENTED_EDGE('',*,*,#2054,.T.);
#2586 = ORIENTED_EDGE('',*,*,#2587,.F.);
#2587 = EDGE_CURVE('',#2588,#2057,#2590,.T.);
#2588 = VERTEX_POINT('',#2589);
#2589 = CARTESIAN_POINT('',(-0.4625,-0.1875,0.));
#2590 = LINE('',#2591,#2592);
#2591 = CARTESIAN_POINT('',(-0.4625,-0.21875,0.));
#2592 = VECTOR('',#2593,1.);
#2593 = DIRECTION('',(0.,-1.,0.));
#2594 = ORIENTED_EDGE('',*,*,#2595,.F.);
#2595 = EDGE_CURVE('',#2596,#2588,#2598,.T.);
#2596 = VERTEX_POINT('',#2597);
#2597 = CARTESIAN_POINT('',(-0.365,-0.1875,-1.734723475977E-18));
#2598 = LINE('',#2599,#2600);
#2599 = CARTESIAN_POINT('',(-1.875E-02,-0.1875,0.));
#2600 = VECTOR('',#2601,1.);
#2601 = DIRECTION('',(-1.,0.,0.));
#2602 = ORIENTED_EDGE('',*,*,#2603,.T.);
#2603 = EDGE_CURVE('',#2596,#2604,#2606,.T.);
#2604 = VERTEX_POINT('',#2605);
#2605 = CARTESIAN_POINT('',(-0.365,0.1875,-1.734723475977E-18));
#2606 = LINE('',#2607,#2608);
#2607 = CARTESIAN_POINT('',(-0.365,-0.25,-1.734723475977E-18));
#2608 = VECTOR('',#2609,1.);
#2609 = DIRECTION('',(0.,1.,0.));
#2610 = ORIENTED_EDGE('',*,*,#2611,.F.);
#2611 = EDGE_CURVE('',#2612,#2604,#2614,.T.);
#2612 = VERTEX_POINT('',#2613);
#2613 = CARTESIAN_POINT('',(-0.4625,0.1875,0.));
#2614 = LINE('',#2615,#2616);
#2615 = CARTESIAN_POINT('',(-0.48125,0.1875,0.));
#2616 = VECTOR('',#2617,1.);
#2617 = DIRECTION('',(1.,0.,0.));
#2618 = ORIENTED_EDGE('',*,*,#2619,.F.);
#2619 = EDGE_CURVE('',#2573,#2612,#2620,.T.);
#2620 = LINE('',#2621,#2622);
#2621 = CARTESIAN_POINT('',(-0.4625,3.125E-02,0.));
#2622 = VECTOR('',#2623,1.);
#2623 = DIRECTION('',(0.,-1.,0.));
#2624 = PLANE('',#2625);
#2625 = AXIS2_PLACEMENT_3D('',#2626,#2627,#2628);
#2626 = CARTESIAN_POINT('',(-0.5,-0.25,0.));
#2627 = DIRECTION('',(0.,0.,1.));
#2628 = DIRECTION('',(1.,0.,-0.));
#2629 = ADVANCED_FACE('',(#2630),#2649,.T.);
#2630 = FACE_BOUND('',#2631,.T.);
#2631 = EDGE_LOOP('',(#2632,#2640,#2647,#2648));
#2632 = ORIENTED_EDGE('',*,*,#2633,.T.);
#2633 = EDGE_CURVE('',#2065,#2634,#2636,.T.);
#2634 = VERTEX_POINT('',#2635);
#2635 = CARTESIAN_POINT('',(-0.5,0.25,1.5E-02));
#2636 = LINE('',#2637,#2638);
#2637 = CARTESIAN_POINT('',(-0.5,-0.25,1.5E-02));
#2638 = VECTOR('',#2639,1.);
#2639 = DIRECTION('',(0.,1.,0.));
#2640 = ORIENTED_EDGE('',*,*,#2641,.T.);
#2641 = EDGE_CURVE('',#2634,#2571,#2642,.T.);
#2642 = CIRCLE('',#2643,1.5E-02);
#2643 = AXIS2_PLACEMENT_3D('',#2644,#2645,#2646);
#2644 = CARTESIAN_POINT('',(-0.485,0.25,1.5E-02));
#2645 = DIRECTION('',(0.,-1.,0.));
#2646 = DIRECTION('',(0.,0.,1.));
#2647 = ORIENTED_EDGE('',*,*,#2580,.F.);
#2648 = ORIENTED_EDGE('',*,*,#2064,.F.);
#2649 = CYLINDRICAL_SURFACE('',#2650,1.5E-02);
#2650 = AXIS2_PLACEMENT_3D('',#2651,#2652,#2653);
#2651 = CARTESIAN_POINT('',(-0.485,-0.25,1.5E-02));
#2652 = DIRECTION('',(0.,1.,0.));
#2653 = DIRECTION('',(-1.,0.,0.));
#2654 = ADVANCED_FACE('',(#2655),#2666,.F.);
#2655 = FACE_BOUND('',#2656,.F.);
#2656 = EDGE_LOOP('',(#2657,#2658,#2664,#2665));
#2657 = ORIENTED_EDGE('',*,*,#2121,.T.);
#2658 = ORIENTED_EDGE('',*,*,#2659,.T.);
#2659 = EDGE_CURVE('',#2122,#2588,#2660,.T.);
#2660 = LINE('',#2661,#2662);
#2661 = CARTESIAN_POINT('',(-0.4625,-0.1875,0.3));
#2662 = VECTOR('',#2663,1.);
#2663 = DIRECTION('',(-0.,-0.,-1.));
#2664 = ORIENTED_EDGE('',*,*,#2587,.T.);
#2665 = ORIENTED_EDGE('',*,*,#2107,.T.);
#2666 = PLANE('',#2667);
#2667 = AXIS2_PLACEMENT_3D('',#2668,#2669,#2670);
#2668 = CARTESIAN_POINT('',(-0.4625,-0.1875,0.3));
#2669 = DIRECTION('',(-1.,0.,0.));
#2670 = DIRECTION('',(0.,-1.,0.));
#2671 = ADVANCED_FACE('',(#2672),#2690,.F.);
#2672 = FACE_BOUND('',#2673,.F.);
#2673 = EDGE_LOOP('',(#2674,#2675,#2676,#2684));
#2674 = ORIENTED_EDGE('',*,*,#2073,.F.);
#2675 = ORIENTED_EDGE('',*,*,#2633,.T.);
#2676 = ORIENTED_EDGE('',*,*,#2677,.T.);
#2677 = EDGE_CURVE('',#2634,#2678,#2680,.T.);
#2678 = VERTEX_POINT('',#2679);
#2679 = CARTESIAN_POINT('',(-0.5,0.25,0.185));
#2680 = LINE('',#2681,#2682);
#2681 = CARTESIAN_POINT('',(-0.5,0.25,0.));
#2682 = VECTOR('',#2683,1.);
#2683 = DIRECTION('',(0.,0.,1.));
#2684 = ORIENTED_EDGE('',*,*,#2685,.F.);
#2685 = EDGE_CURVE('',#2074,#2678,#2686,.T.);
#2686 = LINE('',#2687,#2688);
#2687 = CARTESIAN_POINT('',(-0.5,-0.25,0.185));
#2688 = VECTOR('',#2689,1.);
#2689 = DIRECTION('',(0.,1.,0.));
#2690 = PLANE('',#2691);
#2691 = AXIS2_PLACEMENT_3D('',#2692,#2693,#2694);
#2692 = CARTESIAN_POINT('',(-0.5,-0.25,0.));
#2693 = DIRECTION('',(1.,0.,0.));
#2694 = DIRECTION('',(0.,0.,1.));
#2695 = ADVANCED_FACE('',(#2696),#2708,.T.);
#2696 = FACE_BOUND('',#2697,.T.);
#2697 = EDGE_LOOP('',(#2698,#2699,#2700,#2707));
#2698 = ORIENTED_EDGE('',*,*,#2081,.T.);
#2699 = ORIENTED_EDGE('',*,*,#2533,.T.);
#2700 = ORIENTED_EDGE('',*,*,#2701,.F.);
#2701 = EDGE_CURVE('',#2678,#2526,#2702,.T.);
#2702 = CIRCLE('',#2703,1.5E-02);
#2703 = AXIS2_PLACEMENT_3D('',#2704,#2705,#2706);
#2704 = CARTESIAN_POINT('',(-0.485,0.25,0.185));
#2705 = DIRECTION('',(0.,1.,0.));
#2706 = DIRECTION('',(0.,-0.,1.));
#2707 = ORIENTED_EDGE('',*,*,#2685,.F.);
#2708 = CYLINDRICAL_SURFACE('',#2709,1.5E-02);
#2709 = AXIS2_PLACEMENT_3D('',#2710,#2711,#2712);
#2710 = CARTESIAN_POINT('',(-0.485,-0.25,0.185));
#2711 = DIRECTION('',(0.,1.,0.));
#2712 = DIRECTION('',(-1.,0.,0.));
#2713 = ADVANCED_FACE('',(#2714),#2726,.F.);
#2714 = FACE_BOUND('',#2715,.F.);
#2715 = EDGE_LOOP('',(#2716,#2717,#2718,#2725));
#2716 = ORIENTED_EDGE('',*,*,#2659,.F.);
#2717 = ORIENTED_EDGE('',*,*,#2202,.T.);
#2718 = ORIENTED_EDGE('',*,*,#2719,.T.);
#2719 = EDGE_CURVE('',#2195,#2596,#2720,.T.);
#2720 = CIRCLE('',#2721,1.5E-02);
#2721 = AXIS2_PLACEMENT_3D('',#2722,#2723,#2724);
#2722 = CARTESIAN_POINT('',(-0.365,-0.1875,1.5E-02));
#2723 = DIRECTION('',(-0.,1.,0.));
#2724 = DIRECTION('',(1.,0.,0.));
#2725 = ORIENTED_EDGE('',*,*,#2595,.T.);
#2726 = PLANE('',#2727);
#2727 = AXIS2_PLACEMENT_3D('',#2728,#2729,#2730);
#2728 = CARTESIAN_POINT('',(0.4625,-0.1875,0.3));
#2729 = DIRECTION('',(0.,1.,0.));
#2730 = DIRECTION('',(-1.,0.,0.));
#2731 = ADVANCED_FACE('',(#2732),#2744,.T.);
#2732 = FACE_BOUND('',#2733,.T.);
#2733 = EDGE_LOOP('',(#2734,#2735,#2736,#2737));
#2734 = ORIENTED_EDGE('',*,*,#2194,.F.);
#2735 = ORIENTED_EDGE('',*,*,#2719,.T.);
#2736 = ORIENTED_EDGE('',*,*,#2603,.T.);
#2737 = ORIENTED_EDGE('',*,*,#2738,.F.);
#2738 = EDGE_CURVE('',#2187,#2604,#2739,.T.);
#2739 = CIRCLE('',#2740,1.5E-02);
#2740 = AXIS2_PLACEMENT_3D('',#2741,#2742,#2743);
#2741 = CARTESIAN_POINT('',(-0.365,0.1875,1.5E-02));
#2742 = DIRECTION('',(-0.,1.,0.));
#2743 = DIRECTION('',(1.,0.,0.));
#2744 = CYLINDRICAL_SURFACE('',#2745,1.5E-02);
#2745 = AXIS2_PLACEMENT_3D('',#2746,#2747,#2748);
#2746 = CARTESIAN_POINT('',(-0.365,-0.25,1.5E-02));
#2747 = DIRECTION('',(0.,1.,0.));
#2748 = DIRECTION('',(1.,0.,0.));
#2749 = ADVANCED_FACE('',(#2750),#2761,.F.);
#2750 = FACE_BOUND('',#2751,.F.);
#2751 = EDGE_LOOP('',(#2752,#2753,#2759,#2760));
#2752 = ORIENTED_EDGE('',*,*,#2186,.T.);
#2753 = ORIENTED_EDGE('',*,*,#2754,.T.);
#2754 = EDGE_CURVE('',#2179,#2612,#2755,.T.);
#2755 = LINE('',#2756,#2757);
#2756 = CARTESIAN_POINT('',(-0.4625,0.1875,0.3));
#2757 = VECTOR('',#2758,1.);
#2758 = DIRECTION('',(-0.,-0.,-1.));
#2759 = ORIENTED_EDGE('',*,*,#2611,.T.);
#2760 = ORIENTED_EDGE('',*,*,#2738,.F.);
#2761 = PLANE('',#2762);
#2762 = AXIS2_PLACEMENT_3D('',#2763,#2764,#2765);
#2763 = CARTESIAN_POINT('',(-0.4625,0.1875,0.3));
#2764 = DIRECTION('',(0.,-1.,0.));
#2765 = DIRECTION('',(1.,0.,0.));
#2766 = ADVANCED_FACE('',(#2767),#2778,.F.);
#2767 = FACE_BOUND('',#2768,.F.);
#2768 = EDGE_LOOP('',(#2769,#2770,#2771,#2777));
#2769 = ORIENTED_EDGE('',*,*,#2754,.F.);
#2770 = ORIENTED_EDGE('',*,*,#2178,.T.);
#2771 = ORIENTED_EDGE('',*,*,#2772,.F.);
#2772 = EDGE_CURVE('',#2573,#2171,#2773,.T.);
#2773 = LINE('',#2774,#2775);
#2774 = CARTESIAN_POINT('',(-0.4625,0.25,0.15));
#2775 = VECTOR('',#2776,1.);
#2776 = DIRECTION('',(0.,0.,1.));
#2777 = ORIENTED_EDGE('',*,*,#2619,.T.);
#2778 = PLANE('',#2779);
#2779 = AXIS2_PLACEMENT_3D('',#2780,#2781,#2782);
#2780 = CARTESIAN_POINT('',(-0.4625,0.3125,0.3));
#2781 = DIRECTION('',(-1.,0.,0.));
#2782 = DIRECTION('',(0.,-1.,0.));
#2783 = ADVANCED_FACE('',(#2784),#2809,.F.);
#2784 = FACE_BOUND('',#2785,.F.);
#2785 = EDGE_LOOP('',(#2786,#2787,#2795,#2803));
#2786 = ORIENTED_EDGE('',*,*,#2162,.T.);
#2787 = ORIENTED_EDGE('',*,*,#2788,.T.);
#2788 = EDGE_CURVE('',#2155,#2789,#2791,.T.);
#2789 = VERTEX_POINT('',#2790);
#2790 = CARTESIAN_POINT('',(0.4625,0.1875,0.));
#2791 = LINE('',#2792,#2793);
#2792 = CARTESIAN_POINT('',(0.4625,0.1875,0.3));
#2793 = VECTOR('',#2794,1.);
#2794 = DIRECTION('',(-0.,-0.,-1.));
#2795 = ORIENTED_EDGE('',*,*,#2796,.T.);
#2796 = EDGE_CURVE('',#2789,#2797,#2799,.T.);
#2797 = VERTEX_POINT('',#2798);
#2798 = CARTESIAN_POINT('',(0.4625,0.25,0.));
#2799 = LINE('',#2800,#2801);
#2800 = CARTESIAN_POINT('',(0.4625,-3.125E-02,0.));
#2801 = VECTOR('',#2802,1.);
#2802 = DIRECTION('',(0.,1.,0.));
#2803 = ORIENTED_EDGE('',*,*,#2804,.F.);
#2804 = EDGE_CURVE('',#2163,#2797,#2805,.T.);
#2805 = LINE('',#2806,#2807);
#2806 = CARTESIAN_POINT('',(0.4625,0.25,0.15));
#2807 = VECTOR('',#2808,1.);
#2808 = DIRECTION('',(0.,0.,-1.));
#2809 = PLANE('',#2810);
#2810 = AXIS2_PLACEMENT_3D('',#2811,#2812,#2813);
#2811 = CARTESIAN_POINT('',(0.4625,0.1875,0.3));
#2812 = DIRECTION('',(1.,0.,0.));
#2813 = DIRECTION('',(-0.,1.,0.));
#2814 = ADVANCED_FACE('',(#2815),#2834,.F.);
#2815 = FACE_BOUND('',#2816,.F.);
#2816 = EDGE_LOOP('',(#2817,#2818,#2819,#2828));
#2817 = ORIENTED_EDGE('',*,*,#2788,.F.);
#2818 = ORIENTED_EDGE('',*,*,#2154,.T.);
#2819 = ORIENTED_EDGE('',*,*,#2820,.F.);
#2820 = EDGE_CURVE('',#2821,#2147,#2823,.T.);
#2821 = VERTEX_POINT('',#2822);
#2822 = CARTESIAN_POINT('',(0.365,0.1875,-1.734723475977E-18));
#2823 = CIRCLE('',#2824,1.5E-02);
#2824 = AXIS2_PLACEMENT_3D('',#2825,#2826,#2827);
#2825 = CARTESIAN_POINT('',(0.365,0.1875,1.5E-02));
#2826 = DIRECTION('',(0.,1.,-0.));
#2827 = DIRECTION('',(-1.,0.,0.));
#2828 = ORIENTED_EDGE('',*,*,#2829,.T.);
#2829 = EDGE_CURVE('',#2821,#2789,#2830,.T.);
#2830 = LINE('',#2831,#2832);
#2831 = CARTESIAN_POINT('',(-5.625E-02,0.1875,0.));
#2832 = VECTOR('',#2833,1.);
#2833 = DIRECTION('',(1.,0.,0.));
#2834 = PLANE('',#2835);
#2835 = AXIS2_PLACEMENT_3D('',#2836,#2837,#2838);
#2836 = CARTESIAN_POINT('',(-0.4625,0.1875,0.3));
#2837 = DIRECTION('',(0.,-1.,0.));
#2838 = DIRECTION('',(1.,0.,0.));
#2839 = ADVANCED_FACE('',(#2840),#2859,.T.);
#2840 = FACE_BOUND('',#2841,.T.);
#2841 = EDGE_LOOP('',(#2842,#2843,#2851,#2858));
#2842 = ORIENTED_EDGE('',*,*,#2820,.F.);
#2843 = ORIENTED_EDGE('',*,*,#2844,.F.);
#2844 = EDGE_CURVE('',#2845,#2821,#2847,.T.);
#2845 = VERTEX_POINT('',#2846);
#2846 = CARTESIAN_POINT('',(0.365,-0.1875,-1.734723475977E-18));
#2847 = LINE('',#2848,#2849);
#2848 = CARTESIAN_POINT('',(0.365,-0.25,-1.734723475977E-18));
#2849 = VECTOR('',#2850,1.);
#2850 = DIRECTION('',(0.,1.,0.));
#2851 = ORIENTED_EDGE('',*,*,#2852,.T.);
#2852 = EDGE_CURVE('',#2845,#2139,#2853,.T.);
#2853 = CIRCLE('',#2854,1.5E-02);
#2854 = AXIS2_PLACEMENT_3D('',#2855,#2856,#2857);
#2855 = CARTESIAN_POINT('',(0.365,-0.1875,1.5E-02));
#2856 = DIRECTION('',(0.,1.,-0.));
#2857 = DIRECTION('',(-1.,0.,0.));
#2858 = ORIENTED_EDGE('',*,*,#2146,.T.);
#2859 = CYLINDRICAL_SURFACE('',#2860,1.5E-02);
#2860 = AXIS2_PLACEMENT_3D('',#2861,#2862,#2863);
#2861 = CARTESIAN_POINT('',(0.365,-0.25,1.5E-02));
#2862 = DIRECTION('',(0.,1.,0.));
#2863 = DIRECTION('',(-1.,0.,0.));
#2864 = ADVANCED_FACE('',(#2865),#2883,.F.);
#2865 = FACE_BOUND('',#2866,.F.);
#2866 = EDGE_LOOP('',(#2867,#2868,#2876,#2882));
#2867 = ORIENTED_EDGE('',*,*,#2138,.T.);
#2868 = ORIENTED_EDGE('',*,*,#2869,.T.);
#2869 = EDGE_CURVE('',#2131,#2870,#2872,.T.);
#2870 = VERTEX_POINT('',#2871);
#2871 = CARTESIAN_POINT('',(0.4625,-0.1875,0.));
#2872 = LINE('',#2873,#2874);
#2873 = CARTESIAN_POINT('',(0.4625,-0.1875,0.3));
#2874 = VECTOR('',#2875,1.);
#2875 = DIRECTION('',(-0.,-0.,-1.));
#2876 = ORIENTED_EDGE('',*,*,#2877,.T.);
#2877 = EDGE_CURVE('',#2870,#2845,#2878,.T.);
#2878 = LINE('',#2879,#2880);
#2879 = CARTESIAN_POINT('',(0.40625,-0.1875,0.));
#2880 = VECTOR('',#2881,1.);
#2881 = DIRECTION('',(-1.,0.,0.));
#2882 = ORIENTED_EDGE('',*,*,#2852,.T.);
#2883 = PLANE('',#2884);
#2884 = AXIS2_PLACEMENT_3D('',#2885,#2886,#2887);
#2885 = CARTESIAN_POINT('',(0.4625,-0.1875,0.3));
#2886 = DIRECTION('',(0.,1.,0.));
#2887 = DIRECTION('',(-1.,0.,0.));
#2888 = ADVANCED_FACE('',(#2889),#2900,.F.);
#2889 = FACE_BOUND('',#2890,.F.);
#2890 = EDGE_LOOP('',(#2891,#2892,#2893,#2894));
#2891 = ORIENTED_EDGE('',*,*,#2869,.F.);
#2892 = ORIENTED_EDGE('',*,*,#2130,.T.);
#2893 = ORIENTED_EDGE('',*,*,#2252,.T.);
#2894 = ORIENTED_EDGE('',*,*,#2895,.T.);
#2895 = EDGE_CURVE('',#2243,#2870,#2896,.T.);
#2896 = LINE('',#2897,#2898);
#2897 = CARTESIAN_POINT('',(0.4625,-0.28125,0.));
#2898 = VECTOR('',#2899,1.);
#2899 = DIRECTION('',(0.,1.,0.));
#2900 = PLANE('',#2901);
#2901 = AXIS2_PLACEMENT_3D('',#2902,#2903,#2904);
#2902 = CARTESIAN_POINT('',(0.4625,-0.3125,0.3));
#2903 = DIRECTION('',(1.,0.,0.));
#2904 = DIRECTION('',(-0.,1.,0.));
#2905 = ADVANCED_FACE('',(#2906),#2931,.T.);
#2906 = FACE_BOUND('',#2907,.T.);
#2907 = EDGE_LOOP('',(#2908,#2916,#2917,#2925));
#2908 = ORIENTED_EDGE('',*,*,#2909,.T.);
#2909 = EDGE_CURVE('',#2910,#2211,#2912,.T.);
#2910 = VERTEX_POINT('',#2911);
#2911 = CARTESIAN_POINT('',(0.173205080757,0.2,7.5E-03));
#2912 = LINE('',#2913,#2914);
#2913 = CARTESIAN_POINT('',(0.173205080757,0.2,7.5E-03));
#2914 = VECTOR('',#2915,1.);
#2915 = DIRECTION('',(0.,0.,1.));
#2916 = ORIENTED_EDGE('',*,*,#2210,.T.);
#2917 = ORIENTED_EDGE('',*,*,#2918,.F.);
#2918 = EDGE_CURVE('',#2919,#2213,#2921,.T.);
#2919 = VERTEX_POINT('',#2920);
#2920 = CARTESIAN_POINT('',(0.173205080757,-0.2,7.5E-03));
#2921 = LINE('',#2922,#2923);
#2922 = CARTESIAN_POINT('',(0.173205080757,-0.2,7.5E-03));
#2923 = VECTOR('',#2924,1.);
#2924 = DIRECTION('',(0.,0.,1.));
#2925 = ORIENTED_EDGE('',*,*,#2926,.F.);
#2926 = EDGE_CURVE('',#2910,#2919,#2927,.T.);
#2927 = LINE('',#2928,#2929);
#2928 = CARTESIAN_POINT('',(0.173205080757,0.2,7.5E-03));
#2929 = VECTOR('',#2930,1.);
#2930 = DIRECTION('',(0.,-1.,0.));
#2931 = PLANE('',#2932);
#2932 = AXIS2_PLACEMENT_3D('',#2933,#2934,#2935);
#2933 = CARTESIAN_POINT('',(0.173205080757,0.2,7.5E-03));
#2934 = DIRECTION('',(1.,0.,0.));
#2935 = DIRECTION('',(0.,-1.,0.));
#2936 = ADVANCED_FACE('',(#2937),#2955,.T.);
#2937 = FACE_BOUND('',#2938,.T.);
#2938 = EDGE_LOOP('',(#2939,#2947,#2948,#2949));
#2939 = ORIENTED_EDGE('',*,*,#2940,.T.);
#2940 = EDGE_CURVE('',#2941,#2221,#2943,.T.);
#2941 = VERTEX_POINT('',#2942);
#2942 = CARTESIAN_POINT('',(-0.173205080757,0.,7.5E-03));
#2943 = LINE('',#2944,#2945);
#2944 = CARTESIAN_POINT('',(-0.173205080757,0.,7.5E-03));
#2945 = VECTOR('',#2946,1.);
#2946 = DIRECTION('',(0.,0.,1.));
#2947 = ORIENTED_EDGE('',*,*,#2228,.T.);
#2948 = ORIENTED_EDGE('',*,*,#2909,.F.);
#2949 = ORIENTED_EDGE('',*,*,#2950,.F.);
#2950 = EDGE_CURVE('',#2941,#2910,#2951,.T.);
#2951 = LINE('',#2952,#2953);
#2952 = CARTESIAN_POINT('',(-0.173205080757,0.,7.5E-03));
#2953 = VECTOR('',#2954,1.);
#2954 = DIRECTION('',(0.866025403784,0.5,0.));
#2955 = PLANE('',#2956);
#2956 = AXIS2_PLACEMENT_3D('',#2957,#2958,#2959);
#2957 = CARTESIAN_POINT('',(-0.173205080757,0.,7.5E-03));
#2958 = DIRECTION('',(-0.5,0.866025403784,0.));
#2959 = DIRECTION('',(0.866025403784,0.5,0.));
#2960 = ADVANCED_FACE('',(#2961),#2972,.T.);
#2961 = FACE_BOUND('',#2962,.T.);
#2962 = EDGE_LOOP('',(#2963,#2964,#2965,#2966));
#2963 = ORIENTED_EDGE('',*,*,#2918,.T.);
#2964 = ORIENTED_EDGE('',*,*,#2220,.T.);
#2965 = ORIENTED_EDGE('',*,*,#2940,.F.);
#2966 = ORIENTED_EDGE('',*,*,#2967,.F.);
#2967 = EDGE_CURVE('',#2919,#2941,#2968,.T.);
#2968 = LINE('',#2969,#2970);
#2969 = CARTESIAN_POINT('',(0.173205080757,-0.2,7.5E-03));
#2970 = VECTOR('',#2971,1.);
#2971 = DIRECTION('',(-0.866025403784,0.5,0.));
#2972 = PLANE('',#2973);
#2973 = AXIS2_PLACEMENT_3D('',#2974,#2975,#2976);
#2974 = CARTESIAN_POINT('',(0.173205080757,-0.2,7.5E-03));
#2975 = DIRECTION('',(-0.5,-0.866025403784,0.));
#2976 = DIRECTION('',(-0.866025403784,0.5,0.));
#2977 = ADVANCED_FACE('',(#2978),#3000,.F.);
#2978 = FACE_BOUND('',#2979,.F.);
#2979 = EDGE_LOOP('',(#2980,#2988,#2989,#2990,#2991,#2992,#2993,#2994));
#2980 = ORIENTED_EDGE('',*,*,#2981,.F.);
#2981 = EDGE_CURVE('',#2797,#2982,#2984,.T.);
#2982 = VERTEX_POINT('',#2983);
#2983 = CARTESIAN_POINT('',(0.485,0.25,-1.734723475977E-18));
#2984 = LINE('',#2985,#2986);
#2985 = CARTESIAN_POINT('',(0.35,0.25,0.));
#2986 = VECTOR('',#2987,1.);
#2987 = DIRECTION('',(1.,0.,0.));
#2988 = ORIENTED_EDGE('',*,*,#2796,.F.);
#2989 = ORIENTED_EDGE('',*,*,#2829,.F.);
#2990 = ORIENTED_EDGE('',*,*,#2844,.F.);
#2991 = ORIENTED_EDGE('',*,*,#2877,.F.);
#2992 = ORIENTED_EDGE('',*,*,#2895,.F.);
#2993 = ORIENTED_EDGE('',*,*,#2242,.T.);
#2994 = ORIENTED_EDGE('',*,*,#2995,.T.);
#2995 = EDGE_CURVE('',#2245,#2982,#2996,.T.);
#2996 = LINE('',#2997,#2998);
#2997 = CARTESIAN_POINT('',(0.485,-0.25,-1.734723475977E-18));
#2998 = VECTOR('',#2999,1.);
#2999 = DIRECTION('',(0.,1.,0.));
#3000 = PLANE('',#3001);
#3001 = AXIS2_PLACEMENT_3D('',#3002,#3003,#3004);
#3002 = CARTESIAN_POINT('',(0.35,-0.25,0.));
#3003 = DIRECTION('',(0.,0.,1.));
#3004 = DIRECTION('',(1.,0.,-0.));
#3005 = ADVANCED_FACE('',(#3006),#3025,.T.);
#3006 = FACE_BOUND('',#3007,.T.);
#3007 = EDGE_LOOP('',(#3008,#3009,#3010,#3019));
#3008 = ORIENTED_EDGE('',*,*,#2294,.T.);
#3009 = ORIENTED_EDGE('',*,*,#2995,.T.);
#3010 = ORIENTED_EDGE('',*,*,#3011,.F.);
#3011 = EDGE_CURVE('',#3012,#2982,#3014,.T.);
#3012 = VERTEX_POINT('',#3013);
#3013 = CARTESIAN_POINT('',(0.5,0.25,1.5E-02));
#3014 = CIRCLE('',#3015,1.5E-02);
#3015 = AXIS2_PLACEMENT_3D('',#3016,#3017,#3018);
#3016 = CARTESIAN_POINT('',(0.485,0.25,1.5E-02));
#3017 = DIRECTION('',(0.,1.,0.));
#3018 = DIRECTION('',(0.,-0.,1.));
#3019 = ORIENTED_EDGE('',*,*,#3020,.F.);
#3020 = EDGE_CURVE('',#2287,#3012,#3021,.T.);
#3021 = LINE('',#3022,#3023);
#3022 = CARTESIAN_POINT('',(0.5,-0.25,1.5E-02));
#3023 = VECTOR('',#3024,1.);
#3024 = DIRECTION('',(0.,1.,0.));
#3025 = CYLINDRICAL_SURFACE('',#3026,1.5E-02);
#3026 = AXIS2_PLACEMENT_3D('',#3027,#3028,#3029);
#3027 = CARTESIAN_POINT('',(0.485,-0.25,1.5E-02));
#3028 = DIRECTION('',(0.,1.,0.));
#3029 = DIRECTION('',(1.,0.,0.));
#3030 = ADVANCED_FACE('',(#3031),#3049,.T.);
#3031 = FACE_BOUND('',#3032,.T.);
#3032 = EDGE_LOOP('',(#3033,#3034,#3035,#3043));
#3033 = ORIENTED_EDGE('',*,*,#2286,.F.);
#3034 = ORIENTED_EDGE('',*,*,#3020,.T.);
#3035 = ORIENTED_EDGE('',*,*,#3036,.T.);
#3036 = EDGE_CURVE('',#3012,#3037,#3039,.T.);
#3037 = VERTEX_POINT('',#3038);
#3038 = CARTESIAN_POINT('',(0.5,0.25,0.185));
#3039 = LINE('',#3040,#3041);
#3040 = CARTESIAN_POINT('',(0.5,0.25,0.));
#3041 = VECTOR('',#3042,1.);
#3042 = DIRECTION('',(0.,0.,1.));
#3043 = ORIENTED_EDGE('',*,*,#3044,.F.);
#3044 = EDGE_CURVE('',#2278,#3037,#3045,.T.);
#3045 = LINE('',#3046,#3047);
#3046 = CARTESIAN_POINT('',(0.5,-0.25,0.185));
#3047 = VECTOR('',#3048,1.);
#3048 = DIRECTION('',(0.,1.,0.));
#3049 = PLANE('',#3050);
#3050 = AXIS2_PLACEMENT_3D('',#3051,#3052,#3053);
#3051 = CARTESIAN_POINT('',(0.5,-0.25,0.));
#3052 = DIRECTION('',(1.,0.,0.));
#3053 = DIRECTION('',(0.,0.,1.));
#3054 = ADVANCED_FACE('',(#3055),#3074,.T.);
#3055 = FACE_BOUND('',#3056,.T.);
#3056 = EDGE_LOOP('',(#3057,#3058,#3067,#3073));
#3057 = ORIENTED_EDGE('',*,*,#3044,.T.);
#3058 = ORIENTED_EDGE('',*,*,#3059,.T.);
#3059 = EDGE_CURVE('',#3037,#3060,#3062,.T.);
#3060 = VERTEX_POINT('',#3061);
#3061 = CARTESIAN_POINT('',(0.485,0.25,0.2));
#3062 = CIRCLE('',#3063,1.5E-02);
#3063 = AXIS2_PLACEMENT_3D('',#3064,#3065,#3066);
#3064 = CARTESIAN_POINT('',(0.485,0.25,0.185));
#3065 = DIRECTION('',(0.,-1.,0.));
#3066 = DIRECTION('',(0.,0.,1.));
#3067 = ORIENTED_EDGE('',*,*,#3068,.F.);
#3068 = EDGE_CURVE('',#2270,#3060,#3069,.T.);
#3069 = LINE('',#3070,#3071);
#3070 = CARTESIAN_POINT('',(0.485,-0.25,0.2));
#3071 = VECTOR('',#3072,1.);
#3072 = DIRECTION('',(0.,1.,0.));
#3073 = ORIENTED_EDGE('',*,*,#2277,.F.);
#3074 = CYLINDRICAL_SURFACE('',#3075,1.5E-02);
#3075 = AXIS2_PLACEMENT_3D('',#3076,#3077,#3078);
#3076 = CARTESIAN_POINT('',(0.485,-0.25,0.185));
#3077 = DIRECTION('',(0.,1.,0.));
#3078 = DIRECTION('',(1.,0.,0.));
#3079 = ADVANCED_FACE('',(#3080),#3121,.T.);
#3080 = FACE_BOUND('',#3081,.T.);
#3081 = EDGE_LOOP('',(#3082,#3090,#3098,#3104,#3105,#3113,#3119,#3120));
#3082 = ORIENTED_EDGE('',*,*,#3083,.F.);
#3083 = EDGE_CURVE('',#3084,#3060,#3086,.T.);
#3084 = VERTEX_POINT('',#3085);
#3085 = CARTESIAN_POINT('',(0.4625,0.25,0.2));
#3086 = LINE('',#3087,#3088);
#3087 = CARTESIAN_POINT('',(0.35,0.25,0.2));
#3088 = VECTOR('',#3089,1.);
#3089 = DIRECTION('',(1.,0.,0.));
#3090 = ORIENTED_EDGE('',*,*,#3091,.F.);
#3091 = EDGE_CURVE('',#3092,#3084,#3094,.T.);
#3092 = VERTEX_POINT('',#3093);
#3093 = CARTESIAN_POINT('',(0.4625,0.1875,0.2));
#3094 = LINE('',#3095,#3096);
#3095 = CARTESIAN_POINT('',(0.4625,-3.125E-02,0.2));
#3096 = VECTOR('',#3097,1.);
#3097 = DIRECTION('',(0.,1.,0.));
#3098 = ORIENTED_EDGE('',*,*,#3099,.F.);
#3099 = EDGE_CURVE('',#2375,#3092,#3100,.T.);
#3100 = LINE('',#3101,#3102);
#3101 = CARTESIAN_POINT('',(-5.625E-02,0.1875,0.2));
#3102 = VECTOR('',#3103,1.);
#3103 = DIRECTION('',(1.,0.,0.));
#3104 = ORIENTED_EDGE('',*,*,#2374,.F.);
#3105 = ORIENTED_EDGE('',*,*,#3106,.F.);
#3106 = EDGE_CURVE('',#3107,#2366,#3109,.T.);
#3107 = VERTEX_POINT('',#3108);
#3108 = CARTESIAN_POINT('',(0.4625,-0.1875,0.2));
#3109 = LINE('',#3110,#3111);
#3110 = CARTESIAN_POINT('',(0.40625,-0.1875,0.2));
#3111 = VECTOR('',#3112,1.);
#3112 = DIRECTION('',(-1.,0.,0.));
#3113 = ORIENTED_EDGE('',*,*,#3114,.F.);
#3114 = EDGE_CURVE('',#2262,#3107,#3115,.T.);
#3115 = LINE('',#3116,#3117);
#3116 = CARTESIAN_POINT('',(0.4625,-0.28125,0.2));
#3117 = VECTOR('',#3118,1.);
#3118 = DIRECTION('',(0.,1.,0.));
#3119 = ORIENTED_EDGE('',*,*,#2269,.T.);
#3120 = ORIENTED_EDGE('',*,*,#3068,.T.);
#3121 = PLANE('',#3122);
#3122 = AXIS2_PLACEMENT_3D('',#3123,#3124,#3125);
#3123 = CARTESIAN_POINT('',(0.35,-0.25,0.2));
#3124 = DIRECTION('',(0.,0.,1.));
#3125 = DIRECTION('',(1.,0.,-0.));
#3126 = ADVANCED_FACE('',(#3127),#3138,.F.);
#3127 = FACE_BOUND('',#3128,.F.);
#3128 = EDGE_LOOP('',(#3129,#3135,#3136,#3137));
#3129 = ORIENTED_EDGE('',*,*,#3130,.F.);
#3130 = EDGE_CURVE('',#3107,#2310,#3131,.T.);
#3131 = LINE('',#3132,#3133);
#3132 = CARTESIAN_POINT('',(0.4625,-0.1875,0.3));
#3133 = VECTOR('',#3134,1.);
#3134 = DIRECTION('',(-0.,-0.,-1.));
#3135 = ORIENTED_EDGE('',*,*,#3114,.F.);
#3136 = ORIENTED_EDGE('',*,*,#2261,.T.);
#3137 = ORIENTED_EDGE('',*,*,#2319,.F.);
#3138 = PLANE('',#3139);
#3139 = AXIS2_PLACEMENT_3D('',#3140,#3141,#3142);
#3140 = CARTESIAN_POINT('',(0.4625,-0.3125,0.3));
#3141 = DIRECTION('',(1.,0.,0.));
#3142 = DIRECTION('',(-0.,1.,0.));
#3143 = ADVANCED_FACE('',(#3144),#3150,.F.);
#3144 = FACE_BOUND('',#3145,.F.);
#3145 = EDGE_LOOP('',(#3146,#3147,#3148,#3149));
#3146 = ORIENTED_EDGE('',*,*,#3106,.F.);
#3147 = ORIENTED_EDGE('',*,*,#3130,.T.);
#3148 = ORIENTED_EDGE('',*,*,#2309,.F.);
#3149 = ORIENTED_EDGE('',*,*,#2365,.T.);
#3150 = PLANE('',#3151);
#3151 = AXIS2_PLACEMENT_3D('',#3152,#3153,#3154);
#3152 = CARTESIAN_POINT('',(0.4625,-0.1875,0.3));
#3153 = DIRECTION('',(0.,1.,0.));
#3154 = DIRECTION('',(-1.,0.,0.));
#3155 = ADVANCED_FACE('',(#3156),#3172,.F.);
#3156 = FACE_BOUND('',#3157,.F.);
#3157 = EDGE_LOOP('',(#3158,#3159,#3165,#3166));
#3158 = ORIENTED_EDGE('',*,*,#3091,.F.);
#3159 = ORIENTED_EDGE('',*,*,#3160,.T.);
#3160 = EDGE_CURVE('',#3092,#2343,#3161,.T.);
#3161 = LINE('',#3162,#3163);
#3162 = CARTESIAN_POINT('',(0.4625,0.1875,0.3));
#3163 = VECTOR('',#3164,1.);
#3164 = DIRECTION('',(-0.,-0.,-1.));
#3165 = ORIENTED_EDGE('',*,*,#2350,.F.);
#3166 = ORIENTED_EDGE('',*,*,#3167,.F.);
#3167 = EDGE_CURVE('',#3084,#2334,#3168,.T.);
#3168 = LINE('',#3169,#3170);
#3169 = CARTESIAN_POINT('',(0.4625,0.25,0.15));
#3170 = VECTOR('',#3171,1.);
#3171 = DIRECTION('',(0.,0.,-1.));
#3172 = PLANE('',#3173);
#3173 = AXIS2_PLACEMENT_3D('',#3174,#3175,#3176);
#3174 = CARTESIAN_POINT('',(0.4625,0.1875,0.3));
#3175 = DIRECTION('',(1.,0.,0.));
#3176 = DIRECTION('',(-0.,1.,0.));
#3177 = ADVANCED_FACE('',(#3178),#3184,.F.);
#3178 = FACE_BOUND('',#3179,.F.);
#3179 = EDGE_LOOP('',(#3180,#3181,#3182,#3183));
#3180 = ORIENTED_EDGE('',*,*,#3160,.F.);
#3181 = ORIENTED_EDGE('',*,*,#3099,.F.);
#3182 = ORIENTED_EDGE('',*,*,#2382,.F.);
#3183 = ORIENTED_EDGE('',*,*,#2342,.F.);
#3184 = PLANE('',#3185);
#3185 = AXIS2_PLACEMENT_3D('',#3186,#3187,#3188);
#3186 = CARTESIAN_POINT('',(-0.4625,0.1875,0.3));
#3187 = DIRECTION('',(0.,-1.,0.));
#3188 = DIRECTION('',(1.,0.,0.));
#3189 = ADVANCED_FACE('',(#3190),#3202,.T.);
#3190 = FACE_BOUND('',#3191,.T.);
#3191 = EDGE_LOOP('',(#3192,#3193,#3194,#3195,#3196,#3197,#3198,#3199,
    #3200,#3201));
#3192 = ORIENTED_EDGE('',*,*,#2570,.F.);
#3193 = ORIENTED_EDGE('',*,*,#2641,.F.);
#3194 = ORIENTED_EDGE('',*,*,#2677,.T.);
#3195 = ORIENTED_EDGE('',*,*,#2701,.T.);
#3196 = ORIENTED_EDGE('',*,*,#2525,.T.);
#3197 = ORIENTED_EDGE('',*,*,#2486,.F.);
#3198 = ORIENTED_EDGE('',*,*,#2413,.F.);
#3199 = ORIENTED_EDGE('',*,*,#2405,.F.);
#3200 = ORIENTED_EDGE('',*,*,#2397,.T.);
#3201 = ORIENTED_EDGE('',*,*,#2772,.F.);
#3202 = PLANE('',#3203);
#3203 = AXIS2_PLACEMENT_3D('',#3204,#3205,#3206);
#3204 = CARTESIAN_POINT('',(-0.5,0.25,0.));
#3205 = DIRECTION('',(0.,1.,0.));
#3206 = DIRECTION('',(0.,-0.,1.));
#3207 = ADVANCED_FACE('',(#3208),#3220,.T.);
#3208 = FACE_BOUND('',#3209,.T.);
#3209 = EDGE_LOOP('',(#3210,#3211,#3212,#3213,#3214,#3215,#3216,#3217,
    #3218,#3219));
#3210 = ORIENTED_EDGE('',*,*,#2981,.F.);
#3211 = ORIENTED_EDGE('',*,*,#2804,.F.);
#3212 = ORIENTED_EDGE('',*,*,#2438,.T.);
#3213 = ORIENTED_EDGE('',*,*,#2430,.T.);
#3214 = ORIENTED_EDGE('',*,*,#2422,.F.);
#3215 = ORIENTED_EDGE('',*,*,#3167,.F.);
#3216 = ORIENTED_EDGE('',*,*,#3083,.T.);
#3217 = ORIENTED_EDGE('',*,*,#3059,.F.);
#3218 = ORIENTED_EDGE('',*,*,#3036,.F.);
#3219 = ORIENTED_EDGE('',*,*,#3011,.T.);
#3220 = PLANE('',#3221);
#3221 = AXIS2_PLACEMENT_3D('',#3222,#3223,#3224);
#3222 = CARTESIAN_POINT('',(0.35,0.25,0.));
#3223 = DIRECTION('',(0.,1.,0.));
#3224 = DIRECTION('',(0.,-0.,1.));
#3225 = ADVANCED_FACE('',(#3226),#3231,.T.);
#3226 = FACE_BOUND('',#3227,.T.);
#3227 = EDGE_LOOP('',(#3228,#3229,#3230));
#3228 = ORIENTED_EDGE('',*,*,#2950,.T.);
#3229 = ORIENTED_EDGE('',*,*,#2926,.T.);
#3230 = ORIENTED_EDGE('',*,*,#2967,.T.);
#3231 = PLANE('',#3232);
#3232 = AXIS2_PLACEMENT_3D('',#3233,#3234,#3235);
#3233 = CARTESIAN_POINT('',(5.773502691896E-02,0.,7.5E-03));
#3234 = DIRECTION('',(-0.,-0.,-1.));
#3235 = DIRECTION('',(-1.,0.,0.));
#3236 = ( GEOMETRIC_REPRESENTATION_CONTEXT(3) 
GLOBAL_UNCERTAINTY_ASSIGNED_CONTEXT((#3240)) 
GLOBAL_UNIT_ASSIGNED_CONTEXT((#3237,#3238,#3239)) REPRESENTATION_CONTEXT
('Context #1','3D Context with UNIT and UNCERTAINTY') );
#3237 = ( LENGTH_UNIT() NAMED_UNIT(*) SI_UNIT(.MILLI.,.METRE.) );
#3238 = ( NAMED_UNIT(*) PLANE_ANGLE_UNIT() SI_UNIT($,.RADIAN.) );
#3239 = ( NAMED_UNIT(*) SI_UNIT($,.STERADIAN.) SOLID_ANGLE_UNIT() );
#3240 = UNCERTAINTY_MEASURE_WITH_UNIT(LENGTH_MEASURE(1.E-07),#3237,
  'distance_accuracy_value','confusion accuracy');
#3241 = CONTEXT_DEPENDENT_SHAPE_REPRESENTATION(#3242,#3244);
#3242 = ( REPRESENTATION_RELATIONSHIP('','',#1712,#10) 
REPRESENTATION_RELATIONSHIP_WITH_TRANSFORMATION(#3243) 
SHAPE_REPRESENTATION_RELATIONSHIP() );
#3243 = ITEM_DEFINED_TRANSFORMATION('','',#11,#15);
#3244 = PRODUCT_DEFINITION_SHAPE('Placement','Placement of an item',
  #3245);
#3245 = NEXT_ASSEMBLY_USAGE_OCCURRENCE('1','D182','',#5,#1707,$);
#3246 = PRODUCT_RELATED_PRODUCT_CATEGORY('part',$,(#1709));
#3247 = CONTEXT_DEPENDENT_SHAPE_REPRESENTATION(#3248,#3250);
#3248 = ( REPRESENTATION_RELATIONSHIP('','',#1712,#10) 
REPRESENTATION_RELATIONSHIP_WITH_TRANSFORMATION(#3249) 
SHAPE_REPRESENTATION_RELATIONSHIP() );
#3249 = ITEM_DEFINED_TRANSFORMATION('','',#11,#19);
#3250 = PRODUCT_DEFINITION_SHAPE('Placement','Placement of an item',
  #3251);
#3251 = NEXT_ASSEMBLY_USAGE_OCCURRENCE('2','D174','',#5,#1707,$);
#3252 = CONTEXT_DEPENDENT_SHAPE_REPRESENTATION(#3253,#3255);
#3253 = ( REPRESENTATION_RELATIONSHIP('','',#1712,#10) 
REPRESENTATION_RELATIONSHIP_WITH_TRANSFORMATION(#3254) 
SHAPE_REPRESENTATION_RELATIONSHIP() );
#3254 = ITEM_DEFINED_TRANSFORMATION('','',#11,#23);
#3255 = PRODUCT_DEFINITION_SHAPE('Placement','Placement of an item',
  #3256);
#3256 = NEXT_ASSEMBLY_USAGE_OCCURRENCE('3','D166','',#5,#1707,$);
#3257 = CONTEXT_DEPENDENT_SHAPE_REPRESENTATION(#3258,#3260);
#3258 = ( REPRESENTATION_RELATIONSHIP('','',#1712,#10) 
REPRESENTATION_RELATIONSHIP_WITH_TRANSFORMATION(#3259) 
SHAPE_REPRESENTATION_RELATIONSHIP() );
#3259 = ITEM_DEFINED_TRANSFORMATION('','',#11,#27);
#3260 = PRODUCT_DEFINITION_SHAPE('Placement','Placement of an item',
  #3261);
#3261 = NEXT_ASSEMBLY_USAGE_OCCURRENCE('4','D158','',#5,#1707,$);
#3262 = CONTEXT_DEPENDENT_SHAPE_REPRESENTATION(#3263,#3265);
#3263 = ( REPRESENTATION_RELATIONSHIP('','',#1712,#10) 
REPRESENTATION_RELATIONSHIP_WITH_TRANSFORMATION(#3264) 
SHAPE_REPRESENTATION_RELATIONSHIP() );
#3264 = ITEM_DEFINED_TRANSFORMATION('','',#11,#31);
#3265 = PRODUCT_DEFINITION_SHAPE('Placement','Placement of an item',
  #3266);
#3266 = NEXT_ASSEMBLY_USAGE_OCCURRENCE('5','D150','',#5,#1707,$);
#3267 = CONTEXT_DEPENDENT_SHAPE_REPRESENTATION(#3268,#3270);
#3268 = ( REPRESENTATION_RELATIONSHIP('','',#1712,#10) 
REPRESENTATION_RELATIONSHIP_WITH_TRANSFORMATION(#3269) 
SHAPE_REPRESENTATION_RELATIONSHIP() );
#3269 = ITEM_DEFINED_TRANSFORMATION('','',#11,#35);
#3270 = PRODUCT_DEFINITION_SHAPE('Placement','Placement of an item',
  #3271);
#3271 = NEXT_ASSEMBLY_USAGE_OCCURRENCE('6','D142','',#5,#1707,$);
#3272 = CONTEXT_DEPENDENT_SHAPE_REPRESENTATION(#3273,#3275);
#3273 = ( REPRESENTATION_RELATIONSHIP('','',#1712,#10) 
REPRESENTATION_RELATIONSHIP_WITH_TRANSFORMATION(#3274) 
SHAPE_REPRESENTATION_RELATIONSHIP() );
#3274 = ITEM_DEFINED_TRANSFORMATION('','',#11,#39);
#3275 = PRODUCT_DEFINITION_SHAPE('Placement','Placement of an item',
  #3276);
#3276 = NEXT_ASSEMBLY_USAGE_OCCURRENCE('7','D134','',#5,#1707,$);
#3277 = CONTEXT_DEPENDENT_SHAPE_REPRESENTATION(#3278,#3280);
#3278 = ( REPRESENTATION_RELATIONSHIP('','',#1712,#10) 
REPRESENTATION_RELATIONSHIP_WITH_TRANSFORMATION(#3279) 
SHAPE_REPRESENTATION_RELATIONSHIP() );
#3279 = ITEM_DEFINED_TRANSFORMATION('','',#11,#43);
#3280 = PRODUCT_DEFINITION_SHAPE('Placement','Placement of an item',
  #3281);
#3281 = NEXT_ASSEMBLY_USAGE_OCCURRENCE('8','D189','',#5,#1707,$);
#3282 = CONTEXT_DEPENDENT_SHAPE_REPRESENTATION(#3283,#3285);
#3283 = ( REPRESENTATION_RELATIONSHIP('','',#1712,#10) 
REPRESENTATION_RELATIONSHIP_WITH_TRANSFORMATION(#3284) 
SHAPE_REPRESENTATION_RELATIONSHIP() );
#3284 = ITEM_DEFINED_TRANSFORMATION('','',#11,#47);
#3285 = PRODUCT_DEFINITION_SHAPE('Placement','Placement of an item',
  #3286);
#3286 = NEXT_ASSEMBLY_USAGE_OCCURRENCE('9','D181','',#5,#1707,$);
#3287 = CONTEXT_DEPENDENT_SHAPE_REPRESENTATION(#3288,#3290);
#3288 = ( REPRESENTATION_RELATIONSHIP('','',#1712,#10) 
REPRESENTATION_RELATIONSHIP_WITH_TRANSFORMATION(#3289) 
SHAPE_REPRESENTATION_RELATIONSHIP() );
#3289 = ITEM_DEFINED_TRANSFORMATION('','',#11,#51);
#3290 = PRODUCT_DEFINITION_SHAPE('Placement','Placement of an item',
  #3291);
#3291 = NEXT_ASSEMBLY_USAGE_OCCURRENCE('10','D173','',#5,#1707,$);
#3292 = CONTEXT_DEPENDENT_SHAPE_REPRESENTATION(#3293,#3295);
#3293 = ( REPRESENTATION_RELATIONSHIP('','',#1712,#10) 
REPRESENTATION_RELATIONSHIP_WITH_TRANSFORMATION(#3294) 
SHAPE_REPRESENTATION_RELATIONSHIP() );
#3294 = ITEM_DEFINED_TRANSFORMATION('','',#11,#55);
#3295 = PRODUCT_DEFINITION_SHAPE('Placement','Placement of an item',
  #3296);
#3296 = NEXT_ASSEMBLY_USAGE_OCCURRENCE('11','D165','',#5,#1707,$);
#3297 = CONTEXT_DEPENDENT_SHAPE_REPRESENTATION(#3298,#3300);
#3298 = ( REPRESENTATION_RELATIONSHIP('','',#1712,#10) 
REPRESENTATION_RELATIONSHIP_WITH_TRANSFORMATION(#3299) 
SHAPE_REPRESENTATION_RELATIONSHIP() );
#3299 = ITEM_DEFINED_TRANSFORMATION('','',#11,#59);
#3300 = PRODUCT_DEFINITION_SHAPE('Placement','Placement of an item',
  #3301);
#3301 = NEXT_ASSEMBLY_USAGE_OCCURRENCE('12','D157','',#5,#1707,$);
#3302 = CONTEXT_DEPENDENT_SHAPE_REPRESENTATION(#3303,#3305);
#3303 = ( REPRESENTATION_RELATIONSHIP('','',#1712,#10) 
REPRESENTATION_RELATIONSHIP_WITH_TRANSFORMATION(#3304) 
SHAPE_REPRESENTATION_RELATIONSHIP() );
#3304 = ITEM_DEFINED_TRANSFORMATION('','',#11,#63);
#3305 = PRODUCT_DEFINITION_SHAPE('Placement','Placement of an item',
  #3306);
#3306 = NEXT_ASSEMBLY_USAGE_OCCURRENCE('13','D149','',#5,#1707,$);
#3307 = CONTEXT_DEPENDENT_SHAPE_REPRESENTATION(#3308,#3310);
#3308 = ( REPRESENTATION_RELATIONSHIP('','',#1712,#10) 
REPRESENTATION_RELATIONSHIP_WITH_TRANSFORMATION(#3309) 
SHAPE_REPRESENTATION_RELATIONSHIP() );
#3309 = ITEM_DEFINED_TRANSFORMATION('','',#11,#67);
#3310 = PRODUCT_DEFINITION_SHAPE('Placement','Placement of an item',
  #3311);
#3311 = NEXT_ASSEMBLY_USAGE_OCCURRENCE('14','D141','',#5,#1707,$);
#3312 = CONTEXT_DEPENDENT_SHAPE_REPRESENTATION(#3313,#3315);
#3313 = ( REPRESENTATION_RELATIONSHIP('','',#1712,#10) 
REPRESENTATION_RELATIONSHIP_WITH_TRANSFORMATION(#3314) 
SHAPE_REPRESENTATION_RELATIONSHIP() );
#3314 = ITEM_DEFINED_TRANSFORMATION('','',#11,#71);
#3315 = PRODUCT_DEFINITION_SHAPE('Placement','Placement of an item',
  #3316);
#3316 = NEXT_ASSEMBLY_USAGE_OCCURRENCE('15','D188','',#5,#1707,$);
#3317 = CONTEXT_DEPENDENT_SHAPE_REPRESENTATION(#3318,#3320);
#3318 = ( REPRESENTATION_RELATIONSHIP('','',#1712,#10) 
REPRESENTATION_RELATIONSHIP_WITH_TRANSFORMATION(#3319) 
SHAPE_REPRESENTATION_RELATIONSHIP() );
#3319 = ITEM_DEFINED_TRANSFORMATION('','',#11,#75);
#3320 = PRODUCT_DEFINITION_SHAPE('Placement','Placement of an item',
  #3321);
#3321 = NEXT_ASSEMBLY_USAGE_OCCURRENCE('16','D133','',#5,#1707,$);
#3322 = CONTEXT_DEPENDENT_SHAPE_REPRESENTATION(#3323,#3325);
#3323 = ( REPRESENTATION_RELATIONSHIP('','',#1712,#10) 
REPRESENTATION_RELATIONSHIP_WITH_TRANSFORMATION(#3324) 
SHAPE_REPRESENTATION_RELATIONSHIP() );
#3324 = ITEM_DEFINED_TRANSFORMATION('','',#11,#79);
#3325 = PRODUCT_DEFINITION_SHAPE('Placement','Placement of an item',
  #3326);
#3326 = NEXT_ASSEMBLY_USAGE_OCCURRENCE('17','D191','',#5,#1707,$);
#3327 = CONTEXT_DEPENDENT_SHAPE_REPRESENTATION(#3328,#3330);
#3328 = ( REPRESENTATION_RELATIONSHIP('','',#1712,#10) 
REPRESENTATION_RELATIONSHIP_WITH_TRANSFORMATION(#3329) 
SHAPE_REPRESENTATION_RELATIONSHIP() );
#3329 = ITEM_DEFINED_TRANSFORMATION('','',#11,#83);
#3330 = PRODUCT_DEFINITION_SHAPE('Placement','Placement of an item',
  #3331);
#3331 = NEXT_ASSEMBLY_USAGE_OCCURRENCE('18','D168','',#5,#1707,$);
#3332 = CONTEXT_DEPENDENT_SHAPE_REPRESENTATION(#3333,#3335);
#3333 = ( REPRESENTATION_RELATIONSHIP('','',#1712,#10) 
REPRESENTATION_RELATIONSHIP_WITH_TRANSFORMATION(#3334) 
SHAPE_REPRESENTATION_RELATIONSHIP() );
#3334 = ITEM_DEFINED_TRANSFORMATION('','',#11,#87);
#3335 = PRODUCT_DEFINITION_SHAPE('Placement','Placement of an item',
  #3336);
#3336 = NEXT_ASSEMBLY_USAGE_OCCURRENCE('19','D176','',#5,#1707,$);
#3337 = CONTEXT_DEPENDENT_SHAPE_REPRESENTATION(#3338,#3340);
#3338 = ( REPRESENTATION_RELATIONSHIP('','',#1712,#10) 
REPRESENTATION_RELATIONSHIP_WITH_TRANSFORMATION(#3339) 
SHAPE_REPRESENTATION_RELATIONSHIP() );
#3339 = ITEM_DEFINED_TRANSFORMATION('','',#11,#91);
#3340 = PRODUCT_DEFINITION_SHAPE('Placement','Placement of an item',
  #3341);
#3341 = NEXT_ASSEMBLY_USAGE_OCCURRENCE('20','D128','',#5,#1707,$);
#3342 = CONTEXT_DEPENDENT_SHAPE_REPRESENTATION(#3343,#3345);
#3343 = ( REPRESENTATION_RELATIONSHIP('','',#1712,#10) 
REPRESENTATION_RELATIONSHIP_WITH_TRANSFORMATION(#3344) 
SHAPE_REPRESENTATION_RELATIONSHIP() );
#3344 = ITEM_DEFINED_TRANSFORMATION('','',#11,#95);
#3345 = PRODUCT_DEFINITION_SHAPE('Placement','Placement of an item',
  #3346);
#3346 = NEXT_ASSEMBLY_USAGE_OCCURRENCE('21','D184','',#5,#1707,$);
#3347 = CONTEXT_DEPENDENT_SHAPE_REPRESENTATION(#3348,#3350);
#3348 = ( REPRESENTATION_RELATIONSHIP('','',#1712,#10) 
REPRESENTATION_RELATIONSHIP_WITH_TRANSFORMATION(#3349) 
SHAPE_REPRESENTATION_RELATIONSHIP() );
#3349 = ITEM_DEFINED_TRANSFORMATION('','',#11,#99);
#3350 = PRODUCT_DEFINITION_SHAPE('Placement','Placement of an item',
  #3351);
#3351 = NEXT_ASSEMBLY_USAGE_OCCURRENCE('22','D160','',#5,#1707,$);
#3352 = CONTEXT_DEPENDENT_SHAPE_REPRESENTATION(#3353,#3355);
#3353 = ( REPRESENTATION_RELATIONSHIP('','',#1712,#10) 
REPRESENTATION_RELATIONSHIP_WITH_TRANSFORMATION(#3354) 
SHAPE_REPRESENTATION_RELATIONSHIP() );
#3354 = ITEM_DEFINED_TRANSFORMATION('','',#11,#103);
#3355 = PRODUCT_DEFINITION_SHAPE('Placement','Placement of an item',
  #3356);
#3356 = NEXT_ASSEMBLY_USAGE_OCCURRENCE('23','D152','',#5,#1707,$);
#3357 = CONTEXT_DEPENDENT_SHAPE_REPRESENTATION(#3358,#3360);
#3358 = ( REPRESENTATION_RELATIONSHIP('','',#1712,#10) 
REPRESENTATION_RELATIONSHIP_WITH_TRANSFORMATION(#3359) 
SHAPE_REPRESENTATION_RELATIONSHIP() );
#3359 = ITEM_DEFINED_TRANSFORMATION('','',#11,#107);
#3360 = PRODUCT_DEFINITION_SHAPE('Placement','Placement of an item',
  #3361);
#3361 = NEXT_ASSEMBLY_USAGE_OCCURRENCE('24','D144','',#5,#1707,$);
#3362 = CONTEXT_DEPENDENT_SHAPE_REPRESENTATION(#3363,#3365);
#3363 = ( REPRESENTATION_RELATIONSHIP('','',#1712,#10) 
REPRESENTATION_RELATIONSHIP_WITH_TRANSFORMATION(#3364) 
SHAPE_REPRESENTATION_RELATIONSHIP() );
#3364 = ITEM_DEFINED_TRANSFORMATION('','',#11,#111);
#3365 = PRODUCT_DEFINITION_SHAPE('Placement','Placement of an item',
  #3366);
#3366 = NEXT_ASSEMBLY_USAGE_OCCURRENCE('25','D136','',#5,#1707,$);
#3367 = CONTEXT_DEPENDENT_SHAPE_REPRESENTATION(#3368,#3370);
#3368 = ( REPRESENTATION_RELATIONSHIP('','',#1712,#10) 
REPRESENTATION_RELATIONSHIP_WITH_TRANSFORMATION(#3369) 
SHAPE_REPRESENTATION_RELATIONSHIP() );
#3369 = ITEM_DEFINED_TRANSFORMATION('','',#11,#115);
#3370 = PRODUCT_DEFINITION_SHAPE('Placement','Placement of an item',
  #3371);
#3371 = NEXT_ASSEMBLY_USAGE_OCCURRENCE('26','D190','',#5,#1707,$);
#3372 = CONTEXT_DEPENDENT_SHAPE_REPRESENTATION(#3373,#3375);
#3373 = ( REPRESENTATION_RELATIONSHIP('','',#1712,#10) 
REPRESENTATION_RELATIONSHIP_WITH_TRANSFORMATION(#3374) 
SHAPE_REPRESENTATION_RELATIONSHIP() );
#3374 = ITEM_DEFINED_TRANSFORMATION('','',#11,#119);
#3375 = PRODUCT_DEFINITION_SHAPE('Placement','Placement of an item',
  #3376);
#3376 = NEXT_ASSEMBLY_USAGE_OCCURRENCE('27','D183','',#5,#1707,$);
#3377 = CONTEXT_DEPENDENT_SHAPE_REPRESENTATION(#3378,#3380);
#3378 = ( REPRESENTATION_RELATIONSHIP('','',#1712,#10) 
REPRESENTATION_RELATIONSHIP_WITH_TRANSFORMATION(#3379) 
SHAPE_REPRESENTATION_RELATIONSHIP() );
#3379 = ITEM_DEFINED_TRANSFORMATION('','',#11,#123);
#3380 = PRODUCT_DEFINITION_SHAPE('Placement','Placement of an item',
  #3381);
#3381 = NEXT_ASSEMBLY_USAGE_OCCURRENCE('28','D175','',#5,#1707,$);
#3382 = CONTEXT_DEPENDENT_SHAPE_REPRESENTATION(#3383,#3385);
#3383 = ( REPRESENTATION_RELATIONSHIP('','',#1712,#10) 
REPRESENTATION_RELATIONSHIP_WITH_TRANSFORMATION(#3384) 
SHAPE_REPRESENTATION_RELATIONSHIP() );
#3384 = ITEM_DEFINED_TRANSFORMATION('','',#11,#127);
#3385 = PRODUCT_DEFINITION_SHAPE('Placement','Placement of an item',
  #3386);
#3386 = NEXT_ASSEMBLY_USAGE_OCCURRENCE('29','D167','',#5,#1707,$);
#3387 = CONTEXT_DEPENDENT_SHAPE_REPRESENTATION(#3388,#3390);
#3388 = ( REPRESENTATION_RELATIONSHIP('','',#1712,#10) 
REPRESENTATION_RELATIONSHIP_WITH_TRANSFORMATION(#3389) 
SHAPE_REPRESENTATION_RELATIONSHIP() );
#3389 = ITEM_DEFINED_TRANSFORMATION('','',#11,#131);
#3390 = PRODUCT_DEFINITION_SHAPE('Placement','Placement of an item',
  #3391);
#3391 = NEXT_ASSEMBLY_USAGE_OCCURRENCE('30','D159','',#5,#1707,$);
#3392 = CONTEXT_DEPENDENT_SHAPE_REPRESENTATION(#3393,#3395);
#3393 = ( REPRESENTATION_RELATIONSHIP('','',#1712,#10) 
REPRESENTATION_RELATIONSHIP_WITH_TRANSFORMATION(#3394) 
SHAPE_REPRESENTATION_RELATIONSHIP() );
#3394 = ITEM_DEFINED_TRANSFORMATION('','',#11,#135);
#3395 = PRODUCT_DEFINITION_SHAPE('Placement','Placement of an item',
  #3396);
#3396 = NEXT_ASSEMBLY_USAGE_OCCURRENCE('31','D151','',#5,#1707,$);
#3397 = CONTEXT_DEPENDENT_SHAPE_REPRESENTATION(#3398,#3400);
#3398 = ( REPRESENTATION_RELATIONSHIP('','',#1712,#10) 
REPRESENTATION_RELATIONSHIP_WITH_TRANSFORMATION(#3399) 
SHAPE_REPRESENTATION_RELATIONSHIP() );
#3399 = ITEM_DEFINED_TRANSFORMATION('','',#11,#139);
#3400 = PRODUCT_DEFINITION_SHAPE('Placement','Placement of an item',
  #3401);
#3401 = NEXT_ASSEMBLY_USAGE_OCCURRENCE('32','D143','',#5,#1707,$);
#3402 = CONTEXT_DEPENDENT_SHAPE_REPRESENTATION(#3403,#3405);
#3403 = ( REPRESENTATION_RELATIONSHIP('','',#1712,#10) 
REPRESENTATION_RELATIONSHIP_WITH_TRANSFORMATION(#3404) 
SHAPE_REPRESENTATION_RELATIONSHIP() );
#3404 = ITEM_DEFINED_TRANSFORMATION('','',#11,#143);
#3405 = PRODUCT_DEFINITION_SHAPE('Placement','Placement of an item',
  #3406);
#3406 = NEXT_ASSEMBLY_USAGE_OCCURRENCE('33','D135','',#5,#1707,$);
#3407 = CONTEXT_DEPENDENT_SHAPE_REPRESENTATION(#3408,#3410);
#3408 = ( REPRESENTATION_RELATIONSHIP('','',#1712,#10) 
REPRESENTATION_RELATIONSHIP_WITH_TRANSFORMATION(#3409) 
SHAPE_REPRESENTATION_RELATIONSHIP() );
#3409 = ITEM_DEFINED_TRANSFORMATION('','',#11,#147);
#3410 = PRODUCT_DEFINITION_SHAPE('Placement','Placement of an item',
  #3411);
#3411 = NEXT_ASSEMBLY_USAGE_OCCURRENCE('34','D178','',#5,#1707,$);
#3412 = CONTEXT_DEPENDENT_SHAPE_REPRESENTATION(#3413,#3415);
#3413 = ( REPRESENTATION_RELATIONSHIP('','',#1712,#10) 
REPRESENTATION_RELATIONSHIP_WITH_TRANSFORMATION(#3414) 
SHAPE_REPRESENTATION_RELATIONSHIP() );
#3414 = ITEM_DEFINED_TRANSFORMATION('','',#11,#151);
#3415 = PRODUCT_DEFINITION_SHAPE('Placement','Placement of an item',
  #3416);
#3416 = NEXT_ASSEMBLY_USAGE_OCCURRENCE('35','D119','',#5,#1707,$);
#3417 = CONTEXT_DEPENDENT_SHAPE_REPRESENTATION(#3418,#3420);
#3418 = ( REPRESENTATION_RELATIONSHIP('','',#1712,#10) 
REPRESENTATION_RELATIONSHIP_WITH_TRANSFORMATION(#3419) 
SHAPE_REPRESENTATION_RELATIONSHIP() );
#3419 = ITEM_DEFINED_TRANSFORMATION('','',#11,#155);
#3420 = PRODUCT_DEFINITION_SHAPE('Placement','Placement of an item',
  #3421);
#3421 = NEXT_ASSEMBLY_USAGE_OCCURRENCE('36','D129','',#5,#1707,$);
#3422 = CONTEXT_DEPENDENT_SHAPE_REPRESENTATION(#3423,#3425);
#3423 = ( REPRESENTATION_RELATIONSHIP('','',#1712,#10) 
REPRESENTATION_RELATIONSHIP_WITH_TRANSFORMATION(#3424) 
SHAPE_REPRESENTATION_RELATIONSHIP() );
#3424 = ITEM_DEFINED_TRANSFORMATION('','',#11,#159);
#3425 = PRODUCT_DEFINITION_SHAPE('Placement','Placement of an item',
  #3426);
#3426 = NEXT_ASSEMBLY_USAGE_OCCURRENCE('37','D137','',#5,#1707,$);
#3427 = CONTEXT_DEPENDENT_SHAPE_REPRESENTATION(#3428,#3430);
#3428 = ( REPRESENTATION_RELATIONSHIP('','',#1712,#10) 
REPRESENTATION_RELATIONSHIP_WITH_TRANSFORMATION(#3429) 
SHAPE_REPRESENTATION_RELATIONSHIP() );
#3429 = ITEM_DEFINED_TRANSFORMATION('','',#11,#163);
#3430 = PRODUCT_DEFINITION_SHAPE('Placement','Placement of an item',
  #3431);
#3431 = NEXT_ASSEMBLY_USAGE_OCCURRENCE('38','D145','',#5,#1707,$);
#3432 = CONTEXT_DEPENDENT_SHAPE_REPRESENTATION(#3433,#3435);
#3433 = ( REPRESENTATION_RELATIONSHIP('','',#1712,#10) 
REPRESENTATION_RELATIONSHIP_WITH_TRANSFORMATION(#3434) 
SHAPE_REPRESENTATION_RELATIONSHIP() );
#3434 = ITEM_DEFINED_TRANSFORMATION('','',#11,#167);
#3435 = PRODUCT_DEFINITION_SHAPE('Placement','Placement of an item',
  #3436);
#3436 = NEXT_ASSEMBLY_USAGE_OCCURRENCE('39','D153','',#5,#1707,$);
#3437 = CONTEXT_DEPENDENT_SHAPE_REPRESENTATION(#3438,#3440);
#3438 = ( REPRESENTATION_RELATIONSHIP('','',#1712,#10) 
REPRESENTATION_RELATIONSHIP_WITH_TRANSFORMATION(#3439) 
SHAPE_REPRESENTATION_RELATIONSHIP() );
#3439 = ITEM_DEFINED_TRANSFORMATION('','',#11,#171);
#3440 = PRODUCT_DEFINITION_SHAPE('Placement','Placement of an item',
  #3441);
#3441 = NEXT_ASSEMBLY_USAGE_OCCURRENCE('40','D161','',#5,#1707,$);
#3442 = CONTEXT_DEPENDENT_SHAPE_REPRESENTATION(#3443,#3445);
#3443 = ( REPRESENTATION_RELATIONSHIP('','',#1712,#10) 
REPRESENTATION_RELATIONSHIP_WITH_TRANSFORMATION(#3444) 
SHAPE_REPRESENTATION_RELATIONSHIP() );
#3444 = ITEM_DEFINED_TRANSFORMATION('','',#11,#175);
#3445 = PRODUCT_DEFINITION_SHAPE('Placement','Placement of an item',
  #3446);
#3446 = NEXT_ASSEMBLY_USAGE_OCCURRENCE('41','D169','',#5,#1707,$);
#3447 = CONTEXT_DEPENDENT_SHAPE_REPRESENTATION(#3448,#3450);
#3448 = ( REPRESENTATION_RELATIONSHIP('','',#1712,#10) 
REPRESENTATION_RELATIONSHIP_WITH_TRANSFORMATION(#3449) 
SHAPE_REPRESENTATION_RELATIONSHIP() );
#3449 = ITEM_DEFINED_TRANSFORMATION('','',#11,#179);
#3450 = PRODUCT_DEFINITION_SHAPE('Placement','Placement of an item',
  #3451);
#3451 = NEXT_ASSEMBLY_USAGE_OCCURRENCE('42','D177','',#5,#1707,$);
#3452 = CONTEXT_DEPENDENT_SHAPE_REPRESENTATION(#3453,#3455);
#3453 = ( REPRESENTATION_RELATIONSHIP('','',#1712,#10) 
REPRESENTATION_RELATIONSHIP_WITH_TRANSFORMATION(#3454) 
SHAPE_REPRESENTATION_RELATIONSHIP() );
#3454 = ITEM_DEFINED_TRANSFORMATION('','',#11,#183);
#3455 = PRODUCT_DEFINITION_SHAPE('Placement','Placement of an item',
  #3456);
#3456 = NEXT_ASSEMBLY_USAGE_OCCURRENCE('43','D185','',#5,#1707,$);
#3457 = CONTEXT_DEPENDENT_SHAPE_REPRESENTATION(#3458,#3460);
#3458 = ( REPRESENTATION_RELATIONSHIP('','',#1712,#10) 
REPRESENTATION_RELATIONSHIP_WITH_TRANSFORMATION(#3459) 
SHAPE_REPRESENTATION_RELATIONSHIP() );
#3459 = ITEM_DEFINED_TRANSFORMATION('','',#11,#187);
#3460 = PRODUCT_DEFINITION_SHAPE('Placement','Placement of an item',
  #3461);
#3461 = NEXT_ASSEMBLY_USAGE_OCCURRENCE('44','D130','',#5,#1707,$);
#3462 = CONTEXT_DEPENDENT_SHAPE_REPRESENTATION(#3463,#3465);
#3463 = ( REPRESENTATION_RELATIONSHIP('','',#1712,#10) 
REPRESENTATION_RELATIONSHIP_WITH_TRANSFORMATION(#3464) 
SHAPE_REPRESENTATION_RELATIONSHIP() );
#3464 = ITEM_DEFINED_TRANSFORMATION('','',#11,#191);
#3465 = PRODUCT_DEFINITION_SHAPE('Placement','Placement of an item',
  #3466);
#3466 = NEXT_ASSEMBLY_USAGE_OCCURRENCE('45','D138','',#5,#1707,$);
#3467 = CONTEXT_DEPENDENT_SHAPE_REPRESENTATION(#3468,#3470);
#3468 = ( REPRESENTATION_RELATIONSHIP('','',#1712,#10) 
REPRESENTATION_RELATIONSHIP_WITH_TRANSFORMATION(#3469) 
SHAPE_REPRESENTATION_RELATIONSHIP() );
#3469 = ITEM_DEFINED_TRANSFORMATION('','',#11,#195);
#3470 = PRODUCT_DEFINITION_SHAPE('Placement','Placement of an item',
  #3471);
#3471 = NEXT_ASSEMBLY_USAGE_OCCURRENCE('46','D146','',#5,#1707,$);
#3472 = CONTEXT_DEPENDENT_SHAPE_REPRESENTATION(#3473,#3475);
#3473 = ( REPRESENTATION_RELATIONSHIP('','',#1712,#10) 
REPRESENTATION_RELATIONSHIP_WITH_TRANSFORMATION(#3474) 
SHAPE_REPRESENTATION_RELATIONSHIP() );
#3474 = ITEM_DEFINED_TRANSFORMATION('','',#11,#199);
#3475 = PRODUCT_DEFINITION_SHAPE('Placement','Placement of an item',
  #3476);
#3476 = NEXT_ASSEMBLY_USAGE_OCCURRENCE('47','D154','',#5,#1707,$);
#3477 = CONTEXT_DEPENDENT_SHAPE_REPRESENTATION(#3478,#3480);
#3478 = ( REPRESENTATION_RELATIONSHIP('','',#1712,#10) 
REPRESENTATION_RELATIONSHIP_WITH_TRANSFORMATION(#3479) 
SHAPE_REPRESENTATION_RELATIONSHIP() );
#3479 = ITEM_DEFINED_TRANSFORMATION('','',#11,#203);
#3480 = PRODUCT_DEFINITION_SHAPE('Placement','Placement of an item',
  #3481);
#3481 = NEXT_ASSEMBLY_USAGE_OCCURRENCE('48','D162','',#5,#1707,$);
#3482 = CONTEXT_DEPENDENT_SHAPE_REPRESENTATION(#3483,#3485);
#3483 = ( REPRESENTATION_RELATIONSHIP('','',#1712,#10) 
REPRESENTATION_RELATIONSHIP_WITH_TRANSFORMATION(#3484) 
SHAPE_REPRESENTATION_RELATIONSHIP() );
#3484 = ITEM_DEFINED_TRANSFORMATION('','',#11,#207);
#3485 = PRODUCT_DEFINITION_SHAPE('Placement','Placement of an item',
  #3486);
#3486 = NEXT_ASSEMBLY_USAGE_OCCURRENCE('49','D170','',#5,#1707,$);
#3487 = CONTEXT_DEPENDENT_SHAPE_REPRESENTATION(#3488,#3490);
#3488 = ( REPRESENTATION_RELATIONSHIP('','',#1712,#10) 
REPRESENTATION_RELATIONSHIP_WITH_TRANSFORMATION(#3489) 
SHAPE_REPRESENTATION_RELATIONSHIP() );
#3489 = ITEM_DEFINED_TRANSFORMATION('','',#11,#211);
#3490 = PRODUCT_DEFINITION_SHAPE('Placement','Placement of an item',
  #3491);
#3491 = NEXT_ASSEMBLY_USAGE_OCCURRENCE('50','D180','',#5,#1707,$);
#3492 = CONTEXT_DEPENDENT_SHAPE_REPRESENTATION(#3493,#3495);
#3493 = ( REPRESENTATION_RELATIONSHIP('','',#1712,#10) 
REPRESENTATION_RELATIONSHIP_WITH_TRANSFORMATION(#3494) 
SHAPE_REPRESENTATION_RELATIONSHIP() );
#3494 = ITEM_DEFINED_TRANSFORMATION('','',#11,#215);
#3495 = PRODUCT_DEFINITION_SHAPE('Placement','Placement of an item',
  #3496);
#3496 = NEXT_ASSEMBLY_USAGE_OCCURRENCE('51','D186','',#5,#1707,$);
#3497 = CONTEXT_DEPENDENT_SHAPE_REPRESENTATION(#3498,#3500);
#3498 = ( REPRESENTATION_RELATIONSHIP('','',#1712,#10) 
REPRESENTATION_RELATIONSHIP_WITH_TRANSFORMATION(#3499) 
SHAPE_REPRESENTATION_RELATIONSHIP() );
#3499 = ITEM_DEFINED_TRANSFORMATION('','',#11,#219);
#3500 = PRODUCT_DEFINITION_SHAPE('Placement','Placement of an item',
  #3501);
#3501 = NEXT_ASSEMBLY_USAGE_OCCURRENCE('52','D131','',#5,#1707,$);
#3502 = CONTEXT_DEPENDENT_SHAPE_REPRESENTATION(#3503,#3505);
#3503 = ( REPRESENTATION_RELATIONSHIP('','',#1712,#10) 
REPRESENTATION_RELATIONSHIP_WITH_TRANSFORMATION(#3504) 
SHAPE_REPRESENTATION_RELATIONSHIP() );
#3504 = ITEM_DEFINED_TRANSFORMATION('','',#11,#223);
#3505 = PRODUCT_DEFINITION_SHAPE('Placement','Placement of an item',
  #3506);
#3506 = NEXT_ASSEMBLY_USAGE_OCCURRENCE('53','D139','',#5,#1707,$);
#3507 = CONTEXT_DEPENDENT_SHAPE_REPRESENTATION(#3508,#3510);
#3508 = ( REPRESENTATION_RELATIONSHIP('','',#1712,#10) 
REPRESENTATION_RELATIONSHIP_WITH_TRANSFORMATION(#3509) 
SHAPE_REPRESENTATION_RELATIONSHIP() );
#3509 = ITEM_DEFINED_TRANSFORMATION('','',#11,#227);
#3510 = PRODUCT_DEFINITION_SHAPE('Placement','Placement of an item',
  #3511);
#3511 = NEXT_ASSEMBLY_USAGE_OCCURRENCE('54','D147','',#5,#1707,$);
#3512 = CONTEXT_DEPENDENT_SHAPE_REPRESENTATION(#3513,#3515);
#3513 = ( REPRESENTATION_RELATIONSHIP('','',#1712,#10) 
REPRESENTATION_RELATIONSHIP_WITH_TRANSFORMATION(#3514) 
SHAPE_REPRESENTATION_RELATIONSHIP() );
#3514 = ITEM_DEFINED_TRANSFORMATION('','',#11,#231);
#3515 = PRODUCT_DEFINITION_SHAPE('Placement','Placement of an item',
  #3516);
#3516 = NEXT_ASSEMBLY_USAGE_OCCURRENCE('55','D155','',#5,#1707,$);
#3517 = CONTEXT_DEPENDENT_SHAPE_REPRESENTATION(#3518,#3520);
#3518 = ( REPRESENTATION_RELATIONSHIP('','',#1712,#10) 
REPRESENTATION_RELATIONSHIP_WITH_TRANSFORMATION(#3519) 
SHAPE_REPRESENTATION_RELATIONSHIP() );
#3519 = ITEM_DEFINED_TRANSFORMATION('','',#11,#235);
#3520 = PRODUCT_DEFINITION_SHAPE('Placement','Placement of an item',
  #3521);
#3521 = NEXT_ASSEMBLY_USAGE_OCCURRENCE('56','D163','',#5,#1707,$);
#3522 = CONTEXT_DEPENDENT_SHAPE_REPRESENTATION(#3523,#3525);
#3523 = ( REPRESENTATION_RELATIONSHIP('','',#1712,#10) 
REPRESENTATION_RELATIONSHIP_WITH_TRANSFORMATION(#3524) 
SHAPE_REPRESENTATION_RELATIONSHIP() );
#3524 = ITEM_DEFINED_TRANSFORMATION('','',#11,#239);
#3525 = PRODUCT_DEFINITION_SHAPE('Placement','Placement of an item',
  #3526);
#3526 = NEXT_ASSEMBLY_USAGE_OCCURRENCE('57','D171','',#5,#1707,$);
#3527 = CONTEXT_DEPENDENT_SHAPE_REPRESENTATION(#3528,#3530);
#3528 = ( REPRESENTATION_RELATIONSHIP('','',#1712,#10) 
REPRESENTATION_RELATIONSHIP_WITH_TRANSFORMATION(#3529) 
SHAPE_REPRESENTATION_RELATIONSHIP() );
#3529 = ITEM_DEFINED_TRANSFORMATION('','',#11,#243);
#3530 = PRODUCT_DEFINITION_SHAPE('Placement','Placement of an item',
  #3531);
#3531 = NEXT_ASSEMBLY_USAGE_OCCURRENCE('58','D179','',#5,#1707,$);
#3532 = CONTEXT_DEPENDENT_SHAPE_REPRESENTATION(#3533,#3535);
#3533 = ( REPRESENTATION_RELATIONSHIP('','',#1712,#10) 
REPRESENTATION_RELATIONSHIP_WITH_TRANSFORMATION(#3534) 
SHAPE_REPRESENTATION_RELATIONSHIP() );
#3534 = ITEM_DEFINED_TRANSFORMATION('','',#11,#247);
#3535 = PRODUCT_DEFINITION_SHAPE('Placement','Placement of an item',
  #3536);
#3536 = NEXT_ASSEMBLY_USAGE_OCCURRENCE('59','D187','',#5,#1707,$);
#3537 = CONTEXT_DEPENDENT_SHAPE_REPRESENTATION(#3538,#3540);
#3538 = ( REPRESENTATION_RELATIONSHIP('','',#1712,#10) 
REPRESENTATION_RELATIONSHIP_WITH_TRANSFORMATION(#3539) 
SHAPE_REPRESENTATION_RELATIONSHIP() );
#3539 = ITEM_DEFINED_TRANSFORMATION('','',#11,#251);
#3540 = PRODUCT_DEFINITION_SHAPE('Placement','Placement of an item',
  #3541);
#3541 = NEXT_ASSEMBLY_USAGE_OCCURRENCE('60','D132','',#5,#1707,$);
#3542 = CONTEXT_DEPENDENT_SHAPE_REPRESENTATION(#3543,#3545);
#3543 = ( REPRESENTATION_RELATIONSHIP('','',#1712,#10) 
REPRESENTATION_RELATIONSHIP_WITH_TRANSFORMATION(#3544) 
SHAPE_REPRESENTATION_RELATIONSHIP() );
#3544 = ITEM_DEFINED_TRANSFORMATION('','',#11,#255);
#3545 = PRODUCT_DEFINITION_SHAPE('Placement','Placement of an item',
  #3546);
#3546 = NEXT_ASSEMBLY_USAGE_OCCURRENCE('61','D140','',#5,#1707,$);
#3547 = CONTEXT_DEPENDENT_SHAPE_REPRESENTATION(#3548,#3550);
#3548 = ( REPRESENTATION_RELATIONSHIP('','',#1712,#10) 
REPRESENTATION_RELATIONSHIP_WITH_TRANSFORMATION(#3549) 
SHAPE_REPRESENTATION_RELATIONSHIP() );
#3549 = ITEM_DEFINED_TRANSFORMATION('','',#11,#259);
#3550 = PRODUCT_DEFINITION_SHAPE('Placement','Placement of an item',
  #3551);
#3551 = NEXT_ASSEMBLY_USAGE_OCCURRENCE('62','D148','',#5,#1707,$);
#3552 = CONTEXT_DEPENDENT_SHAPE_REPRESENTATION(#3553,#3555);
#3553 = ( REPRESENTATION_RELATIONSHIP('','',#1712,#10) 
REPRESENTATION_RELATIONSHIP_WITH_TRANSFORMATION(#3554) 
SHAPE_REPRESENTATION_RELATIONSHIP() );
#3554 = ITEM_DEFINED_TRANSFORMATION('','',#11,#263);
#3555 = PRODUCT_DEFINITION_SHAPE('Placement','Placement of an item',
  #3556);
#3556 = NEXT_ASSEMBLY_USAGE_OCCURRENCE('63','D156','',#5,#1707,$);
#3557 = CONTEXT_DEPENDENT_SHAPE_REPRESENTATION(#3558,#3560);
#3558 = ( REPRESENTATION_RELATIONSHIP('','',#1712,#10) 
REPRESENTATION_RELATIONSHIP_WITH_TRANSFORMATION(#3559) 
SHAPE_REPRESENTATION_RELATIONSHIP() );
#3559 = ITEM_DEFINED_TRANSFORMATION('','',#11,#267);
#3560 = PRODUCT_DEFINITION_SHAPE('Placement','Placement of an item',
  #3561);
#3561 = NEXT_ASSEMBLY_USAGE_OCCURRENCE('64','D164','',#5,#1707,$);
#3562 = CONTEXT_DEPENDENT_SHAPE_REPRESENTATION(#3563,#3565);
#3563 = ( REPRESENTATION_RELATIONSHIP('','',#1712,#10) 
REPRESENTATION_RELATIONSHIP_WITH_TRANSFORMATION(#3564) 
SHAPE_REPRESENTATION_RELATIONSHIP() );
#3564 = ITEM_DEFINED_TRANSFORMATION('','',#11,#271);
#3565 = PRODUCT_DEFINITION_SHAPE('Placement','Placement of an item',
  #3566);
#3566 = NEXT_ASSEMBLY_USAGE_OCCURRENCE('65','D172','',#5,#1707,$);
#3567 = CONTEXT_DEPENDENT_SHAPE_REPRESENTATION(#3568,#3570);
#3568 = ( REPRESENTATION_RELATIONSHIP('','',#1712,#10) 
REPRESENTATION_RELATIONSHIP_WITH_TRANSFORMATION(#3569) 
SHAPE_REPRESENTATION_RELATIONSHIP() );
#3569 = ITEM_DEFINED_TRANSFORMATION('','',#11,#275);
#3570 = PRODUCT_DEFINITION_SHAPE('Placement','Placement of an item',
  #3571);
#3571 = NEXT_ASSEMBLY_USAGE_OCCURRENCE('66','D253','',#5,#1707,$);
#3572 = CONTEXT_DEPENDENT_SHAPE_REPRESENTATION(#3573,#3575);
#3573 = ( REPRESENTATION_RELATIONSHIP('','',#1712,#10) 
REPRESENTATION_RELATIONSHIP_WITH_TRANSFORMATION(#3574) 
SHAPE_REPRESENTATION_RELATIONSHIP() );
#3574 = ITEM_DEFINED_TRANSFORMATION('','',#11,#279);
#3575 = PRODUCT_DEFINITION_SHAPE('Placement','Placement of an item',
  #3576);
#3576 = NEXT_ASSEMBLY_USAGE_OCCURRENCE('67','D254','',#5,#1707,$);
#3577 = CONTEXT_DEPENDENT_SHAPE_REPRESENTATION(#3578,#3580);
#3578 = ( REPRESENTATION_RELATIONSHIP('','',#1712,#10) 
REPRESENTATION_RELATIONSHIP_WITH_TRANSFORMATION(#3579) 
SHAPE_REPRESENTATION_RELATIONSHIP() );
#3579 = ITEM_DEFINED_TRANSFORMATION('','',#11,#283);
#3580 = PRODUCT_DEFINITION_SHAPE('Placement','Placement of an item',
  #3581);
#3581 = NEXT_ASSEMBLY_USAGE_OCCURRENCE('68','D246','',#5,#1707,$);
#3582 = CONTEXT_DEPENDENT_SHAPE_REPRESENTATION(#3583,#3585);
#3583 = ( REPRESENTATION_RELATIONSHIP('','',#1712,#10) 
REPRESENTATION_RELATIONSHIP_WITH_TRANSFORMATION(#3584) 
SHAPE_REPRESENTATION_RELATIONSHIP() );
#3584 = ITEM_DEFINED_TRANSFORMATION('','',#11,#287);
#3585 = PRODUCT_DEFINITION_SHAPE('Placement','Placement of an item',
  #3586);
#3586 = NEXT_ASSEMBLY_USAGE_OCCURRENCE('69','D238','',#5,#1707,$);
#3587 = CONTEXT_DEPENDENT_SHAPE_REPRESENTATION(#3588,#3590);
#3588 = ( REPRESENTATION_RELATIONSHIP('','',#1712,#10) 
REPRESENTATION_RELATIONSHIP_WITH_TRANSFORMATION(#3589) 
SHAPE_REPRESENTATION_RELATIONSHIP() );
#3589 = ITEM_DEFINED_TRANSFORMATION('','',#11,#291);
#3590 = PRODUCT_DEFINITION_SHAPE('Placement','Placement of an item',
  #3591);
#3591 = NEXT_ASSEMBLY_USAGE_OCCURRENCE('70','D230','',#5,#1707,$);
#3592 = CONTEXT_DEPENDENT_SHAPE_REPRESENTATION(#3593,#3595);
#3593 = ( REPRESENTATION_RELATIONSHIP('','',#1712,#10) 
REPRESENTATION_RELATIONSHIP_WITH_TRANSFORMATION(#3594) 
SHAPE_REPRESENTATION_RELATIONSHIP() );
#3594 = ITEM_DEFINED_TRANSFORMATION('','',#11,#295);
#3595 = PRODUCT_DEFINITION_SHAPE('Placement','Placement of an item',
  #3596);
#3596 = NEXT_ASSEMBLY_USAGE_OCCURRENCE('71','D222','',#5,#1707,$);
#3597 = CONTEXT_DEPENDENT_SHAPE_REPRESENTATION(#3598,#3600);
#3598 = ( REPRESENTATION_RELATIONSHIP('','',#1712,#10) 
REPRESENTATION_RELATIONSHIP_WITH_TRANSFORMATION(#3599) 
SHAPE_REPRESENTATION_RELATIONSHIP() );
#3599 = ITEM_DEFINED_TRANSFORMATION('','',#11,#299);
#3600 = PRODUCT_DEFINITION_SHAPE('Placement','Placement of an item',
  #3601);
#3601 = NEXT_ASSEMBLY_USAGE_OCCURRENCE('72','D214','',#5,#1707,$);
#3602 = CONTEXT_DEPENDENT_SHAPE_REPRESENTATION(#3603,#3605);
#3603 = ( REPRESENTATION_RELATIONSHIP('','',#1712,#10) 
REPRESENTATION_RELATIONSHIP_WITH_TRANSFORMATION(#3604) 
SHAPE_REPRESENTATION_RELATIONSHIP() );
#3604 = ITEM_DEFINED_TRANSFORMATION('','',#11,#303);
#3605 = PRODUCT_DEFINITION_SHAPE('Placement','Placement of an item',
  #3606);
#3606 = NEXT_ASSEMBLY_USAGE_OCCURRENCE('73','D206','',#5,#1707,$);
#3607 = CONTEXT_DEPENDENT_SHAPE_REPRESENTATION(#3608,#3610);
#3608 = ( REPRESENTATION_RELATIONSHIP('','',#1712,#10) 
REPRESENTATION_RELATIONSHIP_WITH_TRANSFORMATION(#3609) 
SHAPE_REPRESENTATION_RELATIONSHIP() );
#3609 = ITEM_DEFINED_TRANSFORMATION('','',#11,#307);
#3610 = PRODUCT_DEFINITION_SHAPE('Placement','Placement of an item',
  #3611);
#3611 = NEXT_ASSEMBLY_USAGE_OCCURRENCE('74','D198','',#5,#1707,$);
#3612 = CONTEXT_DEPENDENT_SHAPE_REPRESENTATION(#3613,#3615);
#3613 = ( REPRESENTATION_RELATIONSHIP('','',#1712,#10) 
REPRESENTATION_RELATIONSHIP_WITH_TRANSFORMATION(#3614) 
SHAPE_REPRESENTATION_RELATIONSHIP() );
#3614 = ITEM_DEFINED_TRANSFORMATION('','',#11,#311);
#3615 = PRODUCT_DEFINITION_SHAPE('Placement','Placement of an item',
  #3616);
#3616 = NEXT_ASSEMBLY_USAGE_OCCURRENCE('75','D199','',#5,#1707,$);
#3617 = CONTEXT_DEPENDENT_SHAPE_REPRESENTATION(#3618,#3620);
#3618 = ( REPRESENTATION_RELATIONSHIP('','',#1712,#10) 
REPRESENTATION_RELATIONSHIP_WITH_TRANSFORMATION(#3619) 
SHAPE_REPRESENTATION_RELATIONSHIP() );
#3619 = ITEM_DEFINED_TRANSFORMATION('','',#11,#315);
#3620 = PRODUCT_DEFINITION_SHAPE('Placement','Placement of an item',
  #3621);
#3621 = NEXT_ASSEMBLY_USAGE_OCCURRENCE('76','D245','',#5,#1707,$);
#3622 = CONTEXT_DEPENDENT_SHAPE_REPRESENTATION(#3623,#3625);
#3623 = ( REPRESENTATION_RELATIONSHIP('','',#1712,#10) 
REPRESENTATION_RELATIONSHIP_WITH_TRANSFORMATION(#3624) 
SHAPE_REPRESENTATION_RELATIONSHIP() );
#3624 = ITEM_DEFINED_TRANSFORMATION('','',#11,#319);
#3625 = PRODUCT_DEFINITION_SHAPE('Placement','Placement of an item',
  #3626);
#3626 = NEXT_ASSEMBLY_USAGE_OCCURRENCE('77','D237','',#5,#1707,$);
#3627 = CONTEXT_DEPENDENT_SHAPE_REPRESENTATION(#3628,#3630);
#3628 = ( REPRESENTATION_RELATIONSHIP('','',#1712,#10) 
REPRESENTATION_RELATIONSHIP_WITH_TRANSFORMATION(#3629) 
SHAPE_REPRESENTATION_RELATIONSHIP() );
#3629 = ITEM_DEFINED_TRANSFORMATION('','',#11,#323);
#3630 = PRODUCT_DEFINITION_SHAPE('Placement','Placement of an item',
  #3631);
#3631 = NEXT_ASSEMBLY_USAGE_OCCURRENCE('78','D229','',#5,#1707,$);
#3632 = CONTEXT_DEPENDENT_SHAPE_REPRESENTATION(#3633,#3635);
#3633 = ( REPRESENTATION_RELATIONSHIP('','',#1712,#10) 
REPRESENTATION_RELATIONSHIP_WITH_TRANSFORMATION(#3634) 
SHAPE_REPRESENTATION_RELATIONSHIP() );
#3634 = ITEM_DEFINED_TRANSFORMATION('','',#11,#327);
#3635 = PRODUCT_DEFINITION_SHAPE('Placement','Placement of an item',
  #3636);
#3636 = NEXT_ASSEMBLY_USAGE_OCCURRENCE('79','D221','',#5,#1707,$);
#3637 = CONTEXT_DEPENDENT_SHAPE_REPRESENTATION(#3638,#3640);
#3638 = ( REPRESENTATION_RELATIONSHIP('','',#1712,#10) 
REPRESENTATION_RELATIONSHIP_WITH_TRANSFORMATION(#3639) 
SHAPE_REPRESENTATION_RELATIONSHIP() );
#3639 = ITEM_DEFINED_TRANSFORMATION('','',#11,#331);
#3640 = PRODUCT_DEFINITION_SHAPE('Placement','Placement of an item',
  #3641);
#3641 = NEXT_ASSEMBLY_USAGE_OCCURRENCE('80','D213','',#5,#1707,$);
#3642 = CONTEXT_DEPENDENT_SHAPE_REPRESENTATION(#3643,#3645);
#3643 = ( REPRESENTATION_RELATIONSHIP('','',#1712,#10) 
REPRESENTATION_RELATIONSHIP_WITH_TRANSFORMATION(#3644) 
SHAPE_REPRESENTATION_RELATIONSHIP() );
#3644 = ITEM_DEFINED_TRANSFORMATION('','',#11,#335);
#3645 = PRODUCT_DEFINITION_SHAPE('Placement','Placement of an item',
  #3646);
#3646 = NEXT_ASSEMBLY_USAGE_OCCURRENCE('81','D205','',#5,#1707,$);
#3647 = CONTEXT_DEPENDENT_SHAPE_REPRESENTATION(#3648,#3650);
#3648 = ( REPRESENTATION_RELATIONSHIP('','',#1712,#10) 
REPRESENTATION_RELATIONSHIP_WITH_TRANSFORMATION(#3649) 
SHAPE_REPRESENTATION_RELATIONSHIP() );
#3649 = ITEM_DEFINED_TRANSFORMATION('','',#11,#339);
#3650 = PRODUCT_DEFINITION_SHAPE('Placement','Placement of an item',
  #3651);
#3651 = NEXT_ASSEMBLY_USAGE_OCCURRENCE('82','D197','',#5,#1707,$);
#3652 = CONTEXT_DEPENDENT_SHAPE_REPRESENTATION(#3653,#3655);
#3653 = ( REPRESENTATION_RELATIONSHIP('','',#1712,#10) 
REPRESENTATION_RELATIONSHIP_WITH_TRANSFORMATION(#3654) 
SHAPE_REPRESENTATION_RELATIONSHIP() );
#3654 = ITEM_DEFINED_TRANSFORMATION('','',#11,#343);
#3655 = PRODUCT_DEFINITION_SHAPE('Placement','Placement of an item',
  #3656);
#3656 = NEXT_ASSEMBLY_USAGE_OCCURRENCE('83','D252','',#5,#1707,$);
#3657 = CONTEXT_DEPENDENT_SHAPE_REPRESENTATION(#3658,#3660);
#3658 = ( REPRESENTATION_RELATIONSHIP('','',#1712,#10) 
REPRESENTATION_RELATIONSHIP_WITH_TRANSFORMATION(#3659) 
SHAPE_REPRESENTATION_RELATIONSHIP() );
#3659 = ITEM_DEFINED_TRANSFORMATION('','',#11,#347);
#3660 = PRODUCT_DEFINITION_SHAPE('Placement','Placement of an item',
  #3661);
#3661 = NEXT_ASSEMBLY_USAGE_OCCURRENCE('84','D207','',#5,#1707,$);
#3662 = CONTEXT_DEPENDENT_SHAPE_REPRESENTATION(#3663,#3665);
#3663 = ( REPRESENTATION_RELATIONSHIP('','',#1712,#10) 
REPRESENTATION_RELATIONSHIP_WITH_TRANSFORMATION(#3664) 
SHAPE_REPRESENTATION_RELATIONSHIP() );
#3664 = ITEM_DEFINED_TRANSFORMATION('','',#11,#351);
#3665 = PRODUCT_DEFINITION_SHAPE('Placement','Placement of an item',
  #3666);
#3666 = NEXT_ASSEMBLY_USAGE_OCCURRENCE('85','D215','',#5,#1707,$);
#3667 = CONTEXT_DEPENDENT_SHAPE_REPRESENTATION(#3668,#3670);
#3668 = ( REPRESENTATION_RELATIONSHIP('','',#1712,#10) 
REPRESENTATION_RELATIONSHIP_WITH_TRANSFORMATION(#3669) 
SHAPE_REPRESENTATION_RELATIONSHIP() );
#3669 = ITEM_DEFINED_TRANSFORMATION('','',#11,#355);
#3670 = PRODUCT_DEFINITION_SHAPE('Placement','Placement of an item',
  #3671);
#3671 = NEXT_ASSEMBLY_USAGE_OCCURRENCE('86','D223','',#5,#1707,$);
#3672 = CONTEXT_DEPENDENT_SHAPE_REPRESENTATION(#3673,#3675);
#3673 = ( REPRESENTATION_RELATIONSHIP('','',#1712,#10) 
REPRESENTATION_RELATIONSHIP_WITH_TRANSFORMATION(#3674) 
SHAPE_REPRESENTATION_RELATIONSHIP() );
#3674 = ITEM_DEFINED_TRANSFORMATION('','',#11,#359);
#3675 = PRODUCT_DEFINITION_SHAPE('Placement','Placement of an item',
  #3676);
#3676 = NEXT_ASSEMBLY_USAGE_OCCURRENCE('87','D231','',#5,#1707,$);
#3677 = CONTEXT_DEPENDENT_SHAPE_REPRESENTATION(#3678,#3680);
#3678 = ( REPRESENTATION_RELATIONSHIP('','',#1712,#10) 
REPRESENTATION_RELATIONSHIP_WITH_TRANSFORMATION(#3679) 
SHAPE_REPRESENTATION_RELATIONSHIP() );
#3679 = ITEM_DEFINED_TRANSFORMATION('','',#11,#363);
#3680 = PRODUCT_DEFINITION_SHAPE('Placement','Placement of an item',
  #3681);
#3681 = NEXT_ASSEMBLY_USAGE_OCCURRENCE('88','D239','',#5,#1707,$);
#3682 = CONTEXT_DEPENDENT_SHAPE_REPRESENTATION(#3683,#3685);
#3683 = ( REPRESENTATION_RELATIONSHIP('','',#1712,#10) 
REPRESENTATION_RELATIONSHIP_WITH_TRANSFORMATION(#3684) 
SHAPE_REPRESENTATION_RELATIONSHIP() );
#3684 = ITEM_DEFINED_TRANSFORMATION('','',#11,#367);
#3685 = PRODUCT_DEFINITION_SHAPE('Placement','Placement of an item',
  #3686);
#3686 = NEXT_ASSEMBLY_USAGE_OCCURRENCE('89','D247','',#5,#1707,$);
#3687 = CONTEXT_DEPENDENT_SHAPE_REPRESENTATION(#3688,#3690);
#3688 = ( REPRESENTATION_RELATIONSHIP('','',#1712,#10) 
REPRESENTATION_RELATIONSHIP_WITH_TRANSFORMATION(#3689) 
SHAPE_REPRESENTATION_RELATIONSHIP() );
#3689 = ITEM_DEFINED_TRANSFORMATION('','',#11,#371);
#3690 = PRODUCT_DEFINITION_SHAPE('Placement','Placement of an item',
  #3691);
#3691 = NEXT_ASSEMBLY_USAGE_OCCURRENCE('90','D255','',#5,#1707,$);
#3692 = CONTEXT_DEPENDENT_SHAPE_REPRESENTATION(#3693,#3695);
#3693 = ( REPRESENTATION_RELATIONSHIP('','',#1712,#10) 
REPRESENTATION_RELATIONSHIP_WITH_TRANSFORMATION(#3694) 
SHAPE_REPRESENTATION_RELATIONSHIP() );
#3694 = ITEM_DEFINED_TRANSFORMATION('','',#11,#375);
#3695 = PRODUCT_DEFINITION_SHAPE('Placement','Placement of an item',
  #3696);
#3696 = NEXT_ASSEMBLY_USAGE_OCCURRENCE('91','D200','',#5,#1707,$);
#3697 = CONTEXT_DEPENDENT_SHAPE_REPRESENTATION(#3698,#3700);
#3698 = ( REPRESENTATION_RELATIONSHIP('','',#1712,#10) 
REPRESENTATION_RELATIONSHIP_WITH_TRANSFORMATION(#3699) 
SHAPE_REPRESENTATION_RELATIONSHIP() );
#3699 = ITEM_DEFINED_TRANSFORMATION('','',#11,#379);
#3700 = PRODUCT_DEFINITION_SHAPE('Placement','Placement of an item',
  #3701);
#3701 = NEXT_ASSEMBLY_USAGE_OCCURRENCE('92','D208','',#5,#1707,$);
#3702 = CONTEXT_DEPENDENT_SHAPE_REPRESENTATION(#3703,#3705);
#3703 = ( REPRESENTATION_RELATIONSHIP('','',#1712,#10) 
REPRESENTATION_RELATIONSHIP_WITH_TRANSFORMATION(#3704) 
SHAPE_REPRESENTATION_RELATIONSHIP() );
#3704 = ITEM_DEFINED_TRANSFORMATION('','',#11,#383);
#3705 = PRODUCT_DEFINITION_SHAPE('Placement','Placement of an item',
  #3706);
#3706 = NEXT_ASSEMBLY_USAGE_OCCURRENCE('93','D216','',#5,#1707,$);
#3707 = CONTEXT_DEPENDENT_SHAPE_REPRESENTATION(#3708,#3710);
#3708 = ( REPRESENTATION_RELATIONSHIP('','',#1712,#10) 
REPRESENTATION_RELATIONSHIP_WITH_TRANSFORMATION(#3709) 
SHAPE_REPRESENTATION_RELATIONSHIP() );
#3709 = ITEM_DEFINED_TRANSFORMATION('','',#11,#387);
#3710 = PRODUCT_DEFINITION_SHAPE('Placement','Placement of an item',
  #3711);
#3711 = NEXT_ASSEMBLY_USAGE_OCCURRENCE('94','D224','',#5,#1707,$);
#3712 = CONTEXT_DEPENDENT_SHAPE_REPRESENTATION(#3713,#3715);
#3713 = ( REPRESENTATION_RELATIONSHIP('','',#1712,#10) 
REPRESENTATION_RELATIONSHIP_WITH_TRANSFORMATION(#3714) 
SHAPE_REPRESENTATION_RELATIONSHIP() );
#3714 = ITEM_DEFINED_TRANSFORMATION('','',#11,#391);
#3715 = PRODUCT_DEFINITION_SHAPE('Placement','Placement of an item',
  #3716);
#3716 = NEXT_ASSEMBLY_USAGE_OCCURRENCE('95','D232','',#5,#1707,$);
#3717 = CONTEXT_DEPENDENT_SHAPE_REPRESENTATION(#3718,#3720);
#3718 = ( REPRESENTATION_RELATIONSHIP('','',#1712,#10) 
REPRESENTATION_RELATIONSHIP_WITH_TRANSFORMATION(#3719) 
SHAPE_REPRESENTATION_RELATIONSHIP() );
#3719 = ITEM_DEFINED_TRANSFORMATION('','',#11,#395);
#3720 = PRODUCT_DEFINITION_SHAPE('Placement','Placement of an item',
  #3721);
#3721 = NEXT_ASSEMBLY_USAGE_OCCURRENCE('96','D240','',#5,#1707,$);
#3722 = CONTEXT_DEPENDENT_SHAPE_REPRESENTATION(#3723,#3725);
#3723 = ( REPRESENTATION_RELATIONSHIP('','',#1712,#10) 
REPRESENTATION_RELATIONSHIP_WITH_TRANSFORMATION(#3724) 
SHAPE_REPRESENTATION_RELATIONSHIP() );
#3724 = ITEM_DEFINED_TRANSFORMATION('','',#11,#399);
#3725 = PRODUCT_DEFINITION_SHAPE('Placement','Placement of an item',
  #3726);
#3726 = NEXT_ASSEMBLY_USAGE_OCCURRENCE('97','D248','',#5,#1707,$);
#3727 = CONTEXT_DEPENDENT_SHAPE_REPRESENTATION(#3728,#3730);
#3728 = ( REPRESENTATION_RELATIONSHIP('','',#1712,#10) 
REPRESENTATION_RELATIONSHIP_WITH_TRANSFORMATION(#3729) 
SHAPE_REPRESENTATION_RELATIONSHIP() );
#3729 = ITEM_DEFINED_TRANSFORMATION('','',#11,#403);
#3730 = PRODUCT_DEFINITION_SHAPE('Placement','Placement of an item',
  #3731);
#3731 = NEXT_ASSEMBLY_USAGE_OCCURRENCE('98','D256','',#5,#1707,$);
#3732 = CONTEXT_DEPENDENT_SHAPE_REPRESENTATION(#3733,#3735);
#3733 = ( REPRESENTATION_RELATIONSHIP('','',#1712,#10) 
REPRESENTATION_RELATIONSHIP_WITH_TRANSFORMATION(#3734) 
SHAPE_REPRESENTATION_RELATIONSHIP() );
#3734 = ITEM_DEFINED_TRANSFORMATION('','',#11,#407);
#3735 = PRODUCT_DEFINITION_SHAPE('Placement','Placement of an item',
  #3736);
#3736 = NEXT_ASSEMBLY_USAGE_OCCURRENCE('99','D250','',#5,#1707,$);
#3737 = CONTEXT_DEPENDENT_SHAPE_REPRESENTATION(#3738,#3740);
#3738 = ( REPRESENTATION_RELATIONSHIP('','',#1712,#10) 
REPRESENTATION_RELATIONSHIP_WITH_TRANSFORMATION(#3739) 
SHAPE_REPRESENTATION_RELATIONSHIP() );
#3739 = ITEM_DEFINED_TRANSFORMATION('','',#11,#411);
#3740 = PRODUCT_DEFINITION_SHAPE('Placement','Placement of an item',
  #3741);
#3741 = NEXT_ASSEMBLY_USAGE_OCCURRENCE('100','D193','',#5,#1707,$);
#3742 = CONTEXT_DEPENDENT_SHAPE_REPRESENTATION(#3743,#3745);
#3743 = ( REPRESENTATION_RELATIONSHIP('','',#1712,#10) 
REPRESENTATION_RELATIONSHIP_WITH_TRANSFORMATION(#3744) 
SHAPE_REPRESENTATION_RELATIONSHIP() );
#3744 = ITEM_DEFINED_TRANSFORMATION('','',#11,#415);
#3745 = PRODUCT_DEFINITION_SHAPE('Placement','Placement of an item',
  #3746);
#3746 = NEXT_ASSEMBLY_USAGE_OCCURRENCE('101','D201','',#5,#1707,$);
#3747 = CONTEXT_DEPENDENT_SHAPE_REPRESENTATION(#3748,#3750);
#3748 = ( REPRESENTATION_RELATIONSHIP('','',#1712,#10) 
REPRESENTATION_RELATIONSHIP_WITH_TRANSFORMATION(#3749) 
SHAPE_REPRESENTATION_RELATIONSHIP() );
#3749 = ITEM_DEFINED_TRANSFORMATION('','',#11,#419);
#3750 = PRODUCT_DEFINITION_SHAPE('Placement','Placement of an item',
  #3751);
#3751 = NEXT_ASSEMBLY_USAGE_OCCURRENCE('102','D209','',#5,#1707,$);
#3752 = CONTEXT_DEPENDENT_SHAPE_REPRESENTATION(#3753,#3755);
#3753 = ( REPRESENTATION_RELATIONSHIP('','',#1712,#10) 
REPRESENTATION_RELATIONSHIP_WITH_TRANSFORMATION(#3754) 
SHAPE_REPRESENTATION_RELATIONSHIP() );
#3754 = ITEM_DEFINED_TRANSFORMATION('','',#11,#423);
#3755 = PRODUCT_DEFINITION_SHAPE('Placement','Placement of an item',
  #3756);
#3756 = NEXT_ASSEMBLY_USAGE_OCCURRENCE('103','D217','',#5,#1707,$);
#3757 = CONTEXT_DEPENDENT_SHAPE_REPRESENTATION(#3758,#3760);
#3758 = ( REPRESENTATION_RELATIONSHIP('','',#1712,#10) 
REPRESENTATION_RELATIONSHIP_WITH_TRANSFORMATION(#3759) 
SHAPE_REPRESENTATION_RELATIONSHIP() );
#3759 = ITEM_DEFINED_TRANSFORMATION('','',#11,#427);
#3760 = PRODUCT_DEFINITION_SHAPE('Placement','Placement of an item',
  #3761);
#3761 = NEXT_ASSEMBLY_USAGE_OCCURRENCE('104','D225','',#5,#1707,$);
#3762 = CONTEXT_DEPENDENT_SHAPE_REPRESENTATION(#3763,#3765);
#3763 = ( REPRESENTATION_RELATIONSHIP('','',#1712,#10) 
REPRESENTATION_RELATIONSHIP_WITH_TRANSFORMATION(#3764) 
SHAPE_REPRESENTATION_RELATIONSHIP() );
#3764 = ITEM_DEFINED_TRANSFORMATION('','',#11,#431);
#3765 = PRODUCT_DEFINITION_SHAPE('Placement','Placement of an item',
  #3766);
#3766 = NEXT_ASSEMBLY_USAGE_OCCURRENCE('105','D233','',#5,#1707,$);
#3767 = CONTEXT_DEPENDENT_SHAPE_REPRESENTATION(#3768,#3770);
#3768 = ( REPRESENTATION_RELATIONSHIP('','',#1712,#10) 
REPRESENTATION_RELATIONSHIP_WITH_TRANSFORMATION(#3769) 
SHAPE_REPRESENTATION_RELATIONSHIP() );
#3769 = ITEM_DEFINED_TRANSFORMATION('','',#11,#435);
#3770 = PRODUCT_DEFINITION_SHAPE('Placement','Placement of an item',
  #3771);
#3771 = NEXT_ASSEMBLY_USAGE_OCCURRENCE('106','D241','',#5,#1707,$);
#3772 = CONTEXT_DEPENDENT_SHAPE_REPRESENTATION(#3773,#3775);
#3773 = ( REPRESENTATION_RELATIONSHIP('','',#1712,#10) 
REPRESENTATION_RELATIONSHIP_WITH_TRANSFORMATION(#3774) 
SHAPE_REPRESENTATION_RELATIONSHIP() );
#3774 = ITEM_DEFINED_TRANSFORMATION('','',#11,#439);
#3775 = PRODUCT_DEFINITION_SHAPE('Placement','Placement of an item',
  #3776);
#3776 = NEXT_ASSEMBLY_USAGE_OCCURRENCE('107','D249','',#5,#1707,$);
#3777 = CONTEXT_DEPENDENT_SHAPE_REPRESENTATION(#3778,#3780);
#3778 = ( REPRESENTATION_RELATIONSHIP('','',#1712,#10) 
REPRESENTATION_RELATIONSHIP_WITH_TRANSFORMATION(#3779) 
SHAPE_REPRESENTATION_RELATIONSHIP() );
#3779 = ITEM_DEFINED_TRANSFORMATION('','',#11,#443);
#3780 = PRODUCT_DEFINITION_SHAPE('Placement','Placement of an item',
  #3781);
#3781 = NEXT_ASSEMBLY_USAGE_OCCURRENCE('108','D194','',#5,#1707,$);
#3782 = CONTEXT_DEPENDENT_SHAPE_REPRESENTATION(#3783,#3785);
#3783 = ( REPRESENTATION_RELATIONSHIP('','',#1712,#10) 
REPRESENTATION_RELATIONSHIP_WITH_TRANSFORMATION(#3784) 
SHAPE_REPRESENTATION_RELATIONSHIP() );
#3784 = ITEM_DEFINED_TRANSFORMATION('','',#11,#447);
#3785 = PRODUCT_DEFINITION_SHAPE('Placement','Placement of an item',
  #3786);
#3786 = NEXT_ASSEMBLY_USAGE_OCCURRENCE('109','D202','',#5,#1707,$);
#3787 = CONTEXT_DEPENDENT_SHAPE_REPRESENTATION(#3788,#3790);
#3788 = ( REPRESENTATION_RELATIONSHIP('','',#1712,#10) 
REPRESENTATION_RELATIONSHIP_WITH_TRANSFORMATION(#3789) 
SHAPE_REPRESENTATION_RELATIONSHIP() );
#3789 = ITEM_DEFINED_TRANSFORMATION('','',#11,#451);
#3790 = PRODUCT_DEFINITION_SHAPE('Placement','Placement of an item',
  #3791);
#3791 = NEXT_ASSEMBLY_USAGE_OCCURRENCE('110','D210','',#5,#1707,$);
#3792 = CONTEXT_DEPENDENT_SHAPE_REPRESENTATION(#3793,#3795);
#3793 = ( REPRESENTATION_RELATIONSHIP('','',#1712,#10) 
REPRESENTATION_RELATIONSHIP_WITH_TRANSFORMATION(#3794) 
SHAPE_REPRESENTATION_RELATIONSHIP() );
#3794 = ITEM_DEFINED_TRANSFORMATION('','',#11,#455);
#3795 = PRODUCT_DEFINITION_SHAPE('Placement','Placement of an item',
  #3796);
#3796 = NEXT_ASSEMBLY_USAGE_OCCURRENCE('111','D218','',#5,#1707,$);
#3797 = CONTEXT_DEPENDENT_SHAPE_REPRESENTATION(#3798,#3800);
#3798 = ( REPRESENTATION_RELATIONSHIP('','',#1712,#10) 
REPRESENTATION_RELATIONSHIP_WITH_TRANSFORMATION(#3799) 
SHAPE_REPRESENTATION_RELATIONSHIP() );
#3799 = ITEM_DEFINED_TRANSFORMATION('','',#11,#459);
#3800 = PRODUCT_DEFINITION_SHAPE('Placement','Placement of an item',
  #3801);
#3801 = NEXT_ASSEMBLY_USAGE_OCCURRENCE('112','D226','',#5,#1707,$);
#3802 = CONTEXT_DEPENDENT_SHAPE_REPRESENTATION(#3803,#3805);
#3803 = ( REPRESENTATION_RELATIONSHIP('','',#1712,#10) 
REPRESENTATION_RELATIONSHIP_WITH_TRANSFORMATION(#3804) 
SHAPE_REPRESENTATION_RELATIONSHIP() );
#3804 = ITEM_DEFINED_TRANSFORMATION('','',#11,#463);
#3805 = PRODUCT_DEFINITION_SHAPE('Placement','Placement of an item',
  #3806);
#3806 = NEXT_ASSEMBLY_USAGE_OCCURRENCE('113','D234','',#5,#1707,$);
#3807 = CONTEXT_DEPENDENT_SHAPE_REPRESENTATION(#3808,#3810);
#3808 = ( REPRESENTATION_RELATIONSHIP('','',#1712,#10) 
REPRESENTATION_RELATIONSHIP_WITH_TRANSFORMATION(#3809) 
SHAPE_REPRESENTATION_RELATIONSHIP() );
#3809 = ITEM_DEFINED_TRANSFORMATION('','',#11,#467);
#3810 = PRODUCT_DEFINITION_SHAPE('Placement','Placement of an item',
  #3811);
#3811 = NEXT_ASSEMBLY_USAGE_OCCURRENCE('114','D242','',#5,#1707,$);
#3812 = CONTEXT_DEPENDENT_SHAPE_REPRESENTATION(#3813,#3815);
#3813 = ( REPRESENTATION_RELATIONSHIP('','',#1712,#10) 
REPRESENTATION_RELATIONSHIP_WITH_TRANSFORMATION(#3814) 
SHAPE_REPRESENTATION_RELATIONSHIP() );
#3814 = ITEM_DEFINED_TRANSFORMATION('','',#11,#471);
#3815 = PRODUCT_DEFINITION_SHAPE('Placement','Placement of an item',
  #3816);
#3816 = NEXT_ASSEMBLY_USAGE_OCCURRENCE('115','D192','',#5,#1707,$);
#3817 = CONTEXT_DEPENDENT_SHAPE_REPRESENTATION(#3818,#3820);
#3818 = ( REPRESENTATION_RELATIONSHIP('','',#1712,#10) 
REPRESENTATION_RELATIONSHIP_WITH_TRANSFORMATION(#3819) 
SHAPE_REPRESENTATION_RELATIONSHIP() );
#3819 = ITEM_DEFINED_TRANSFORMATION('','',#11,#475);
#3820 = PRODUCT_DEFINITION_SHAPE('Placement','Placement of an item',
  #3821);
#3821 = NEXT_ASSEMBLY_USAGE_OCCURRENCE('116','D195','',#5,#1707,$);
#3822 = CONTEXT_DEPENDENT_SHAPE_REPRESENTATION(#3823,#3825);
#3823 = ( REPRESENTATION_RELATIONSHIP('','',#1712,#10) 
REPRESENTATION_RELATIONSHIP_WITH_TRANSFORMATION(#3824) 
SHAPE_REPRESENTATION_RELATIONSHIP() );
#3824 = ITEM_DEFINED_TRANSFORMATION('','',#11,#479);
#3825 = PRODUCT_DEFINITION_SHAPE('Placement','Placement of an item',
  #3826);
#3826 = NEXT_ASSEMBLY_USAGE_OCCURRENCE('117','D203','',#5,#1707,$);
#3827 = CONTEXT_DEPENDENT_SHAPE_REPRESENTATION(#3828,#3830);
#3828 = ( REPRESENTATION_RELATIONSHIP('','',#1712,#10) 
REPRESENTATION_RELATIONSHIP_WITH_TRANSFORMATION(#3829) 
SHAPE_REPRESENTATION_RELATIONSHIP() );
#3829 = ITEM_DEFINED_TRANSFORMATION('','',#11,#483);
#3830 = PRODUCT_DEFINITION_SHAPE('Placement','Placement of an item',
  #3831);
#3831 = NEXT_ASSEMBLY_USAGE_OCCURRENCE('118','D211','',#5,#1707,$);
#3832 = CONTEXT_DEPENDENT_SHAPE_REPRESENTATION(#3833,#3835);
#3833 = ( REPRESENTATION_RELATIONSHIP('','',#1712,#10) 
REPRESENTATION_RELATIONSHIP_WITH_TRANSFORMATION(#3834) 
SHAPE_REPRESENTATION_RELATIONSHIP() );
#3834 = ITEM_DEFINED_TRANSFORMATION('','',#11,#487);
#3835 = PRODUCT_DEFINITION_SHAPE('Placement','Placement of an item',
  #3836);
#3836 = NEXT_ASSEMBLY_USAGE_OCCURRENCE('119','D219','',#5,#1707,$);
#3837 = CONTEXT_DEPENDENT_SHAPE_REPRESENTATION(#3838,#3840);
#3838 = ( REPRESENTATION_RELATIONSHIP('','',#1712,#10) 
REPRESENTATION_RELATIONSHIP_WITH_TRANSFORMATION(#3839) 
SHAPE_REPRESENTATION_RELATIONSHIP() );
#3839 = ITEM_DEFINED_TRANSFORMATION('','',#11,#491);
#3840 = PRODUCT_DEFINITION_SHAPE('Placement','Placement of an item',
  #3841);
#3841 = NEXT_ASSEMBLY_USAGE_OCCURRENCE('120','D227','',#5,#1707,$);
#3842 = CONTEXT_DEPENDENT_SHAPE_REPRESENTATION(#3843,#3845);
#3843 = ( REPRESENTATION_RELATIONSHIP('','',#1712,#10) 
REPRESENTATION_RELATIONSHIP_WITH_TRANSFORMATION(#3844) 
SHAPE_REPRESENTATION_RELATIONSHIP() );
#3844 = ITEM_DEFINED_TRANSFORMATION('','',#11,#495);
#3845 = PRODUCT_DEFINITION_SHAPE('Placement','Placement of an item',
  #3846);
#3846 = NEXT_ASSEMBLY_USAGE_OCCURRENCE('121','D235','',#5,#1707,$);
#3847 = CONTEXT_DEPENDENT_SHAPE_REPRESENTATION(#3848,#3850);
#3848 = ( REPRESENTATION_RELATIONSHIP('','',#1712,#10) 
REPRESENTATION_RELATIONSHIP_WITH_TRANSFORMATION(#3849) 
SHAPE_REPRESENTATION_RELATIONSHIP() );
#3849 = ITEM_DEFINED_TRANSFORMATION('','',#11,#499);
#3850 = PRODUCT_DEFINITION_SHAPE('Placement','Placement of an item',
  #3851);
#3851 = NEXT_ASSEMBLY_USAGE_OCCURRENCE('122','D243','',#5,#1707,$);
#3852 = CONTEXT_DEPENDENT_SHAPE_REPRESENTATION(#3853,#3855);
#3853 = ( REPRESENTATION_RELATIONSHIP('','',#1712,#10) 
REPRESENTATION_RELATIONSHIP_WITH_TRANSFORMATION(#3854) 
SHAPE_REPRESENTATION_RELATIONSHIP() );
#3854 = ITEM_DEFINED_TRANSFORMATION('','',#11,#503);
#3855 = PRODUCT_DEFINITION_SHAPE('Placement','Placement of an item',
  #3856);
#3856 = NEXT_ASSEMBLY_USAGE_OCCURRENCE('123','D251','',#5,#1707,$);
#3857 = CONTEXT_DEPENDENT_SHAPE_REPRESENTATION(#3858,#3860);
#3858 = ( REPRESENTATION_RELATIONSHIP('','',#1712,#10) 
REPRESENTATION_RELATIONSHIP_WITH_TRANSFORMATION(#3859) 
SHAPE_REPRESENTATION_RELATIONSHIP() );
#3859 = ITEM_DEFINED_TRANSFORMATION('','',#11,#507);
#3860 = PRODUCT_DEFINITION_SHAPE('Placement','Placement of an item',
  #3861);
#3861 = NEXT_ASSEMBLY_USAGE_OCCURRENCE('124','D196','',#5,#1707,$);
#3862 = CONTEXT_DEPENDENT_SHAPE_REPRESENTATION(#3863,#3865);
#3863 = ( REPRESENTATION_RELATIONSHIP('','',#1712,#10) 
REPRESENTATION_RELATIONSHIP_WITH_TRANSFORMATION(#3864) 
SHAPE_REPRESENTATION_RELATIONSHIP() );
#3864 = ITEM_DEFINED_TRANSFORMATION('','',#11,#511);
#3865 = PRODUCT_DEFINITION_SHAPE('Placement','Placement of an item',
  #3866);
#3866 = NEXT_ASSEMBLY_USAGE_OCCURRENCE('125','D204','',#5,#1707,$);
#3867 = CONTEXT_DEPENDENT_SHAPE_REPRESENTATION(#3868,#3870);
#3868 = ( REPRESENTATION_RELATIONSHIP('','',#1712,#10) 
REPRESENTATION_RELATIONSHIP_WITH_TRANSFORMATION(#3869) 
SHAPE_REPRESENTATION_RELATIONSHIP() );
#3869 = ITEM_DEFINED_TRANSFORMATION('','',#11,#515);
#3870 = PRODUCT_DEFINITION_SHAPE('Placement','Placement of an item',
  #3871);
#3871 = NEXT_ASSEMBLY_USAGE_OCCURRENCE('126','D212','',#5,#1707,$);
#3872 = CONTEXT_DEPENDENT_SHAPE_REPRESENTATION(#3873,#3875);
#3873 = ( REPRESENTATION_RELATIONSHIP('','',#1712,#10) 
REPRESENTATION_RELATIONSHIP_WITH_TRANSFORMATION(#3874) 
SHAPE_REPRESENTATION_RELATIONSHIP() );
#3874 = ITEM_DEFINED_TRANSFORMATION('','',#11,#519);
#3875 = PRODUCT_DEFINITION_SHAPE('Placement','Placement of an item',
  #3876);
#3876 = NEXT_ASSEMBLY_USAGE_OCCURRENCE('127','D220','',#5,#1707,$);
#3877 = CONTEXT_DEPENDENT_SHAPE_REPRESENTATION(#3878,#3880);
#3878 = ( REPRESENTATION_RELATIONSHIP('','',#1712,#10) 
REPRESENTATION_RELATIONSHIP_WITH_TRANSFORMATION(#3879) 
SHAPE_REPRESENTATION_RELATIONSHIP() );
#3879 = ITEM_DEFINED_TRANSFORMATION('','',#11,#523);
#3880 = PRODUCT_DEFINITION_SHAPE('Placement','Placement of an item',
  #3881);
#3881 = NEXT_ASSEMBLY_USAGE_OCCURRENCE('128','D228','',#5,#1707,$);
#3882 = CONTEXT_DEPENDENT_SHAPE_REPRESENTATION(#3883,#3885);
#3883 = ( REPRESENTATION_RELATIONSHIP('','',#1712,#10) 
REPRESENTATION_RELATIONSHIP_WITH_TRANSFORMATION(#3884) 
SHAPE_REPRESENTATION_RELATIONSHIP() );
#3884 = ITEM_DEFINED_TRANSFORMATION('','',#11,#527);
#3885 = PRODUCT_DEFINITION_SHAPE('Placement','Placement of an item',
  #3886);
#3886 = NEXT_ASSEMBLY_USAGE_OCCURRENCE('129','D236','',#5,#1707,$);
#3887 = CONTEXT_DEPENDENT_SHAPE_REPRESENTATION(#3888,#3890);
#3888 = ( REPRESENTATION_RELATIONSHIP('','',#1712,#10) 
REPRESENTATION_RELATIONSHIP_WITH_TRANSFORMATION(#3889) 
SHAPE_REPRESENTATION_RELATIONSHIP() );
#3889 = ITEM_DEFINED_TRANSFORMATION('','',#11,#531);
#3890 = PRODUCT_DEFINITION_SHAPE('Placement','Placement of an item',
  #3891);
#3891 = NEXT_ASSEMBLY_USAGE_OCCURRENCE('130','D244','',#5,#1707,$);
#3892 = CONTEXT_DEPENDENT_SHAPE_REPRESENTATION(#3893,#3895);
#3893 = ( REPRESENTATION_RELATIONSHIP('','',#1712,#10) 
REPRESENTATION_RELATIONSHIP_WITH_TRANSFORMATION(#3894) 
SHAPE_REPRESENTATION_RELATIONSHIP() );
#3894 = ITEM_DEFINED_TRANSFORMATION('','',#11,#535);
#3895 = PRODUCT_DEFINITION_SHAPE('Placement','Placement of an item',
  #3896);
#3896 = NEXT_ASSEMBLY_USAGE_OCCURRENCE('131','D62','',#5,#1707,$);
#3897 = CONTEXT_DEPENDENT_SHAPE_REPRESENTATION(#3898,#3900);
#3898 = ( REPRESENTATION_RELATIONSHIP('','',#1712,#10) 
REPRESENTATION_RELATIONSHIP_WITH_TRANSFORMATION(#3899) 
SHAPE_REPRESENTATION_RELATIONSHIP() );
#3899 = ITEM_DEFINED_TRANSFORMATION('','',#11,#539);
#3900 = PRODUCT_DEFINITION_SHAPE('Placement','Placement of an item',
  #3901);
#3901 = NEXT_ASSEMBLY_USAGE_OCCURRENCE('132','D5','',#5,#1707,$);
#3902 = CONTEXT_DEPENDENT_SHAPE_REPRESENTATION(#3903,#3905);
#3903 = ( REPRESENTATION_RELATIONSHIP('','',#1712,#10) 
REPRESENTATION_RELATIONSHIP_WITH_TRANSFORMATION(#3904) 
SHAPE_REPRESENTATION_RELATIONSHIP() );
#3904 = ITEM_DEFINED_TRANSFORMATION('','',#11,#543);
#3905 = PRODUCT_DEFINITION_SHAPE('Placement','Placement of an item',
  #3906);
#3906 = NEXT_ASSEMBLY_USAGE_OCCURRENCE('133','D13','',#5,#1707,$);
#3907 = CONTEXT_DEPENDENT_SHAPE_REPRESENTATION(#3908,#3910);
#3908 = ( REPRESENTATION_RELATIONSHIP('','',#1712,#10) 
REPRESENTATION_RELATIONSHIP_WITH_TRANSFORMATION(#3909) 
SHAPE_REPRESENTATION_RELATIONSHIP() );
#3909 = ITEM_DEFINED_TRANSFORMATION('','',#11,#547);
#3910 = PRODUCT_DEFINITION_SHAPE('Placement','Placement of an item',
  #3911);
#3911 = NEXT_ASSEMBLY_USAGE_OCCURRENCE('134','D21','',#5,#1707,$);
#3912 = CONTEXT_DEPENDENT_SHAPE_REPRESENTATION(#3913,#3915);
#3913 = ( REPRESENTATION_RELATIONSHIP('','',#1712,#10) 
REPRESENTATION_RELATIONSHIP_WITH_TRANSFORMATION(#3914) 
SHAPE_REPRESENTATION_RELATIONSHIP() );
#3914 = ITEM_DEFINED_TRANSFORMATION('','',#11,#551);
#3915 = PRODUCT_DEFINITION_SHAPE('Placement','Placement of an item',
  #3916);
#3916 = NEXT_ASSEMBLY_USAGE_OCCURRENCE('135','D29','',#5,#1707,$);
#3917 = CONTEXT_DEPENDENT_SHAPE_REPRESENTATION(#3918,#3920);
#3918 = ( REPRESENTATION_RELATIONSHIP('','',#1712,#10) 
REPRESENTATION_RELATIONSHIP_WITH_TRANSFORMATION(#3919) 
SHAPE_REPRESENTATION_RELATIONSHIP() );
#3919 = ITEM_DEFINED_TRANSFORMATION('','',#11,#555);
#3920 = PRODUCT_DEFINITION_SHAPE('Placement','Placement of an item',
  #3921);
#3921 = NEXT_ASSEMBLY_USAGE_OCCURRENCE('136','D37','',#5,#1707,$);
#3922 = CONTEXT_DEPENDENT_SHAPE_REPRESENTATION(#3923,#3925);
#3923 = ( REPRESENTATION_RELATIONSHIP('','',#1712,#10) 
REPRESENTATION_RELATIONSHIP_WITH_TRANSFORMATION(#3924) 
SHAPE_REPRESENTATION_RELATIONSHIP() );
#3924 = ITEM_DEFINED_TRANSFORMATION('','',#11,#559);
#3925 = PRODUCT_DEFINITION_SHAPE('Placement','Placement of an item',
  #3926);
#3926 = NEXT_ASSEMBLY_USAGE_OCCURRENCE('137','D45','',#5,#1707,$);
#3927 = CONTEXT_DEPENDENT_SHAPE_REPRESENTATION(#3928,#3930);
#3928 = ( REPRESENTATION_RELATIONSHIP('','',#1712,#10) 
REPRESENTATION_RELATIONSHIP_WITH_TRANSFORMATION(#3929) 
SHAPE_REPRESENTATION_RELATIONSHIP() );
#3929 = ITEM_DEFINED_TRANSFORMATION('','',#11,#563);
#3930 = PRODUCT_DEFINITION_SHAPE('Placement','Placement of an item',
  #3931);
#3931 = NEXT_ASSEMBLY_USAGE_OCCURRENCE('138','D53','',#5,#1707,$);
#3932 = CONTEXT_DEPENDENT_SHAPE_REPRESENTATION(#3933,#3935);
#3933 = ( REPRESENTATION_RELATIONSHIP('','',#1712,#10) 
REPRESENTATION_RELATIONSHIP_WITH_TRANSFORMATION(#3934) 
SHAPE_REPRESENTATION_RELATIONSHIP() );
#3934 = ITEM_DEFINED_TRANSFORMATION('','',#11,#567);
#3935 = PRODUCT_DEFINITION_SHAPE('Placement','Placement of an item',
  #3936);
#3936 = NEXT_ASSEMBLY_USAGE_OCCURRENCE('139','D61','',#5,#1707,$);
#3937 = CONTEXT_DEPENDENT_SHAPE_REPRESENTATION(#3938,#3940);
#3938 = ( REPRESENTATION_RELATIONSHIP('','',#1712,#10) 
REPRESENTATION_RELATIONSHIP_WITH_TRANSFORMATION(#3939) 
SHAPE_REPRESENTATION_RELATIONSHIP() );
#3939 = ITEM_DEFINED_TRANSFORMATION('','',#11,#571);
#3940 = PRODUCT_DEFINITION_SHAPE('Placement','Placement of an item',
  #3941);
#3941 = NEXT_ASSEMBLY_USAGE_OCCURRENCE('140','D6','',#5,#1707,$);
#3942 = CONTEXT_DEPENDENT_SHAPE_REPRESENTATION(#3943,#3945);
#3943 = ( REPRESENTATION_RELATIONSHIP('','',#1712,#10) 
REPRESENTATION_RELATIONSHIP_WITH_TRANSFORMATION(#3944) 
SHAPE_REPRESENTATION_RELATIONSHIP() );
#3944 = ITEM_DEFINED_TRANSFORMATION('','',#11,#575);
#3945 = PRODUCT_DEFINITION_SHAPE('Placement','Placement of an item',
  #3946);
#3946 = NEXT_ASSEMBLY_USAGE_OCCURRENCE('141','D14','',#5,#1707,$);
#3947 = CONTEXT_DEPENDENT_SHAPE_REPRESENTATION(#3948,#3950);
#3948 = ( REPRESENTATION_RELATIONSHIP('','',#1712,#10) 
REPRESENTATION_RELATIONSHIP_WITH_TRANSFORMATION(#3949) 
SHAPE_REPRESENTATION_RELATIONSHIP() );
#3949 = ITEM_DEFINED_TRANSFORMATION('','',#11,#579);
#3950 = PRODUCT_DEFINITION_SHAPE('Placement','Placement of an item',
  #3951);
#3951 = NEXT_ASSEMBLY_USAGE_OCCURRENCE('142','D22','',#5,#1707,$);
#3952 = CONTEXT_DEPENDENT_SHAPE_REPRESENTATION(#3953,#3955);
#3953 = ( REPRESENTATION_RELATIONSHIP('','',#1712,#10) 
REPRESENTATION_RELATIONSHIP_WITH_TRANSFORMATION(#3954) 
SHAPE_REPRESENTATION_RELATIONSHIP() );
#3954 = ITEM_DEFINED_TRANSFORMATION('','',#11,#583);
#3955 = PRODUCT_DEFINITION_SHAPE('Placement','Placement of an item',
  #3956);
#3956 = NEXT_ASSEMBLY_USAGE_OCCURRENCE('143','D30','',#5,#1707,$);
#3957 = CONTEXT_DEPENDENT_SHAPE_REPRESENTATION(#3958,#3960);
#3958 = ( REPRESENTATION_RELATIONSHIP('','',#1712,#10) 
REPRESENTATION_RELATIONSHIP_WITH_TRANSFORMATION(#3959) 
SHAPE_REPRESENTATION_RELATIONSHIP() );
#3959 = ITEM_DEFINED_TRANSFORMATION('','',#11,#587);
#3960 = PRODUCT_DEFINITION_SHAPE('Placement','Placement of an item',
  #3961);
#3961 = NEXT_ASSEMBLY_USAGE_OCCURRENCE('144','D38','',#5,#1707,$);
#3962 = CONTEXT_DEPENDENT_SHAPE_REPRESENTATION(#3963,#3965);
#3963 = ( REPRESENTATION_RELATIONSHIP('','',#1712,#10) 
REPRESENTATION_RELATIONSHIP_WITH_TRANSFORMATION(#3964) 
SHAPE_REPRESENTATION_RELATIONSHIP() );
#3964 = ITEM_DEFINED_TRANSFORMATION('','',#11,#591);
#3965 = PRODUCT_DEFINITION_SHAPE('Placement','Placement of an item',
  #3966);
#3966 = NEXT_ASSEMBLY_USAGE_OCCURRENCE('145','D46','',#5,#1707,$);
#3967 = CONTEXT_DEPENDENT_SHAPE_REPRESENTATION(#3968,#3970);
#3968 = ( REPRESENTATION_RELATIONSHIP('','',#1712,#10) 
REPRESENTATION_RELATIONSHIP_WITH_TRANSFORMATION(#3969) 
SHAPE_REPRESENTATION_RELATIONSHIP() );
#3969 = ITEM_DEFINED_TRANSFORMATION('','',#11,#595);
#3970 = PRODUCT_DEFINITION_SHAPE('Placement','Placement of an item',
  #3971);
#3971 = NEXT_ASSEMBLY_USAGE_OCCURRENCE('146','D54','',#5,#1707,$);
#3972 = CONTEXT_DEPENDENT_SHAPE_REPRESENTATION(#3973,#3975);
#3973 = ( REPRESENTATION_RELATIONSHIP('','',#1712,#10) 
REPRESENTATION_RELATIONSHIP_WITH_TRANSFORMATION(#3974) 
SHAPE_REPRESENTATION_RELATIONSHIP() );
#3974 = ITEM_DEFINED_TRANSFORMATION('','',#11,#599);
#3975 = PRODUCT_DEFINITION_SHAPE('Placement','Placement of an item',
  #3976);
#3976 = NEXT_ASSEMBLY_USAGE_OCCURRENCE('147','D60','',#5,#1707,$);
#3977 = CONTEXT_DEPENDENT_SHAPE_REPRESENTATION(#3978,#3980);
#3978 = ( REPRESENTATION_RELATIONSHIP('','',#1712,#10) 
REPRESENTATION_RELATIONSHIP_WITH_TRANSFORMATION(#3979) 
SHAPE_REPRESENTATION_RELATIONSHIP() );
#3979 = ITEM_DEFINED_TRANSFORMATION('','',#11,#603);
#3980 = PRODUCT_DEFINITION_SHAPE('Placement','Placement of an item',
  #3981);
#3981 = NEXT_ASSEMBLY_USAGE_OCCURRENCE('148','D7','',#5,#1707,$);
#3982 = CONTEXT_DEPENDENT_SHAPE_REPRESENTATION(#3983,#3985);
#3983 = ( REPRESENTATION_RELATIONSHIP('','',#1712,#10) 
REPRESENTATION_RELATIONSHIP_WITH_TRANSFORMATION(#3984) 
SHAPE_REPRESENTATION_RELATIONSHIP() );
#3984 = ITEM_DEFINED_TRANSFORMATION('','',#11,#607);
#3985 = PRODUCT_DEFINITION_SHAPE('Placement','Placement of an item',
  #3986);
#3986 = NEXT_ASSEMBLY_USAGE_OCCURRENCE('149','D15','',#5,#1707,$);
#3987 = CONTEXT_DEPENDENT_SHAPE_REPRESENTATION(#3988,#3990);
#3988 = ( REPRESENTATION_RELATIONSHIP('','',#1712,#10) 
REPRESENTATION_RELATIONSHIP_WITH_TRANSFORMATION(#3989) 
SHAPE_REPRESENTATION_RELATIONSHIP() );
#3989 = ITEM_DEFINED_TRANSFORMATION('','',#11,#611);
#3990 = PRODUCT_DEFINITION_SHAPE('Placement','Placement of an item',
  #3991);
#3991 = NEXT_ASSEMBLY_USAGE_OCCURRENCE('150','D23','',#5,#1707,$);
#3992 = CONTEXT_DEPENDENT_SHAPE_REPRESENTATION(#3993,#3995);
#3993 = ( REPRESENTATION_RELATIONSHIP('','',#1712,#10) 
REPRESENTATION_RELATIONSHIP_WITH_TRANSFORMATION(#3994) 
SHAPE_REPRESENTATION_RELATIONSHIP() );
#3994 = ITEM_DEFINED_TRANSFORMATION('','',#11,#615);
#3995 = PRODUCT_DEFINITION_SHAPE('Placement','Placement of an item',
  #3996);
#3996 = NEXT_ASSEMBLY_USAGE_OCCURRENCE('151','D31','',#5,#1707,$);
#3997 = CONTEXT_DEPENDENT_SHAPE_REPRESENTATION(#3998,#4000);
#3998 = ( REPRESENTATION_RELATIONSHIP('','',#1712,#10) 
REPRESENTATION_RELATIONSHIP_WITH_TRANSFORMATION(#3999) 
SHAPE_REPRESENTATION_RELATIONSHIP() );
#3999 = ITEM_DEFINED_TRANSFORMATION('','',#11,#619);
#4000 = PRODUCT_DEFINITION_SHAPE('Placement','Placement of an item',
  #4001);
#4001 = NEXT_ASSEMBLY_USAGE_OCCURRENCE('152','D39','',#5,#1707,$);
#4002 = CONTEXT_DEPENDENT_SHAPE_REPRESENTATION(#4003,#4005);
#4003 = ( REPRESENTATION_RELATIONSHIP('','',#1712,#10) 
REPRESENTATION_RELATIONSHIP_WITH_TRANSFORMATION(#4004) 
SHAPE_REPRESENTATION_RELATIONSHIP() );
#4004 = ITEM_DEFINED_TRANSFORMATION('','',#11,#623);
#4005 = PRODUCT_DEFINITION_SHAPE('Placement','Placement of an item',
  #4006);
#4006 = NEXT_ASSEMBLY_USAGE_OCCURRENCE('153','D47','',#5,#1707,$);
#4007 = CONTEXT_DEPENDENT_SHAPE_REPRESENTATION(#4008,#4010);
#4008 = ( REPRESENTATION_RELATIONSHIP('','',#1712,#10) 
REPRESENTATION_RELATIONSHIP_WITH_TRANSFORMATION(#4009) 
SHAPE_REPRESENTATION_RELATIONSHIP() );
#4009 = ITEM_DEFINED_TRANSFORMATION('','',#11,#627);
#4010 = PRODUCT_DEFINITION_SHAPE('Placement','Placement of an item',
  #4011);
#4011 = NEXT_ASSEMBLY_USAGE_OCCURRENCE('154','D55','',#5,#1707,$);
#4012 = CONTEXT_DEPENDENT_SHAPE_REPRESENTATION(#4013,#4015);
#4013 = ( REPRESENTATION_RELATIONSHIP('','',#1712,#10) 
REPRESENTATION_RELATIONSHIP_WITH_TRANSFORMATION(#4014) 
SHAPE_REPRESENTATION_RELATIONSHIP() );
#4014 = ITEM_DEFINED_TRANSFORMATION('','',#11,#631);
#4015 = PRODUCT_DEFINITION_SHAPE('Placement','Placement of an item',
  #4016);
#4016 = NEXT_ASSEMBLY_USAGE_OCCURRENCE('155','D63','',#5,#1707,$);
#4017 = CONTEXT_DEPENDENT_SHAPE_REPRESENTATION(#4018,#4020);
#4018 = ( REPRESENTATION_RELATIONSHIP('','',#1712,#10) 
REPRESENTATION_RELATIONSHIP_WITH_TRANSFORMATION(#4019) 
SHAPE_REPRESENTATION_RELATIONSHIP() );
#4019 = ITEM_DEFINED_TRANSFORMATION('','',#11,#635);
#4020 = PRODUCT_DEFINITION_SHAPE('Placement','Placement of an item',
  #4021);
#4021 = NEXT_ASSEMBLY_USAGE_OCCURRENCE('156','D8','',#5,#1707,$);
#4022 = CONTEXT_DEPENDENT_SHAPE_REPRESENTATION(#4023,#4025);
#4023 = ( REPRESENTATION_RELATIONSHIP('','',#1712,#10) 
REPRESENTATION_RELATIONSHIP_WITH_TRANSFORMATION(#4024) 
SHAPE_REPRESENTATION_RELATIONSHIP() );
#4024 = ITEM_DEFINED_TRANSFORMATION('','',#11,#639);
#4025 = PRODUCT_DEFINITION_SHAPE('Placement','Placement of an item',
  #4026);
#4026 = NEXT_ASSEMBLY_USAGE_OCCURRENCE('157','D16','',#5,#1707,$);
#4027 = CONTEXT_DEPENDENT_SHAPE_REPRESENTATION(#4028,#4030);
#4028 = ( REPRESENTATION_RELATIONSHIP('','',#1712,#10) 
REPRESENTATION_RELATIONSHIP_WITH_TRANSFORMATION(#4029) 
SHAPE_REPRESENTATION_RELATIONSHIP() );
#4029 = ITEM_DEFINED_TRANSFORMATION('','',#11,#643);
#4030 = PRODUCT_DEFINITION_SHAPE('Placement','Placement of an item',
  #4031);
#4031 = NEXT_ASSEMBLY_USAGE_OCCURRENCE('158','D24','',#5,#1707,$);
#4032 = CONTEXT_DEPENDENT_SHAPE_REPRESENTATION(#4033,#4035);
#4033 = ( REPRESENTATION_RELATIONSHIP('','',#1712,#10) 
REPRESENTATION_RELATIONSHIP_WITH_TRANSFORMATION(#4034) 
SHAPE_REPRESENTATION_RELATIONSHIP() );
#4034 = ITEM_DEFINED_TRANSFORMATION('','',#11,#647);
#4035 = PRODUCT_DEFINITION_SHAPE('Placement','Placement of an item',
  #4036);
#4036 = NEXT_ASSEMBLY_USAGE_OCCURRENCE('159','D32','',#5,#1707,$);
#4037 = CONTEXT_DEPENDENT_SHAPE_REPRESENTATION(#4038,#4040);
#4038 = ( REPRESENTATION_RELATIONSHIP('','',#1712,#10) 
REPRESENTATION_RELATIONSHIP_WITH_TRANSFORMATION(#4039) 
SHAPE_REPRESENTATION_RELATIONSHIP() );
#4039 = ITEM_DEFINED_TRANSFORMATION('','',#11,#651);
#4040 = PRODUCT_DEFINITION_SHAPE('Placement','Placement of an item',
  #4041);
#4041 = NEXT_ASSEMBLY_USAGE_OCCURRENCE('160','D40','',#5,#1707,$);
#4042 = CONTEXT_DEPENDENT_SHAPE_REPRESENTATION(#4043,#4045);
#4043 = ( REPRESENTATION_RELATIONSHIP('','',#1712,#10) 
REPRESENTATION_RELATIONSHIP_WITH_TRANSFORMATION(#4044) 
SHAPE_REPRESENTATION_RELATIONSHIP() );
#4044 = ITEM_DEFINED_TRANSFORMATION('','',#11,#655);
#4045 = PRODUCT_DEFINITION_SHAPE('Placement','Placement of an item',
  #4046);
#4046 = NEXT_ASSEMBLY_USAGE_OCCURRENCE('161','D48','',#5,#1707,$);
#4047 = CONTEXT_DEPENDENT_SHAPE_REPRESENTATION(#4048,#4050);
#4048 = ( REPRESENTATION_RELATIONSHIP('','',#1712,#10) 
REPRESENTATION_RELATIONSHIP_WITH_TRANSFORMATION(#4049) 
SHAPE_REPRESENTATION_RELATIONSHIP() );
#4049 = ITEM_DEFINED_TRANSFORMATION('','',#11,#659);
#4050 = PRODUCT_DEFINITION_SHAPE('Placement','Placement of an item',
  #4051);
#4051 = NEXT_ASSEMBLY_USAGE_OCCURRENCE('162','D56','',#5,#1707,$);
#4052 = CONTEXT_DEPENDENT_SHAPE_REPRESENTATION(#4053,#4055);
#4053 = ( REPRESENTATION_RELATIONSHIP('','',#1712,#10) 
REPRESENTATION_RELATIONSHIP_WITH_TRANSFORMATION(#4054) 
SHAPE_REPRESENTATION_RELATIONSHIP() );
#4054 = ITEM_DEFINED_TRANSFORMATION('','',#11,#663);
#4055 = PRODUCT_DEFINITION_SHAPE('Placement','Placement of an item',
  #4056);
#4056 = NEXT_ASSEMBLY_USAGE_OCCURRENCE('163','D58','',#5,#1707,$);
#4057 = CONTEXT_DEPENDENT_SHAPE_REPRESENTATION(#4058,#4060);
#4058 = ( REPRESENTATION_RELATIONSHIP('','',#1712,#10) 
REPRESENTATION_RELATIONSHIP_WITH_TRANSFORMATION(#4059) 
SHAPE_REPRESENTATION_RELATIONSHIP() );
#4059 = ITEM_DEFINED_TRANSFORMATION('','',#11,#667);
#4060 = PRODUCT_DEFINITION_SHAPE('Placement','Placement of an item',
  #4061);
#4061 = NEXT_ASSEMBLY_USAGE_OCCURRENCE('164','D1','',#5,#1707,$);
#4062 = CONTEXT_DEPENDENT_SHAPE_REPRESENTATION(#4063,#4065);
#4063 = ( REPRESENTATION_RELATIONSHIP('','',#1712,#10) 
REPRESENTATION_RELATIONSHIP_WITH_TRANSFORMATION(#4064) 
SHAPE_REPRESENTATION_RELATIONSHIP() );
#4064 = ITEM_DEFINED_TRANSFORMATION('','',#11,#671);
#4065 = PRODUCT_DEFINITION_SHAPE('Placement','Placement of an item',
  #4066);
#4066 = NEXT_ASSEMBLY_USAGE_OCCURRENCE('165','D9','',#5,#1707,$);
#4067 = CONTEXT_DEPENDENT_SHAPE_REPRESENTATION(#4068,#4070);
#4068 = ( REPRESENTATION_RELATIONSHIP('','',#1712,#10) 
REPRESENTATION_RELATIONSHIP_WITH_TRANSFORMATION(#4069) 
SHAPE_REPRESENTATION_RELATIONSHIP() );
#4069 = ITEM_DEFINED_TRANSFORMATION('','',#11,#675);
#4070 = PRODUCT_DEFINITION_SHAPE('Placement','Placement of an item',
  #4071);
#4071 = NEXT_ASSEMBLY_USAGE_OCCURRENCE('166','D17','',#5,#1707,$);
#4072 = CONTEXT_DEPENDENT_SHAPE_REPRESENTATION(#4073,#4075);
#4073 = ( REPRESENTATION_RELATIONSHIP('','',#1712,#10) 
REPRESENTATION_RELATIONSHIP_WITH_TRANSFORMATION(#4074) 
SHAPE_REPRESENTATION_RELATIONSHIP() );
#4074 = ITEM_DEFINED_TRANSFORMATION('','',#11,#679);
#4075 = PRODUCT_DEFINITION_SHAPE('Placement','Placement of an item',
  #4076);
#4076 = NEXT_ASSEMBLY_USAGE_OCCURRENCE('167','D25','',#5,#1707,$);
#4077 = CONTEXT_DEPENDENT_SHAPE_REPRESENTATION(#4078,#4080);
#4078 = ( REPRESENTATION_RELATIONSHIP('','',#1712,#10) 
REPRESENTATION_RELATIONSHIP_WITH_TRANSFORMATION(#4079) 
SHAPE_REPRESENTATION_RELATIONSHIP() );
#4079 = ITEM_DEFINED_TRANSFORMATION('','',#11,#683);
#4080 = PRODUCT_DEFINITION_SHAPE('Placement','Placement of an item',
  #4081);
#4081 = NEXT_ASSEMBLY_USAGE_OCCURRENCE('168','D33','',#5,#1707,$);
#4082 = CONTEXT_DEPENDENT_SHAPE_REPRESENTATION(#4083,#4085);
#4083 = ( REPRESENTATION_RELATIONSHIP('','',#1712,#10) 
REPRESENTATION_RELATIONSHIP_WITH_TRANSFORMATION(#4084) 
SHAPE_REPRESENTATION_RELATIONSHIP() );
#4084 = ITEM_DEFINED_TRANSFORMATION('','',#11,#687);
#4085 = PRODUCT_DEFINITION_SHAPE('Placement','Placement of an item',
  #4086);
#4086 = NEXT_ASSEMBLY_USAGE_OCCURRENCE('169','D41','',#5,#1707,$);
#4087 = CONTEXT_DEPENDENT_SHAPE_REPRESENTATION(#4088,#4090);
#4088 = ( REPRESENTATION_RELATIONSHIP('','',#1712,#10) 
REPRESENTATION_RELATIONSHIP_WITH_TRANSFORMATION(#4089) 
SHAPE_REPRESENTATION_RELATIONSHIP() );
#4089 = ITEM_DEFINED_TRANSFORMATION('','',#11,#691);
#4090 = PRODUCT_DEFINITION_SHAPE('Placement','Placement of an item',
  #4091);
#4091 = NEXT_ASSEMBLY_USAGE_OCCURRENCE('170','D49','',#5,#1707,$);
#4092 = CONTEXT_DEPENDENT_SHAPE_REPRESENTATION(#4093,#4095);
#4093 = ( REPRESENTATION_RELATIONSHIP('','',#1712,#10) 
REPRESENTATION_RELATIONSHIP_WITH_TRANSFORMATION(#4094) 
SHAPE_REPRESENTATION_RELATIONSHIP() );
#4094 = ITEM_DEFINED_TRANSFORMATION('','',#11,#695);
#4095 = PRODUCT_DEFINITION_SHAPE('Placement','Placement of an item',
  #4096);
#4096 = NEXT_ASSEMBLY_USAGE_OCCURRENCE('171','D57','',#5,#1707,$);
#4097 = CONTEXT_DEPENDENT_SHAPE_REPRESENTATION(#4098,#4100);
#4098 = ( REPRESENTATION_RELATIONSHIP('','',#1712,#10) 
REPRESENTATION_RELATIONSHIP_WITH_TRANSFORMATION(#4099) 
SHAPE_REPRESENTATION_RELATIONSHIP() );
#4099 = ITEM_DEFINED_TRANSFORMATION('','',#11,#699);
#4100 = PRODUCT_DEFINITION_SHAPE('Placement','Placement of an item',
  #4101);
#4101 = NEXT_ASSEMBLY_USAGE_OCCURRENCE('172','D2','',#5,#1707,$);
#4102 = CONTEXT_DEPENDENT_SHAPE_REPRESENTATION(#4103,#4105);
#4103 = ( REPRESENTATION_RELATIONSHIP('','',#1712,#10) 
REPRESENTATION_RELATIONSHIP_WITH_TRANSFORMATION(#4104) 
SHAPE_REPRESENTATION_RELATIONSHIP() );
#4104 = ITEM_DEFINED_TRANSFORMATION('','',#11,#703);
#4105 = PRODUCT_DEFINITION_SHAPE('Placement','Placement of an item',
  #4106);
#4106 = NEXT_ASSEMBLY_USAGE_OCCURRENCE('173','D10','',#5,#1707,$);
#4107 = CONTEXT_DEPENDENT_SHAPE_REPRESENTATION(#4108,#4110);
#4108 = ( REPRESENTATION_RELATIONSHIP('','',#1712,#10) 
REPRESENTATION_RELATIONSHIP_WITH_TRANSFORMATION(#4109) 
SHAPE_REPRESENTATION_RELATIONSHIP() );
#4109 = ITEM_DEFINED_TRANSFORMATION('','',#11,#707);
#4110 = PRODUCT_DEFINITION_SHAPE('Placement','Placement of an item',
  #4111);
#4111 = NEXT_ASSEMBLY_USAGE_OCCURRENCE('174','D18','',#5,#1707,$);
#4112 = CONTEXT_DEPENDENT_SHAPE_REPRESENTATION(#4113,#4115);
#4113 = ( REPRESENTATION_RELATIONSHIP('','',#1712,#10) 
REPRESENTATION_RELATIONSHIP_WITH_TRANSFORMATION(#4114) 
SHAPE_REPRESENTATION_RELATIONSHIP() );
#4114 = ITEM_DEFINED_TRANSFORMATION('','',#11,#711);
#4115 = PRODUCT_DEFINITION_SHAPE('Placement','Placement of an item',
  #4116);
#4116 = NEXT_ASSEMBLY_USAGE_OCCURRENCE('175','D26','',#5,#1707,$);
#4117 = CONTEXT_DEPENDENT_SHAPE_REPRESENTATION(#4118,#4120);
#4118 = ( REPRESENTATION_RELATIONSHIP('','',#1712,#10) 
REPRESENTATION_RELATIONSHIP_WITH_TRANSFORMATION(#4119) 
SHAPE_REPRESENTATION_RELATIONSHIP() );
#4119 = ITEM_DEFINED_TRANSFORMATION('','',#11,#715);
#4120 = PRODUCT_DEFINITION_SHAPE('Placement','Placement of an item',
  #4121);
#4121 = NEXT_ASSEMBLY_USAGE_OCCURRENCE('176','D34','',#5,#1707,$);
#4122 = CONTEXT_DEPENDENT_SHAPE_REPRESENTATION(#4123,#4125);
#4123 = ( REPRESENTATION_RELATIONSHIP('','',#1712,#10) 
REPRESENTATION_RELATIONSHIP_WITH_TRANSFORMATION(#4124) 
SHAPE_REPRESENTATION_RELATIONSHIP() );
#4124 = ITEM_DEFINED_TRANSFORMATION('','',#11,#719);
#4125 = PRODUCT_DEFINITION_SHAPE('Placement','Placement of an item',
  #4126);
#4126 = NEXT_ASSEMBLY_USAGE_OCCURRENCE('177','D42','',#5,#1707,$);
#4127 = CONTEXT_DEPENDENT_SHAPE_REPRESENTATION(#4128,#4130);
#4128 = ( REPRESENTATION_RELATIONSHIP('','',#1712,#10) 
REPRESENTATION_RELATIONSHIP_WITH_TRANSFORMATION(#4129) 
SHAPE_REPRESENTATION_RELATIONSHIP() );
#4129 = ITEM_DEFINED_TRANSFORMATION('','',#11,#723);
#4130 = PRODUCT_DEFINITION_SHAPE('Placement','Placement of an item',
  #4131);
#4131 = NEXT_ASSEMBLY_USAGE_OCCURRENCE('178','D50','',#5,#1707,$);
#4132 = CONTEXT_DEPENDENT_SHAPE_REPRESENTATION(#4133,#4135);
#4133 = ( REPRESENTATION_RELATIONSHIP('','',#1712,#10) 
REPRESENTATION_RELATIONSHIP_WITH_TRANSFORMATION(#4134) 
SHAPE_REPRESENTATION_RELATIONSHIP() );
#4134 = ITEM_DEFINED_TRANSFORMATION('','',#11,#727);
#4135 = PRODUCT_DEFINITION_SHAPE('Placement','Placement of an item',
  #4136);
#4136 = NEXT_ASSEMBLY_USAGE_OCCURRENCE('179','D112','',#5,#1707,$);
#4137 = CONTEXT_DEPENDENT_SHAPE_REPRESENTATION(#4138,#4140);
#4138 = ( REPRESENTATION_RELATIONSHIP('','',#1712,#10) 
REPRESENTATION_RELATIONSHIP_WITH_TRANSFORMATION(#4139) 
SHAPE_REPRESENTATION_RELATIONSHIP() );
#4139 = ITEM_DEFINED_TRANSFORMATION('','',#11,#731);
#4140 = PRODUCT_DEFINITION_SHAPE('Placement','Placement of an item',
  #4141);
#4141 = NEXT_ASSEMBLY_USAGE_OCCURRENCE('180','D3','',#5,#1707,$);
#4142 = CONTEXT_DEPENDENT_SHAPE_REPRESENTATION(#4143,#4145);
#4143 = ( REPRESENTATION_RELATIONSHIP('','',#1712,#10) 
REPRESENTATION_RELATIONSHIP_WITH_TRANSFORMATION(#4144) 
SHAPE_REPRESENTATION_RELATIONSHIP() );
#4144 = ITEM_DEFINED_TRANSFORMATION('','',#11,#735);
#4145 = PRODUCT_DEFINITION_SHAPE('Placement','Placement of an item',
  #4146);
#4146 = NEXT_ASSEMBLY_USAGE_OCCURRENCE('181','D11','',#5,#1707,$);
#4147 = CONTEXT_DEPENDENT_SHAPE_REPRESENTATION(#4148,#4150);
#4148 = ( REPRESENTATION_RELATIONSHIP('','',#1712,#10) 
REPRESENTATION_RELATIONSHIP_WITH_TRANSFORMATION(#4149) 
SHAPE_REPRESENTATION_RELATIONSHIP() );
#4149 = ITEM_DEFINED_TRANSFORMATION('','',#11,#739);
#4150 = PRODUCT_DEFINITION_SHAPE('Placement','Placement of an item',
  #4151);
#4151 = NEXT_ASSEMBLY_USAGE_OCCURRENCE('182','D19','',#5,#1707,$);
#4152 = CONTEXT_DEPENDENT_SHAPE_REPRESENTATION(#4153,#4155);
#4153 = ( REPRESENTATION_RELATIONSHIP('','',#1712,#10) 
REPRESENTATION_RELATIONSHIP_WITH_TRANSFORMATION(#4154) 
SHAPE_REPRESENTATION_RELATIONSHIP() );
#4154 = ITEM_DEFINED_TRANSFORMATION('','',#11,#743);
#4155 = PRODUCT_DEFINITION_SHAPE('Placement','Placement of an item',
  #4156);
#4156 = NEXT_ASSEMBLY_USAGE_OCCURRENCE('183','D27','',#5,#1707,$);
#4157 = CONTEXT_DEPENDENT_SHAPE_REPRESENTATION(#4158,#4160);
#4158 = ( REPRESENTATION_RELATIONSHIP('','',#1712,#10) 
REPRESENTATION_RELATIONSHIP_WITH_TRANSFORMATION(#4159) 
SHAPE_REPRESENTATION_RELATIONSHIP() );
#4159 = ITEM_DEFINED_TRANSFORMATION('','',#11,#747);
#4160 = PRODUCT_DEFINITION_SHAPE('Placement','Placement of an item',
  #4161);
#4161 = NEXT_ASSEMBLY_USAGE_OCCURRENCE('184','D35','',#5,#1707,$);
#4162 = CONTEXT_DEPENDENT_SHAPE_REPRESENTATION(#4163,#4165);
#4163 = ( REPRESENTATION_RELATIONSHIP('','',#1712,#10) 
REPRESENTATION_RELATIONSHIP_WITH_TRANSFORMATION(#4164) 
SHAPE_REPRESENTATION_RELATIONSHIP() );
#4164 = ITEM_DEFINED_TRANSFORMATION('','',#11,#751);
#4165 = PRODUCT_DEFINITION_SHAPE('Placement','Placement of an item',
  #4166);
#4166 = NEXT_ASSEMBLY_USAGE_OCCURRENCE('185','D43','',#5,#1707,$);
#4167 = CONTEXT_DEPENDENT_SHAPE_REPRESENTATION(#4168,#4170);
#4168 = ( REPRESENTATION_RELATIONSHIP('','',#1712,#10) 
REPRESENTATION_RELATIONSHIP_WITH_TRANSFORMATION(#4169) 
SHAPE_REPRESENTATION_RELATIONSHIP() );
#4169 = ITEM_DEFINED_TRANSFORMATION('','',#11,#755);
#4170 = PRODUCT_DEFINITION_SHAPE('Placement','Placement of an item',
  #4171);
#4171 = NEXT_ASSEMBLY_USAGE_OCCURRENCE('186','D51','',#5,#1707,$);
#4172 = CONTEXT_DEPENDENT_SHAPE_REPRESENTATION(#4173,#4175);
#4173 = ( REPRESENTATION_RELATIONSHIP('','',#1712,#10) 
REPRESENTATION_RELATIONSHIP_WITH_TRANSFORMATION(#4174) 
SHAPE_REPRESENTATION_RELATIONSHIP() );
#4174 = ITEM_DEFINED_TRANSFORMATION('','',#11,#759);
#4175 = PRODUCT_DEFINITION_SHAPE('Placement','Placement of an item',
  #4176);
#4176 = NEXT_ASSEMBLY_USAGE_OCCURRENCE('187','D59','',#5,#1707,$);
#4177 = CONTEXT_DEPENDENT_SHAPE_REPRESENTATION(#4178,#4180);
#4178 = ( REPRESENTATION_RELATIONSHIP('','',#1712,#10) 
REPRESENTATION_RELATIONSHIP_WITH_TRANSFORMATION(#4179) 
SHAPE_REPRESENTATION_RELATIONSHIP() );
#4179 = ITEM_DEFINED_TRANSFORMATION('','',#11,#763);
#4180 = PRODUCT_DEFINITION_SHAPE('Placement','Placement of an item',
  #4181);
#4181 = NEXT_ASSEMBLY_USAGE_OCCURRENCE('188','D4','',#5,#1707,$);
#4182 = CONTEXT_DEPENDENT_SHAPE_REPRESENTATION(#4183,#4185);
#4183 = ( REPRESENTATION_RELATIONSHIP('','',#1712,#10) 
REPRESENTATION_RELATIONSHIP_WITH_TRANSFORMATION(#4184) 
SHAPE_REPRESENTATION_RELATIONSHIP() );
#4184 = ITEM_DEFINED_TRANSFORMATION('','',#11,#767);
#4185 = PRODUCT_DEFINITION_SHAPE('Placement','Placement of an item',
  #4186);
#4186 = NEXT_ASSEMBLY_USAGE_OCCURRENCE('189','D12','',#5,#1707,$);
#4187 = CONTEXT_DEPENDENT_SHAPE_REPRESENTATION(#4188,#4190);
#4188 = ( REPRESENTATION_RELATIONSHIP('','',#1712,#10) 
REPRESENTATION_RELATIONSHIP_WITH_TRANSFORMATION(#4189) 
SHAPE_REPRESENTATION_RELATIONSHIP() );
#4189 = ITEM_DEFINED_TRANSFORMATION('','',#11,#771);
#4190 = PRODUCT_DEFINITION_SHAPE('Placement','Placement of an item',
  #4191);
#4191 = NEXT_ASSEMBLY_USAGE_OCCURRENCE('190','D20','',#5,#1707,$);
#4192 = CONTEXT_DEPENDENT_SHAPE_REPRESENTATION(#4193,#4195);
#4193 = ( REPRESENTATION_RELATIONSHIP('','',#1712,#10) 
REPRESENTATION_RELATIONSHIP_WITH_TRANSFORMATION(#4194) 
SHAPE_REPRESENTATION_RELATIONSHIP() );
#4194 = ITEM_DEFINED_TRANSFORMATION('','',#11,#775);
#4195 = PRODUCT_DEFINITION_SHAPE('Placement','Placement of an item',
  #4196);
#4196 = NEXT_ASSEMBLY_USAGE_OCCURRENCE('191','D28','',#5,#1707,$);
#4197 = CONTEXT_DEPENDENT_SHAPE_REPRESENTATION(#4198,#4200);
#4198 = ( REPRESENTATION_RELATIONSHIP('','',#1712,#10) 
REPRESENTATION_RELATIONSHIP_WITH_TRANSFORMATION(#4199) 
SHAPE_REPRESENTATION_RELATIONSHIP() );
#4199 = ITEM_DEFINED_TRANSFORMATION('','',#11,#779);
#4200 = PRODUCT_DEFINITION_SHAPE('Placement','Placement of an item',
  #4201);
#4201 = NEXT_ASSEMBLY_USAGE_OCCURRENCE('192','D36','',#5,#1707,$);
#4202 = CONTEXT_DEPENDENT_SHAPE_REPRESENTATION(#4203,#4205);
#4203 = ( REPRESENTATION_RELATIONSHIP('','',#1712,#10) 
REPRESENTATION_RELATIONSHIP_WITH_TRANSFORMATION(#4204) 
SHAPE_REPRESENTATION_RELATIONSHIP() );
#4204 = ITEM_DEFINED_TRANSFORMATION('','',#11,#783);
#4205 = PRODUCT_DEFINITION_SHAPE('Placement','Placement of an item',
  #4206);
#4206 = NEXT_ASSEMBLY_USAGE_OCCURRENCE('193','D44','',#5,#1707,$);
#4207 = CONTEXT_DEPENDENT_SHAPE_REPRESENTATION(#4208,#4210);
#4208 = ( REPRESENTATION_RELATIONSHIP('','',#1712,#10) 
REPRESENTATION_RELATIONSHIP_WITH_TRANSFORMATION(#4209) 
SHAPE_REPRESENTATION_RELATIONSHIP() );
#4209 = ITEM_DEFINED_TRANSFORMATION('','',#11,#787);
#4210 = PRODUCT_DEFINITION_SHAPE('Placement','Placement of an item',
  #4211);
#4211 = NEXT_ASSEMBLY_USAGE_OCCURRENCE('194','D52','',#5,#1707,$);
#4212 = CONTEXT_DEPENDENT_SHAPE_REPRESENTATION(#4213,#4215);
#4213 = ( REPRESENTATION_RELATIONSHIP('','',#1712,#10) 
REPRESENTATION_RELATIONSHIP_WITH_TRANSFORMATION(#4214) 
SHAPE_REPRESENTATION_RELATIONSHIP() );
#4214 = ITEM_DEFINED_TRANSFORMATION('','',#11,#791);
#4215 = PRODUCT_DEFINITION_SHAPE('Placement','Placement of an item',
  #4216);
#4216 = NEXT_ASSEMBLY_USAGE_OCCURRENCE('195','D118','',#5,#1707,$);
#4217 = CONTEXT_DEPENDENT_SHAPE_REPRESENTATION(#4218,#4220);
#4218 = ( REPRESENTATION_RELATIONSHIP('','',#1712,#10) 
REPRESENTATION_RELATIONSHIP_WITH_TRANSFORMATION(#4219) 
SHAPE_REPRESENTATION_RELATIONSHIP() );
#4219 = ITEM_DEFINED_TRANSFORMATION('','',#11,#795);
#4220 = PRODUCT_DEFINITION_SHAPE('Placement','Placement of an item',
  #4221);
#4221 = NEXT_ASSEMBLY_USAGE_OCCURRENCE('196','D124','',#5,#1707,$);
#4222 = CONTEXT_DEPENDENT_SHAPE_REPRESENTATION(#4223,#4225);
#4223 = ( REPRESENTATION_RELATIONSHIP('','',#1712,#10) 
REPRESENTATION_RELATIONSHIP_WITH_TRANSFORMATION(#4224) 
SHAPE_REPRESENTATION_RELATIONSHIP() );
#4224 = ITEM_DEFINED_TRANSFORMATION('','',#11,#799);
#4225 = PRODUCT_DEFINITION_SHAPE('Placement','Placement of an item',
  #4226);
#4226 = NEXT_ASSEMBLY_USAGE_OCCURRENCE('197','D69','',#5,#1707,$);
#4227 = CONTEXT_DEPENDENT_SHAPE_REPRESENTATION(#4228,#4230);
#4228 = ( REPRESENTATION_RELATIONSHIP('','',#1712,#10) 
REPRESENTATION_RELATIONSHIP_WITH_TRANSFORMATION(#4229) 
SHAPE_REPRESENTATION_RELATIONSHIP() );
#4229 = ITEM_DEFINED_TRANSFORMATION('','',#11,#803);
#4230 = PRODUCT_DEFINITION_SHAPE('Placement','Placement of an item',
  #4231);
#4231 = NEXT_ASSEMBLY_USAGE_OCCURRENCE('198','D77','',#5,#1707,$);
#4232 = CONTEXT_DEPENDENT_SHAPE_REPRESENTATION(#4233,#4235);
#4233 = ( REPRESENTATION_RELATIONSHIP('','',#1712,#10) 
REPRESENTATION_RELATIONSHIP_WITH_TRANSFORMATION(#4234) 
SHAPE_REPRESENTATION_RELATIONSHIP() );
#4234 = ITEM_DEFINED_TRANSFORMATION('','',#11,#807);
#4235 = PRODUCT_DEFINITION_SHAPE('Placement','Placement of an item',
  #4236);
#4236 = NEXT_ASSEMBLY_USAGE_OCCURRENCE('199','D85','',#5,#1707,$);
#4237 = CONTEXT_DEPENDENT_SHAPE_REPRESENTATION(#4238,#4240);
#4238 = ( REPRESENTATION_RELATIONSHIP('','',#1712,#10) 
REPRESENTATION_RELATIONSHIP_WITH_TRANSFORMATION(#4239) 
SHAPE_REPRESENTATION_RELATIONSHIP() );
#4239 = ITEM_DEFINED_TRANSFORMATION('','',#11,#811);
#4240 = PRODUCT_DEFINITION_SHAPE('Placement','Placement of an item',
  #4241);
#4241 = NEXT_ASSEMBLY_USAGE_OCCURRENCE('200','D93','',#5,#1707,$);
#4242 = CONTEXT_DEPENDENT_SHAPE_REPRESENTATION(#4243,#4245);
#4243 = ( REPRESENTATION_RELATIONSHIP('','',#1712,#10) 
REPRESENTATION_RELATIONSHIP_WITH_TRANSFORMATION(#4244) 
SHAPE_REPRESENTATION_RELATIONSHIP() );
#4244 = ITEM_DEFINED_TRANSFORMATION('','',#11,#815);
#4245 = PRODUCT_DEFINITION_SHAPE('Placement','Placement of an item',
  #4246);
#4246 = NEXT_ASSEMBLY_USAGE_OCCURRENCE('201','D101','',#5,#1707,$);
#4247 = CONTEXT_DEPENDENT_SHAPE_REPRESENTATION(#4248,#4250);
#4248 = ( REPRESENTATION_RELATIONSHIP('','',#1712,#10) 
REPRESENTATION_RELATIONSHIP_WITH_TRANSFORMATION(#4249) 
SHAPE_REPRESENTATION_RELATIONSHIP() );
#4249 = ITEM_DEFINED_TRANSFORMATION('','',#11,#819);
#4250 = PRODUCT_DEFINITION_SHAPE('Placement','Placement of an item',
  #4251);
#4251 = NEXT_ASSEMBLY_USAGE_OCCURRENCE('202','D109','',#5,#1707,$);
#4252 = CONTEXT_DEPENDENT_SHAPE_REPRESENTATION(#4253,#4255);
#4253 = ( REPRESENTATION_RELATIONSHIP('','',#1712,#10) 
REPRESENTATION_RELATIONSHIP_WITH_TRANSFORMATION(#4254) 
SHAPE_REPRESENTATION_RELATIONSHIP() );
#4254 = ITEM_DEFINED_TRANSFORMATION('','',#11,#823);
#4255 = PRODUCT_DEFINITION_SHAPE('Placement','Placement of an item',
  #4256);
#4256 = NEXT_ASSEMBLY_USAGE_OCCURRENCE('203','D117','',#5,#1707,$);
#4257 = CONTEXT_DEPENDENT_SHAPE_REPRESENTATION(#4258,#4260);
#4258 = ( REPRESENTATION_RELATIONSHIP('','',#1712,#10) 
REPRESENTATION_RELATIONSHIP_WITH_TRANSFORMATION(#4259) 
SHAPE_REPRESENTATION_RELATIONSHIP() );
#4259 = ITEM_DEFINED_TRANSFORMATION('','',#11,#827);
#4260 = PRODUCT_DEFINITION_SHAPE('Placement','Placement of an item',
  #4261);
#4261 = NEXT_ASSEMBLY_USAGE_OCCURRENCE('204','D125','',#5,#1707,$);
#4262 = CONTEXT_DEPENDENT_SHAPE_REPRESENTATION(#4263,#4265);
#4263 = ( REPRESENTATION_RELATIONSHIP('','',#1712,#10) 
REPRESENTATION_RELATIONSHIP_WITH_TRANSFORMATION(#4264) 
SHAPE_REPRESENTATION_RELATIONSHIP() );
#4264 = ITEM_DEFINED_TRANSFORMATION('','',#11,#831);
#4265 = PRODUCT_DEFINITION_SHAPE('Placement','Placement of an item',
  #4266);
#4266 = NEXT_ASSEMBLY_USAGE_OCCURRENCE('205','D70','',#5,#1707,$);
#4267 = CONTEXT_DEPENDENT_SHAPE_REPRESENTATION(#4268,#4270);
#4268 = ( REPRESENTATION_RELATIONSHIP('','',#1712,#10) 
REPRESENTATION_RELATIONSHIP_WITH_TRANSFORMATION(#4269) 
SHAPE_REPRESENTATION_RELATIONSHIP() );
#4269 = ITEM_DEFINED_TRANSFORMATION('','',#11,#835);
#4270 = PRODUCT_DEFINITION_SHAPE('Placement','Placement of an item',
  #4271);
#4271 = NEXT_ASSEMBLY_USAGE_OCCURRENCE('206','D78','',#5,#1707,$);
#4272 = CONTEXT_DEPENDENT_SHAPE_REPRESENTATION(#4273,#4275);
#4273 = ( REPRESENTATION_RELATIONSHIP('','',#1712,#10) 
REPRESENTATION_RELATIONSHIP_WITH_TRANSFORMATION(#4274) 
SHAPE_REPRESENTATION_RELATIONSHIP() );
#4274 = ITEM_DEFINED_TRANSFORMATION('','',#11,#839);
#4275 = PRODUCT_DEFINITION_SHAPE('Placement','Placement of an item',
  #4276);
#4276 = NEXT_ASSEMBLY_USAGE_OCCURRENCE('207','D86','',#5,#1707,$);
#4277 = CONTEXT_DEPENDENT_SHAPE_REPRESENTATION(#4278,#4280);
#4278 = ( REPRESENTATION_RELATIONSHIP('','',#1712,#10) 
REPRESENTATION_RELATIONSHIP_WITH_TRANSFORMATION(#4279) 
SHAPE_REPRESENTATION_RELATIONSHIP() );
#4279 = ITEM_DEFINED_TRANSFORMATION('','',#11,#843);
#4280 = PRODUCT_DEFINITION_SHAPE('Placement','Placement of an item',
  #4281);
#4281 = NEXT_ASSEMBLY_USAGE_OCCURRENCE('208','D94','',#5,#1707,$);
#4282 = CONTEXT_DEPENDENT_SHAPE_REPRESENTATION(#4283,#4285);
#4283 = ( REPRESENTATION_RELATIONSHIP('','',#1712,#10) 
REPRESENTATION_RELATIONSHIP_WITH_TRANSFORMATION(#4284) 
SHAPE_REPRESENTATION_RELATIONSHIP() );
#4284 = ITEM_DEFINED_TRANSFORMATION('','',#11,#847);
#4285 = PRODUCT_DEFINITION_SHAPE('Placement','Placement of an item',
  #4286);
#4286 = NEXT_ASSEMBLY_USAGE_OCCURRENCE('209','D102','',#5,#1707,$);
#4287 = CONTEXT_DEPENDENT_SHAPE_REPRESENTATION(#4288,#4290);
#4288 = ( REPRESENTATION_RELATIONSHIP('','',#1712,#10) 
REPRESENTATION_RELATIONSHIP_WITH_TRANSFORMATION(#4289) 
SHAPE_REPRESENTATION_RELATIONSHIP() );
#4289 = ITEM_DEFINED_TRANSFORMATION('','',#11,#851);
#4290 = PRODUCT_DEFINITION_SHAPE('Placement','Placement of an item',
  #4291);
#4291 = NEXT_ASSEMBLY_USAGE_OCCURRENCE('210','D110','',#5,#1707,$);
#4292 = CONTEXT_DEPENDENT_SHAPE_REPRESENTATION(#4293,#4295);
#4293 = ( REPRESENTATION_RELATIONSHIP('','',#1712,#10) 
REPRESENTATION_RELATIONSHIP_WITH_TRANSFORMATION(#4294) 
SHAPE_REPRESENTATION_RELATIONSHIP() );
#4294 = ITEM_DEFINED_TRANSFORMATION('','',#11,#855);
#4295 = PRODUCT_DEFINITION_SHAPE('Placement','Placement of an item',
  #4296);
#4296 = NEXT_ASSEMBLY_USAGE_OCCURRENCE('211','D65','',#5,#1707,$);
#4297 = CONTEXT_DEPENDENT_SHAPE_REPRESENTATION(#4298,#4300);
#4298 = ( REPRESENTATION_RELATIONSHIP('','',#1712,#10) 
REPRESENTATION_RELATIONSHIP_WITH_TRANSFORMATION(#4299) 
SHAPE_REPRESENTATION_RELATIONSHIP() );
#4299 = ITEM_DEFINED_TRANSFORMATION('','',#11,#859);
#4300 = PRODUCT_DEFINITION_SHAPE('Placement','Placement of an item',
  #4301);
#4301 = NEXT_ASSEMBLY_USAGE_OCCURRENCE('212','D126','',#5,#1707,$);
#4302 = CONTEXT_DEPENDENT_SHAPE_REPRESENTATION(#4303,#4305);
#4303 = ( REPRESENTATION_RELATIONSHIP('','',#1712,#10) 
REPRESENTATION_RELATIONSHIP_WITH_TRANSFORMATION(#4304) 
SHAPE_REPRESENTATION_RELATIONSHIP() );
#4304 = ITEM_DEFINED_TRANSFORMATION('','',#11,#863);
#4305 = PRODUCT_DEFINITION_SHAPE('Placement','Placement of an item',
  #4306);
#4306 = NEXT_ASSEMBLY_USAGE_OCCURRENCE('213','D71','',#5,#1707,$);
#4307 = CONTEXT_DEPENDENT_SHAPE_REPRESENTATION(#4308,#4310);
#4308 = ( REPRESENTATION_RELATIONSHIP('','',#1712,#10) 
REPRESENTATION_RELATIONSHIP_WITH_TRANSFORMATION(#4309) 
SHAPE_REPRESENTATION_RELATIONSHIP() );
#4309 = ITEM_DEFINED_TRANSFORMATION('','',#11,#867);
#4310 = PRODUCT_DEFINITION_SHAPE('Placement','Placement of an item',
  #4311);
#4311 = NEXT_ASSEMBLY_USAGE_OCCURRENCE('214','D79','',#5,#1707,$);
#4312 = CONTEXT_DEPENDENT_SHAPE_REPRESENTATION(#4313,#4315);
#4313 = ( REPRESENTATION_RELATIONSHIP('','',#1712,#10) 
REPRESENTATION_RELATIONSHIP_WITH_TRANSFORMATION(#4314) 
SHAPE_REPRESENTATION_RELATIONSHIP() );
#4314 = ITEM_DEFINED_TRANSFORMATION('','',#11,#871);
#4315 = PRODUCT_DEFINITION_SHAPE('Placement','Placement of an item',
  #4316);
#4316 = NEXT_ASSEMBLY_USAGE_OCCURRENCE('215','D87','',#5,#1707,$);
#4317 = CONTEXT_DEPENDENT_SHAPE_REPRESENTATION(#4318,#4320);
#4318 = ( REPRESENTATION_RELATIONSHIP('','',#1712,#10) 
REPRESENTATION_RELATIONSHIP_WITH_TRANSFORMATION(#4319) 
SHAPE_REPRESENTATION_RELATIONSHIP() );
#4319 = ITEM_DEFINED_TRANSFORMATION('','',#11,#875);
#4320 = PRODUCT_DEFINITION_SHAPE('Placement','Placement of an item',
  #4321);
#4321 = NEXT_ASSEMBLY_USAGE_OCCURRENCE('216','D95','',#5,#1707,$);
#4322 = CONTEXT_DEPENDENT_SHAPE_REPRESENTATION(#4323,#4325);
#4323 = ( REPRESENTATION_RELATIONSHIP('','',#1712,#10) 
REPRESENTATION_RELATIONSHIP_WITH_TRANSFORMATION(#4324) 
SHAPE_REPRESENTATION_RELATIONSHIP() );
#4324 = ITEM_DEFINED_TRANSFORMATION('','',#11,#879);
#4325 = PRODUCT_DEFINITION_SHAPE('Placement','Placement of an item',
  #4326);
#4326 = NEXT_ASSEMBLY_USAGE_OCCURRENCE('217','D103','',#5,#1707,$);
#4327 = CONTEXT_DEPENDENT_SHAPE_REPRESENTATION(#4328,#4330);
#4328 = ( REPRESENTATION_RELATIONSHIP('','',#1712,#10) 
REPRESENTATION_RELATIONSHIP_WITH_TRANSFORMATION(#4329) 
SHAPE_REPRESENTATION_RELATIONSHIP() );
#4329 = ITEM_DEFINED_TRANSFORMATION('','',#11,#883);
#4330 = PRODUCT_DEFINITION_SHAPE('Placement','Placement of an item',
  #4331);
#4331 = NEXT_ASSEMBLY_USAGE_OCCURRENCE('218','D111','',#5,#1707,$);
#4332 = CONTEXT_DEPENDENT_SHAPE_REPRESENTATION(#4333,#4335);
#4333 = ( REPRESENTATION_RELATIONSHIP('','',#1712,#10) 
REPRESENTATION_RELATIONSHIP_WITH_TRANSFORMATION(#4334) 
SHAPE_REPRESENTATION_RELATIONSHIP() );
#4334 = ITEM_DEFINED_TRANSFORMATION('','',#11,#887);
#4335 = PRODUCT_DEFINITION_SHAPE('Placement','Placement of an item',
  #4336);
#4336 = NEXT_ASSEMBLY_USAGE_OCCURRENCE('219','D127','',#5,#1707,$);
#4337 = CONTEXT_DEPENDENT_SHAPE_REPRESENTATION(#4338,#4340);
#4338 = ( REPRESENTATION_RELATIONSHIP('','',#1712,#10) 
REPRESENTATION_RELATIONSHIP_WITH_TRANSFORMATION(#4339) 
SHAPE_REPRESENTATION_RELATIONSHIP() );
#4339 = ITEM_DEFINED_TRANSFORMATION('','',#11,#891);
#4340 = PRODUCT_DEFINITION_SHAPE('Placement','Placement of an item',
  #4341);
#4341 = NEXT_ASSEMBLY_USAGE_OCCURRENCE('220','D72','',#5,#1707,$);
#4342 = CONTEXT_DEPENDENT_SHAPE_REPRESENTATION(#4343,#4345);
#4343 = ( REPRESENTATION_RELATIONSHIP('','',#1712,#10) 
REPRESENTATION_RELATIONSHIP_WITH_TRANSFORMATION(#4344) 
SHAPE_REPRESENTATION_RELATIONSHIP() );
#4344 = ITEM_DEFINED_TRANSFORMATION('','',#11,#895);
#4345 = PRODUCT_DEFINITION_SHAPE('Placement','Placement of an item',
  #4346);
#4346 = NEXT_ASSEMBLY_USAGE_OCCURRENCE('221','D80','',#5,#1707,$);
#4347 = CONTEXT_DEPENDENT_SHAPE_REPRESENTATION(#4348,#4350);
#4348 = ( REPRESENTATION_RELATIONSHIP('','',#1712,#10) 
REPRESENTATION_RELATIONSHIP_WITH_TRANSFORMATION(#4349) 
SHAPE_REPRESENTATION_RELATIONSHIP() );
#4349 = ITEM_DEFINED_TRANSFORMATION('','',#11,#899);
#4350 = PRODUCT_DEFINITION_SHAPE('Placement','Placement of an item',
  #4351);
#4351 = NEXT_ASSEMBLY_USAGE_OCCURRENCE('222','D88','',#5,#1707,$);
#4352 = CONTEXT_DEPENDENT_SHAPE_REPRESENTATION(#4353,#4355);
#4353 = ( REPRESENTATION_RELATIONSHIP('','',#1712,#10) 
REPRESENTATION_RELATIONSHIP_WITH_TRANSFORMATION(#4354) 
SHAPE_REPRESENTATION_RELATIONSHIP() );
#4354 = ITEM_DEFINED_TRANSFORMATION('','',#11,#903);
#4355 = PRODUCT_DEFINITION_SHAPE('Placement','Placement of an item',
  #4356);
#4356 = NEXT_ASSEMBLY_USAGE_OCCURRENCE('223','D96','',#5,#1707,$);
#4357 = CONTEXT_DEPENDENT_SHAPE_REPRESENTATION(#4358,#4360);
#4358 = ( REPRESENTATION_RELATIONSHIP('','',#1712,#10) 
REPRESENTATION_RELATIONSHIP_WITH_TRANSFORMATION(#4359) 
SHAPE_REPRESENTATION_RELATIONSHIP() );
#4359 = ITEM_DEFINED_TRANSFORMATION('','',#11,#907);
#4360 = PRODUCT_DEFINITION_SHAPE('Placement','Placement of an item',
  #4361);
#4361 = NEXT_ASSEMBLY_USAGE_OCCURRENCE('224','D104','',#5,#1707,$);
#4362 = CONTEXT_DEPENDENT_SHAPE_REPRESENTATION(#4363,#4365);
#4363 = ( REPRESENTATION_RELATIONSHIP('','',#1712,#10) 
REPRESENTATION_RELATIONSHIP_WITH_TRANSFORMATION(#4364) 
SHAPE_REPRESENTATION_RELATIONSHIP() );
#4364 = ITEM_DEFINED_TRANSFORMATION('','',#11,#911);
#4365 = PRODUCT_DEFINITION_SHAPE('Placement','Placement of an item',
  #4366);
#4366 = NEXT_ASSEMBLY_USAGE_OCCURRENCE('225','D120','',#5,#1707,$);
#4367 = CONTEXT_DEPENDENT_SHAPE_REPRESENTATION(#4368,#4370);
#4368 = ( REPRESENTATION_RELATIONSHIP('','',#1712,#10) 
REPRESENTATION_RELATIONSHIP_WITH_TRANSFORMATION(#4369) 
SHAPE_REPRESENTATION_RELATIONSHIP() );
#4369 = ITEM_DEFINED_TRANSFORMATION('','',#11,#915);
#4370 = PRODUCT_DEFINITION_SHAPE('Placement','Placement of an item',
  #4371);
#4371 = NEXT_ASSEMBLY_USAGE_OCCURRENCE('226','D108','',#5,#1707,$);
#4372 = CONTEXT_DEPENDENT_SHAPE_REPRESENTATION(#4373,#4375);
#4373 = ( REPRESENTATION_RELATIONSHIP('','',#1712,#10) 
REPRESENTATION_RELATIONSHIP_WITH_TRANSFORMATION(#4374) 
SHAPE_REPRESENTATION_RELATIONSHIP() );
#4374 = ITEM_DEFINED_TRANSFORMATION('','',#11,#919);
#4375 = PRODUCT_DEFINITION_SHAPE('Placement','Placement of an item',
  #4376);
#4376 = NEXT_ASSEMBLY_USAGE_OCCURRENCE('227','D64','',#5,#1707,$);
#4377 = CONTEXT_DEPENDENT_SHAPE_REPRESENTATION(#4378,#4380);
#4378 = ( REPRESENTATION_RELATIONSHIP('','',#1712,#10) 
REPRESENTATION_RELATIONSHIP_WITH_TRANSFORMATION(#4379) 
SHAPE_REPRESENTATION_RELATIONSHIP() );
#4379 = ITEM_DEFINED_TRANSFORMATION('','',#11,#923);
#4380 = PRODUCT_DEFINITION_SHAPE('Placement','Placement of an item',
  #4381);
#4381 = NEXT_ASSEMBLY_USAGE_OCCURRENCE('228','D73','',#5,#1707,$);
#4382 = CONTEXT_DEPENDENT_SHAPE_REPRESENTATION(#4383,#4385);
#4383 = ( REPRESENTATION_RELATIONSHIP('','',#1712,#10) 
REPRESENTATION_RELATIONSHIP_WITH_TRANSFORMATION(#4384) 
SHAPE_REPRESENTATION_RELATIONSHIP() );
#4384 = ITEM_DEFINED_TRANSFORMATION('','',#11,#927);
#4385 = PRODUCT_DEFINITION_SHAPE('Placement','Placement of an item',
  #4386);
#4386 = NEXT_ASSEMBLY_USAGE_OCCURRENCE('229','D81','',#5,#1707,$);
#4387 = CONTEXT_DEPENDENT_SHAPE_REPRESENTATION(#4388,#4390);
#4388 = ( REPRESENTATION_RELATIONSHIP('','',#1712,#10) 
REPRESENTATION_RELATIONSHIP_WITH_TRANSFORMATION(#4389) 
SHAPE_REPRESENTATION_RELATIONSHIP() );
#4389 = ITEM_DEFINED_TRANSFORMATION('','',#11,#931);
#4390 = PRODUCT_DEFINITION_SHAPE('Placement','Placement of an item',
  #4391);
#4391 = NEXT_ASSEMBLY_USAGE_OCCURRENCE('230','D89','',#5,#1707,$);
#4392 = CONTEXT_DEPENDENT_SHAPE_REPRESENTATION(#4393,#4395);
#4393 = ( REPRESENTATION_RELATIONSHIP('','',#1712,#10) 
REPRESENTATION_RELATIONSHIP_WITH_TRANSFORMATION(#4394) 
SHAPE_REPRESENTATION_RELATIONSHIP() );
#4394 = ITEM_DEFINED_TRANSFORMATION('','',#11,#935);
#4395 = PRODUCT_DEFINITION_SHAPE('Placement','Placement of an item',
  #4396);
#4396 = NEXT_ASSEMBLY_USAGE_OCCURRENCE('231','D97','',#5,#1707,$);
#4397 = CONTEXT_DEPENDENT_SHAPE_REPRESENTATION(#4398,#4400);
#4398 = ( REPRESENTATION_RELATIONSHIP('','',#1712,#10) 
REPRESENTATION_RELATIONSHIP_WITH_TRANSFORMATION(#4399) 
SHAPE_REPRESENTATION_RELATIONSHIP() );
#4399 = ITEM_DEFINED_TRANSFORMATION('','',#11,#939);
#4400 = PRODUCT_DEFINITION_SHAPE('Placement','Placement of an item',
  #4401);
#4401 = NEXT_ASSEMBLY_USAGE_OCCURRENCE('232','D105','',#5,#1707,$);
#4402 = CONTEXT_DEPENDENT_SHAPE_REPRESENTATION(#4403,#4405);
#4403 = ( REPRESENTATION_RELATIONSHIP('','',#1712,#10) 
REPRESENTATION_RELATIONSHIP_WITH_TRANSFORMATION(#4404) 
SHAPE_REPRESENTATION_RELATIONSHIP() );
#4404 = ITEM_DEFINED_TRANSFORMATION('','',#11,#943);
#4405 = PRODUCT_DEFINITION_SHAPE('Placement','Placement of an item',
  #4406);
#4406 = NEXT_ASSEMBLY_USAGE_OCCURRENCE('233','D113','',#5,#1707,$);
#4407 = CONTEXT_DEPENDENT_SHAPE_REPRESENTATION(#4408,#4410);
#4408 = ( REPRESENTATION_RELATIONSHIP('','',#1712,#10) 
REPRESENTATION_RELATIONSHIP_WITH_TRANSFORMATION(#4409) 
SHAPE_REPRESENTATION_RELATIONSHIP() );
#4409 = ITEM_DEFINED_TRANSFORMATION('','',#11,#947);
#4410 = PRODUCT_DEFINITION_SHAPE('Placement','Placement of an item',
  #4411);
#4411 = NEXT_ASSEMBLY_USAGE_OCCURRENCE('234','D116','',#5,#1707,$);
#4412 = CONTEXT_DEPENDENT_SHAPE_REPRESENTATION(#4413,#4415);
#4413 = ( REPRESENTATION_RELATIONSHIP('','',#1712,#10) 
REPRESENTATION_RELATIONSHIP_WITH_TRANSFORMATION(#4414) 
SHAPE_REPRESENTATION_RELATIONSHIP() );
#4414 = ITEM_DEFINED_TRANSFORMATION('','',#11,#951);
#4415 = PRODUCT_DEFINITION_SHAPE('Placement','Placement of an item',
  #4416);
#4416 = NEXT_ASSEMBLY_USAGE_OCCURRENCE('235','D121','',#5,#1707,$);
#4417 = CONTEXT_DEPENDENT_SHAPE_REPRESENTATION(#4418,#4420);
#4418 = ( REPRESENTATION_RELATIONSHIP('','',#1712,#10) 
REPRESENTATION_RELATIONSHIP_WITH_TRANSFORMATION(#4419) 
SHAPE_REPRESENTATION_RELATIONSHIP() );
#4419 = ITEM_DEFINED_TRANSFORMATION('','',#11,#955);
#4420 = PRODUCT_DEFINITION_SHAPE('Placement','Placement of an item',
  #4421);
#4421 = NEXT_ASSEMBLY_USAGE_OCCURRENCE('236','D66','',#5,#1707,$);
#4422 = CONTEXT_DEPENDENT_SHAPE_REPRESENTATION(#4423,#4425);
#4423 = ( REPRESENTATION_RELATIONSHIP('','',#1712,#10) 
REPRESENTATION_RELATIONSHIP_WITH_TRANSFORMATION(#4424) 
SHAPE_REPRESENTATION_RELATIONSHIP() );
#4424 = ITEM_DEFINED_TRANSFORMATION('','',#11,#959);
#4425 = PRODUCT_DEFINITION_SHAPE('Placement','Placement of an item',
  #4426);
#4426 = NEXT_ASSEMBLY_USAGE_OCCURRENCE('237','D74','',#5,#1707,$);
#4427 = CONTEXT_DEPENDENT_SHAPE_REPRESENTATION(#4428,#4430);
#4428 = ( REPRESENTATION_RELATIONSHIP('','',#1712,#10) 
REPRESENTATION_RELATIONSHIP_WITH_TRANSFORMATION(#4429) 
SHAPE_REPRESENTATION_RELATIONSHIP() );
#4429 = ITEM_DEFINED_TRANSFORMATION('','',#11,#963);
#4430 = PRODUCT_DEFINITION_SHAPE('Placement','Placement of an item',
  #4431);
#4431 = NEXT_ASSEMBLY_USAGE_OCCURRENCE('238','D82','',#5,#1707,$);
#4432 = CONTEXT_DEPENDENT_SHAPE_REPRESENTATION(#4433,#4435);
#4433 = ( REPRESENTATION_RELATIONSHIP('','',#1712,#10) 
REPRESENTATION_RELATIONSHIP_WITH_TRANSFORMATION(#4434) 
SHAPE_REPRESENTATION_RELATIONSHIP() );
#4434 = ITEM_DEFINED_TRANSFORMATION('','',#11,#967);
#4435 = PRODUCT_DEFINITION_SHAPE('Placement','Placement of an item',
  #4436);
#4436 = NEXT_ASSEMBLY_USAGE_OCCURRENCE('239','D90','',#5,#1707,$);
#4437 = CONTEXT_DEPENDENT_SHAPE_REPRESENTATION(#4438,#4440);
#4438 = ( REPRESENTATION_RELATIONSHIP('','',#1712,#10) 
REPRESENTATION_RELATIONSHIP_WITH_TRANSFORMATION(#4439) 
SHAPE_REPRESENTATION_RELATIONSHIP() );
#4439 = ITEM_DEFINED_TRANSFORMATION('','',#11,#971);
#4440 = PRODUCT_DEFINITION_SHAPE('Placement','Placement of an item',
  #4441);
#4441 = NEXT_ASSEMBLY_USAGE_OCCURRENCE('240','D98','',#5,#1707,$);
#4442 = CONTEXT_DEPENDENT_SHAPE_REPRESENTATION(#4443,#4445);
#4443 = ( REPRESENTATION_RELATIONSHIP('','',#1712,#10) 
REPRESENTATION_RELATIONSHIP_WITH_TRANSFORMATION(#4444) 
SHAPE_REPRESENTATION_RELATIONSHIP() );
#4444 = ITEM_DEFINED_TRANSFORMATION('','',#11,#975);
#4445 = PRODUCT_DEFINITION_SHAPE('Placement','Placement of an item',
  #4446);
#4446 = NEXT_ASSEMBLY_USAGE_OCCURRENCE('241','D106','',#5,#1707,$);
#4447 = CONTEXT_DEPENDENT_SHAPE_REPRESENTATION(#4448,#4450);
#4448 = ( REPRESENTATION_RELATIONSHIP('','',#1712,#10) 
REPRESENTATION_RELATIONSHIP_WITH_TRANSFORMATION(#4449) 
SHAPE_REPRESENTATION_RELATIONSHIP() );
#4449 = ITEM_DEFINED_TRANSFORMATION('','',#11,#979);
#4450 = PRODUCT_DEFINITION_SHAPE('Placement','Placement of an item',
  #4451);
#4451 = NEXT_ASSEMBLY_USAGE_OCCURRENCE('242','D122','',#5,#1707,$);
#4452 = CONTEXT_DEPENDENT_SHAPE_REPRESENTATION(#4453,#4455);
#4453 = ( REPRESENTATION_RELATIONSHIP('','',#1712,#10) 
REPRESENTATION_RELATIONSHIP_WITH_TRANSFORMATION(#4454) 
SHAPE_REPRESENTATION_RELATIONSHIP() );
#4454 = ITEM_DEFINED_TRANSFORMATION('','',#11,#983);
#4455 = PRODUCT_DEFINITION_SHAPE('Placement','Placement of an item',
  #4456);
#4456 = NEXT_ASSEMBLY_USAGE_OCCURRENCE('243','D114','',#5,#1707,$);
#4457 = CONTEXT_DEPENDENT_SHAPE_REPRESENTATION(#4458,#4460);
#4458 = ( REPRESENTATION_RELATIONSHIP('','',#1712,#10) 
REPRESENTATION_RELATIONSHIP_WITH_TRANSFORMATION(#4459) 
SHAPE_REPRESENTATION_RELATIONSHIP() );
#4459 = ITEM_DEFINED_TRANSFORMATION('','',#11,#987);
#4460 = PRODUCT_DEFINITION_SHAPE('Placement','Placement of an item',
  #4461);
#4461 = NEXT_ASSEMBLY_USAGE_OCCURRENCE('244','D100','',#5,#1707,$);
#4462 = CONTEXT_DEPENDENT_SHAPE_REPRESENTATION(#4463,#4465);
#4463 = ( REPRESENTATION_RELATIONSHIP('','',#1712,#10) 
REPRESENTATION_RELATIONSHIP_WITH_TRANSFORMATION(#4464) 
SHAPE_REPRESENTATION_RELATIONSHIP() );
#4464 = ITEM_DEFINED_TRANSFORMATION('','',#11,#991);
#4465 = PRODUCT_DEFINITION_SHAPE('Placement','Placement of an item',
  #4466);
#4466 = NEXT_ASSEMBLY_USAGE_OCCURRENCE('245','D92','',#5,#1707,$);
#4467 = CONTEXT_DEPENDENT_SHAPE_REPRESENTATION(#4468,#4470);
#4468 = ( REPRESENTATION_RELATIONSHIP('','',#1712,#10) 
REPRESENTATION_RELATIONSHIP_WITH_TRANSFORMATION(#4469) 
SHAPE_REPRESENTATION_RELATIONSHIP() );
#4469 = ITEM_DEFINED_TRANSFORMATION('','',#11,#995);
#4470 = PRODUCT_DEFINITION_SHAPE('Placement','Placement of an item',
  #4471);
#4471 = NEXT_ASSEMBLY_USAGE_OCCURRENCE('246','D84','',#5,#1707,$);
#4472 = CONTEXT_DEPENDENT_SHAPE_REPRESENTATION(#4473,#4475);
#4473 = ( REPRESENTATION_RELATIONSHIP('','',#1712,#10) 
REPRESENTATION_RELATIONSHIP_WITH_TRANSFORMATION(#4474) 
SHAPE_REPRESENTATION_RELATIONSHIP() );
#4474 = ITEM_DEFINED_TRANSFORMATION('','',#11,#999);
#4475 = PRODUCT_DEFINITION_SHAPE('Placement','Placement of an item',
  #4476);
#4476 = NEXT_ASSEMBLY_USAGE_OCCURRENCE('247','D76','',#5,#1707,$);
#4477 = CONTEXT_DEPENDENT_SHAPE_REPRESENTATION(#4478,#4480);
#4478 = ( REPRESENTATION_RELATIONSHIP('','',#1712,#10) 
REPRESENTATION_RELATIONSHIP_WITH_TRANSFORMATION(#4479) 
SHAPE_REPRESENTATION_RELATIONSHIP() );
#4479 = ITEM_DEFINED_TRANSFORMATION('','',#11,#1003);
#4480 = PRODUCT_DEFINITION_SHAPE('Placement','Placement of an item',
  #4481);
#4481 = NEXT_ASSEMBLY_USAGE_OCCURRENCE('248','D68','',#5,#1707,$);
#4482 = CONTEXT_DEPENDENT_SHAPE_REPRESENTATION(#4483,#4485);
#4483 = ( REPRESENTATION_RELATIONSHIP('','',#1712,#10) 
REPRESENTATION_RELATIONSHIP_WITH_TRANSFORMATION(#4484) 
SHAPE_REPRESENTATION_RELATIONSHIP() );
#4484 = ITEM_DEFINED_TRANSFORMATION('','',#11,#1007);
#4485 = PRODUCT_DEFINITION_SHAPE('Placement','Placement of an item',
  #4486);
#4486 = NEXT_ASSEMBLY_USAGE_OCCURRENCE('249','D123','',#5,#1707,$);
#4487 = CONTEXT_DEPENDENT_SHAPE_REPRESENTATION(#4488,#4490);
#4488 = ( REPRESENTATION_RELATIONSHIP('','',#1712,#10) 
REPRESENTATION_RELATIONSHIP_WITH_TRANSFORMATION(#4489) 
SHAPE_REPRESENTATION_RELATIONSHIP() );
#4489 = ITEM_DEFINED_TRANSFORMATION('','',#11,#1011);
#4490 = PRODUCT_DEFINITION_SHAPE('Placement','Placement of an item',
  #4491);
#4491 = NEXT_ASSEMBLY_USAGE_OCCURRENCE('250','D115','',#5,#1707,$);
#4492 = CONTEXT_DEPENDENT_SHAPE_REPRESENTATION(#4493,#4495);
#4493 = ( REPRESENTATION_RELATIONSHIP('','',#1712,#10) 
REPRESENTATION_RELATIONSHIP_WITH_TRANSFORMATION(#4494) 
SHAPE_REPRESENTATION_RELATIONSHIP() );
#4494 = ITEM_DEFINED_TRANSFORMATION('','',#11,#1015);
#4495 = PRODUCT_DEFINITION_SHAPE('Placement','Placement of an item',
  #4496);
#4496 = NEXT_ASSEMBLY_USAGE_OCCURRENCE('251','D107','',#5,#1707,$);
#4497 = CONTEXT_DEPENDENT_SHAPE_REPRESENTATION(#4498,#4500);
#4498 = ( REPRESENTATION_RELATIONSHIP('','',#1712,#10) 
REPRESENTATION_RELATIONSHIP_WITH_TRANSFORMATION(#4499) 
SHAPE_REPRESENTATION_RELATIONSHIP() );
#4499 = ITEM_DEFINED_TRANSFORMATION('','',#11,#1019);
#4500 = PRODUCT_DEFINITION_SHAPE('Placement','Placement of an item',
  #4501);
#4501 = NEXT_ASSEMBLY_USAGE_OCCURRENCE('252','D99','',#5,#1707,$);
#4502 = CONTEXT_DEPENDENT_SHAPE_REPRESENTATION(#4503,#4505);
#4503 = ( REPRESENTATION_RELATIONSHIP('','',#1712,#10) 
REPRESENTATION_RELATIONSHIP_WITH_TRANSFORMATION(#4504) 
SHAPE_REPRESENTATION_RELATIONSHIP() );
#4504 = ITEM_DEFINED_TRANSFORMATION('','',#11,#1023);
#4505 = PRODUCT_DEFINITION_SHAPE('Placement','Placement of an item',
  #4506);
#4506 = NEXT_ASSEMBLY_USAGE_OCCURRENCE('253','D91','',#5,#1707,$);
#4507 = CONTEXT_DEPENDENT_SHAPE_REPRESENTATION(#4508,#4510);
#4508 = ( REPRESENTATION_RELATIONSHIP('','',#1712,#10) 
REPRESENTATION_RELATIONSHIP_WITH_TRANSFORMATION(#4509) 
SHAPE_REPRESENTATION_RELATIONSHIP() );
#4509 = ITEM_DEFINED_TRANSFORMATION('','',#11,#1027);
#4510 = PRODUCT_DEFINITION_SHAPE('Placement','Placement of an item',
  #4511);
#4511 = NEXT_ASSEMBLY_USAGE_OCCURRENCE('254','D83','',#5,#1707,$);
#4512 = CONTEXT_DEPENDENT_SHAPE_REPRESENTATION(#4513,#4515);
#4513 = ( REPRESENTATION_RELATIONSHIP('','',#1712,#10) 
REPRESENTATION_RELATIONSHIP_WITH_TRANSFORMATION(#4514) 
SHAPE_REPRESENTATION_RELATIONSHIP() );
#4514 = ITEM_DEFINED_TRANSFORMATION('','',#11,#1031);
#4515 = PRODUCT_DEFINITION_SHAPE('Placement','Placement of an item',
  #4516);
#4516 = NEXT_ASSEMBLY_USAGE_OCCURRENCE('255','D75','',#5,#1707,$);
#4517 = CONTEXT_DEPENDENT_SHAPE_REPRESENTATION(#4518,#4520);
#4518 = ( REPRESENTATION_RELATIONSHIP('','',#1712,#10) 
REPRESENTATION_RELATIONSHIP_WITH_TRANSFORMATION(#4519) 
SHAPE_REPRESENTATION_RELATIONSHIP() );
#4519 = ITEM_DEFINED_TRANSFORMATION('','',#11,#1035);
#4520 = PRODUCT_DEFINITION_SHAPE('Placement','Placement of an item',
  #4521);
#4521 = NEXT_ASSEMBLY_USAGE_OCCURRENCE('256','D67','',#5,#1707,$);
#4522 = SHAPE_DEFINITION_REPRESENTATION(#4523,#4529);
#4523 = PRODUCT_DEFINITION_SHAPE('','',#4524);
#4524 = PRODUCT_DEFINITION('design','',#4525,#4528);
#4525 = PRODUCT_DEFINITION_FORMATION('','',#4526);
#4526 = PRODUCT('PinHeader_2x02_P2.54mm_Vertical_SMD',
  'PinHeader_2x02_P2.54mm_Vertical_SMD','',(#4527));
#4527 = PRODUCT_CONTEXT('',#2,'mechanical');
#4528 = PRODUCT_DEFINITION_CONTEXT('part definition',#2,'design');
#4529 = ADVANCED_BREP_SHAPE_REPRESENTATION('',(#11,#4530),#7318);
#4530 = MANIFOLD_SOLID_BREP('',#4531);
#4531 = CLOSED_SHELL('',(#4532,#4572,#4603,#4634,#4867,#5100,#5117,#5134
    ,#5151,#5168,#5185,#5202,#5219,#5236,#5253,#5270,#5282,#5313,#5362,
    #5386,#5428,#5484,#5508,#5557,#5574,#5630,#5654,#5703,#5720,#5776,
    #5800,#5849,#5866,#5897,#5921,#5945,#5962,#5993,#6017,#6041,#6058,
    #6089,#6113,#6137,#6154,#6185,#6209,#6233,#6250,#6267,#6298,#6315,
    #6332,#6363,#6394,#6411,#6428,#6445,#6476,#6507,#6524,#6541,#6558,
    #6589,#6620,#6637,#6654,#6671,#6702,#6733,#6757,#6781,#6798,#6829,
    #6853,#6877,#6894,#6925,#6949,#6973,#6990,#7021,#7045,#7069,#7086,
    #7103,#7120,#7132,#7149,#7166,#7178,#7195,#7212,#7224,#7241,#7258,
    #7270,#7282,#7294,#7306));
#4532 = ADVANCED_FACE('',(#4533),#4567,.F.);
#4533 = FACE_BOUND('',#4534,.F.);
#4534 = EDGE_LOOP('',(#4535,#4545,#4553,#4561));
#4535 = ORIENTED_EDGE('',*,*,#4536,.T.);
#4536 = EDGE_CURVE('',#4537,#4539,#4541,.T.);
#4537 = VERTEX_POINT('',#4538);
#4538 = CARTESIAN_POINT('',(-2.286,2.54,0.76));
#4539 = VERTEX_POINT('',#4540);
#4540 = CARTESIAN_POINT('',(-2.286,2.54,3.3));
#4541 = LINE('',#4542,#4543);
#4542 = CARTESIAN_POINT('',(-2.286,2.54,0.76));
#4543 = VECTOR('',#4544,1.);
#4544 = DIRECTION('',(0.,0.,1.));
#4545 = ORIENTED_EDGE('',*,*,#4546,.T.);
#4546 = EDGE_CURVE('',#4539,#4547,#4549,.T.);
#4547 = VERTEX_POINT('',#4548);
#4548 = CARTESIAN_POINT('',(-2.54,2.286,3.3));
#4549 = LINE('',#4550,#4551);
#4550 = CARTESIAN_POINT('',(-2.286,2.54,3.3));
#4551 = VECTOR('',#4552,1.);
#4552 = DIRECTION('',(-0.707106781187,-0.707106781187,0.));
#4553 = ORIENTED_EDGE('',*,*,#4554,.F.);
#4554 = EDGE_CURVE('',#4555,#4547,#4557,.T.);
#4555 = VERTEX_POINT('',#4556);
#4556 = CARTESIAN_POINT('',(-2.54,2.286,0.76));
#4557 = LINE('',#4558,#4559);
#4558 = CARTESIAN_POINT('',(-2.54,2.286,0.76));
#4559 = VECTOR('',#4560,1.);
#4560 = DIRECTION('',(0.,0.,1.));
#4561 = ORIENTED_EDGE('',*,*,#4562,.F.);
#4562 = EDGE_CURVE('',#4537,#4555,#4563,.T.);
#4563 = LINE('',#4564,#4565);
#4564 = CARTESIAN_POINT('',(-2.286,2.54,0.76));
#4565 = VECTOR('',#4566,1.);
#4566 = DIRECTION('',(-0.707106781187,-0.707106781187,0.));
#4567 = PLANE('',#4568);
#4568 = AXIS2_PLACEMENT_3D('',#4569,#4570,#4571);
#4569 = CARTESIAN_POINT('',(-2.286,2.54,0.76));
#4570 = DIRECTION('',(0.707106781187,-0.707106781187,0.));
#4571 = DIRECTION('',(-0.707106781187,-0.707106781187,0.));
#4572 = ADVANCED_FACE('',(#4573),#4598,.F.);
#4573 = FACE_BOUND('',#4574,.F.);
#4574 = EDGE_LOOP('',(#4575,#4585,#4591,#4592));
#4575 = ORIENTED_EDGE('',*,*,#4576,.T.);
#4576 = EDGE_CURVE('',#4577,#4579,#4581,.T.);
#4577 = VERTEX_POINT('',#4578);
#4578 = CARTESIAN_POINT('',(2.286,2.54,0.76));
#4579 = VERTEX_POINT('',#4580);
#4580 = CARTESIAN_POINT('',(2.286,2.54,3.3));
#4581 = LINE('',#4582,#4583);
#4582 = CARTESIAN_POINT('',(2.286,2.54,0.76));
#4583 = VECTOR('',#4584,1.);
#4584 = DIRECTION('',(0.,0.,1.));
#4585 = ORIENTED_EDGE('',*,*,#4586,.T.);
#4586 = EDGE_CURVE('',#4579,#4539,#4587,.T.);
#4587 = LINE('',#4588,#4589);
#4588 = CARTESIAN_POINT('',(2.286,2.54,3.3));
#4589 = VECTOR('',#4590,1.);
#4590 = DIRECTION('',(-1.,0.,0.));
#4591 = ORIENTED_EDGE('',*,*,#4536,.F.);
#4592 = ORIENTED_EDGE('',*,*,#4593,.F.);
#4593 = EDGE_CURVE('',#4577,#4537,#4594,.T.);
#4594 = LINE('',#4595,#4596);
#4595 = CARTESIAN_POINT('',(2.286,2.54,0.76));
#4596 = VECTOR('',#4597,1.);
#4597 = DIRECTION('',(-1.,0.,0.));
#4598 = PLANE('',#4599);
#4599 = AXIS2_PLACEMENT_3D('',#4600,#4601,#4602);
#4600 = CARTESIAN_POINT('',(2.286,2.54,0.76));
#4601 = DIRECTION('',(0.,-1.,0.));
#4602 = DIRECTION('',(-1.,0.,0.));
#4603 = ADVANCED_FACE('',(#4604),#4629,.F.);
#4604 = FACE_BOUND('',#4605,.F.);
#4605 = EDGE_LOOP('',(#4606,#4607,#4615,#4623));
#4606 = ORIENTED_EDGE('',*,*,#4554,.T.);
#4607 = ORIENTED_EDGE('',*,*,#4608,.T.);
#4608 = EDGE_CURVE('',#4547,#4609,#4611,.T.);
#4609 = VERTEX_POINT('',#4610);
#4610 = CARTESIAN_POINT('',(-2.54,0.254,3.3));
#4611 = LINE('',#4612,#4613);
#4612 = CARTESIAN_POINT('',(-2.54,2.286,3.3));
#4613 = VECTOR('',#4614,1.);
#4614 = DIRECTION('',(0.,-1.,0.));
#4615 = ORIENTED_EDGE('',*,*,#4616,.F.);
#4616 = EDGE_CURVE('',#4617,#4609,#4619,.T.);
#4617 = VERTEX_POINT('',#4618);
#4618 = CARTESIAN_POINT('',(-2.54,0.254,0.76));
#4619 = LINE('',#4620,#4621);
#4620 = CARTESIAN_POINT('',(-2.54,0.254,0.76));
#4621 = VECTOR('',#4622,1.);
#4622 = DIRECTION('',(0.,0.,1.));
#4623 = ORIENTED_EDGE('',*,*,#4624,.F.);
#4624 = EDGE_CURVE('',#4555,#4617,#4625,.T.);
#4625 = LINE('',#4626,#4627);
#4626 = CARTESIAN_POINT('',(-2.54,2.286,0.76));
#4627 = VECTOR('',#4628,1.);
#4628 = DIRECTION('',(0.,-1.,0.));
#4629 = PLANE('',#4630);
#4630 = AXIS2_PLACEMENT_3D('',#4631,#4632,#4633);
#4631 = CARTESIAN_POINT('',(-2.54,2.286,0.76));
#4632 = DIRECTION('',(1.,0.,0.));
#4633 = DIRECTION('',(0.,-1.,0.));
#4634 = ADVANCED_FACE('',(#4635,#4726,#4760,#4794,#4828),#4862,.F.);
#4635 = FACE_BOUND('',#4636,.F.);
#4636 = EDGE_LOOP('',(#4637,#4638,#4639,#4647,#4655,#4663,#4671,#4679,
    #4687,#4695,#4703,#4711,#4719,#4725));
#4637 = ORIENTED_EDGE('',*,*,#4562,.T.);
#4638 = ORIENTED_EDGE('',*,*,#4624,.T.);
#4639 = ORIENTED_EDGE('',*,*,#4640,.T.);
#4640 = EDGE_CURVE('',#4617,#4641,#4643,.T.);
#4641 = VERTEX_POINT('',#4642);
#4642 = CARTESIAN_POINT('',(-2.286,0.,0.76));
#4643 = LINE('',#4644,#4645);
#4644 = CARTESIAN_POINT('',(-2.54,0.254,0.76));
#4645 = VECTOR('',#4646,1.);
#4646 = DIRECTION('',(0.707106781187,-0.707106781187,0.));
#4647 = ORIENTED_EDGE('',*,*,#4648,.T.);
#4648 = EDGE_CURVE('',#4641,#4649,#4651,.T.);
#4649 = VERTEX_POINT('',#4650);
#4650 = CARTESIAN_POINT('',(-2.54,-0.254,0.76));
#4651 = LINE('',#4652,#4653);
#4652 = CARTESIAN_POINT('',(-2.286,0.,0.76));
#4653 = VECTOR('',#4654,1.);
#4654 = DIRECTION('',(-0.707106781187,-0.707106781187,0.));
#4655 = ORIENTED_EDGE('',*,*,#4656,.T.);
#4656 = EDGE_CURVE('',#4649,#4657,#4659,.T.);
#4657 = VERTEX_POINT('',#4658);
#4658 = CARTESIAN_POINT('',(-2.54,-2.286,0.76));
#4659 = LINE('',#4660,#4661);
#4660 = CARTESIAN_POINT('',(-2.54,-0.254,0.76));
#4661 = VECTOR('',#4662,1.);
#4662 = DIRECTION('',(0.,-1.,0.));
#4663 = ORIENTED_EDGE('',*,*,#4664,.T.);
#4664 = EDGE_CURVE('',#4657,#4665,#4667,.T.);
#4665 = VERTEX_POINT('',#4666);
#4666 = CARTESIAN_POINT('',(-2.286,-2.54,0.76));
#4667 = LINE('',#4668,#4669);
#4668 = CARTESIAN_POINT('',(-2.54,-2.286,0.76));
#4669 = VECTOR('',#4670,1.);
#4670 = DIRECTION('',(0.707106781187,-0.707106781187,0.));
#4671 = ORIENTED_EDGE('',*,*,#4672,.T.);
#4672 = EDGE_CURVE('',#4665,#4673,#4675,.T.);
#4673 = VERTEX_POINT('',#4674);
#4674 = CARTESIAN_POINT('',(2.286,-2.54,0.76));
#4675 = LINE('',#4676,#4677);
#4676 = CARTESIAN_POINT('',(-2.286,-2.54,0.76));
#4677 = VECTOR('',#4678,1.);
#4678 = DIRECTION('',(1.,0.,0.));
#4679 = ORIENTED_EDGE('',*,*,#4680,.T.);
#4680 = EDGE_CURVE('',#4673,#4681,#4683,.T.);
#4681 = VERTEX_POINT('',#4682);
#4682 = CARTESIAN_POINT('',(2.54,-2.286,0.76));
#4683 = LINE('',#4684,#4685);
#4684 = CARTESIAN_POINT('',(2.286,-2.54,0.76));
#4685 = VECTOR('',#4686,1.);
#4686 = DIRECTION('',(0.707106781187,0.707106781187,0.));
#4687 = ORIENTED_EDGE('',*,*,#4688,.T.);
#4688 = EDGE_CURVE('',#4681,#4689,#4691,.T.);
#4689 = VERTEX_POINT('',#4690);
#4690 = CARTESIAN_POINT('',(2.54,-0.254,0.76));
#4691 = LINE('',#4692,#4693);
#4692 = CARTESIAN_POINT('',(2.54,-2.286,0.76));
#4693 = VECTOR('',#4694,1.);
#4694 = DIRECTION('',(0.,1.,0.));
#4695 = ORIENTED_EDGE('',*,*,#4696,.T.);
#4696 = EDGE_CURVE('',#4689,#4697,#4699,.T.);
#4697 = VERTEX_POINT('',#4698);
#4698 = CARTESIAN_POINT('',(2.286,0.,0.76));
#4699 = LINE('',#4700,#4701);
#4700 = CARTESIAN_POINT('',(2.54,-0.254,0.76));
#4701 = VECTOR('',#4702,1.);
#4702 = DIRECTION('',(-0.707106781187,0.707106781187,0.));
#4703 = ORIENTED_EDGE('',*,*,#4704,.T.);
#4704 = EDGE_CURVE('',#4697,#4705,#4707,.T.);
#4705 = VERTEX_POINT('',#4706);
#4706 = CARTESIAN_POINT('',(2.54,0.254,0.76));
#4707 = LINE('',#4708,#4709);
#4708 = CARTESIAN_POINT('',(2.286,0.,0.76));
#4709 = VECTOR('',#4710,1.);
#4710 = DIRECTION('',(0.707106781187,0.707106781187,0.));
#4711 = ORIENTED_EDGE('',*,*,#4712,.T.);
#4712 = EDGE_CURVE('',#4705,#4713,#4715,.T.);
#4713 = VERTEX_POINT('',#4714);
#4714 = CARTESIAN_POINT('',(2.54,2.286,0.76));
#4715 = LINE('',#4716,#4717);
#4716 = CARTESIAN_POINT('',(2.54,0.254,0.76));
#4717 = VECTOR('',#4718,1.);
#4718 = DIRECTION('',(0.,1.,0.));
#4719 = ORIENTED_EDGE('',*,*,#4720,.T.);
#4720 = EDGE_CURVE('',#4713,#4577,#4721,.T.);
#4721 = LINE('',#4722,#4723);
#4722 = CARTESIAN_POINT('',(2.54,2.286,0.76));
#4723 = VECTOR('',#4724,1.);
#4724 = DIRECTION('',(-0.707106781187,0.707106781187,0.));
#4725 = ORIENTED_EDGE('',*,*,#4593,.T.);
#4726 = FACE_BOUND('',#4727,.F.);
#4727 = EDGE_LOOP('',(#4728,#4738,#4746,#4754));
#4728 = ORIENTED_EDGE('',*,*,#4729,.F.);
#4729 = EDGE_CURVE('',#4730,#4732,#4734,.T.);
#4730 = VERTEX_POINT('',#4731);
#4731 = CARTESIAN_POINT('',(0.95,1.59,0.76));
#4732 = VERTEX_POINT('',#4733);
#4733 = CARTESIAN_POINT('',(0.95,0.95,0.76));
#4734 = LINE('',#4735,#4736);
#4735 = CARTESIAN_POINT('',(0.95,0.795,0.76));
#4736 = VECTOR('',#4737,1.);
#4737 = DIRECTION('',(0.,-1.,0.));
#4738 = ORIENTED_EDGE('',*,*,#4739,.F.);
#4739 = EDGE_CURVE('',#4740,#4730,#4742,.T.);
#4740 = VERTEX_POINT('',#4741);
#4741 = CARTESIAN_POINT('',(1.59,1.59,0.76));
#4742 = LINE('',#4743,#4744);
#4743 = CARTESIAN_POINT('',(0.790585808581,1.59,0.76));
#4744 = VECTOR('',#4745,1.);
#4745 = DIRECTION('',(-1.,1.011993902524E-31,0.));
#4746 = ORIENTED_EDGE('',*,*,#4747,.F.);
#4747 = EDGE_CURVE('',#4748,#4740,#4750,.T.);
#4748 = VERTEX_POINT('',#4749);
#4749 = CARTESIAN_POINT('',(1.59,0.95,0.76));
#4750 = LINE('',#4751,#4752);
#4751 = CARTESIAN_POINT('',(1.59,0.795,0.76));
#4752 = VECTOR('',#4753,1.);
#4753 = DIRECTION('',(0.,1.,0.));
#4754 = ORIENTED_EDGE('',*,*,#4755,.T.);
#4755 = EDGE_CURVE('',#4748,#4732,#4756,.T.);
#4756 = LINE('',#4757,#4758);
#4757 = CARTESIAN_POINT('',(0.790585808581,0.95,0.76));
#4758 = VECTOR('',#4759,1.);
#4759 = DIRECTION('',(-1.,1.011993902524E-31,0.));
#4760 = FACE_BOUND('',#4761,.F.);
#4761 = EDGE_LOOP('',(#4762,#4772,#4780,#4788));
#4762 = ORIENTED_EDGE('',*,*,#4763,.F.);
#4763 = EDGE_CURVE('',#4764,#4766,#4768,.T.);
#4764 = VERTEX_POINT('',#4765);
#4765 = CARTESIAN_POINT('',(-1.59,0.95,0.76));
#4766 = VERTEX_POINT('',#4767);
#4767 = CARTESIAN_POINT('',(-0.95,0.95,0.76));
#4768 = LINE('',#4769,#4770);
#4769 = CARTESIAN_POINT('',(-0.790585808581,0.95,0.76));
#4770 = VECTOR('',#4771,1.);
#4771 = DIRECTION('',(1.,1.011993902524E-31,0.));
#4772 = ORIENTED_EDGE('',*,*,#4773,.T.);
#4773 = EDGE_CURVE('',#4764,#4774,#4776,.T.);
#4774 = VERTEX_POINT('',#4775);
#4775 = CARTESIAN_POINT('',(-1.59,1.59,0.76));
#4776 = LINE('',#4777,#4778);
#4777 = CARTESIAN_POINT('',(-1.59,0.795,0.76));
#4778 = VECTOR('',#4779,1.);
#4779 = DIRECTION('',(0.,1.,0.));
#4780 = ORIENTED_EDGE('',*,*,#4781,.T.);
#4781 = EDGE_CURVE('',#4774,#4782,#4784,.T.);
#4782 = VERTEX_POINT('',#4783);
#4783 = CARTESIAN_POINT('',(-0.95,1.59,0.76));
#4784 = LINE('',#4785,#4786);
#4785 = CARTESIAN_POINT('',(-0.790585808581,1.59,0.76));
#4786 = VECTOR('',#4787,1.);
#4787 = DIRECTION('',(1.,1.011993902524E-31,0.));
#4788 = ORIENTED_EDGE('',*,*,#4789,.T.);
#4789 = EDGE_CURVE('',#4782,#4766,#4790,.T.);
#4790 = LINE('',#4791,#4792);
#4791 = CARTESIAN_POINT('',(-0.95,0.795,0.76));
#4792 = VECTOR('',#4793,1.);
#4793 = DIRECTION('',(0.,-1.,0.));
#4794 = FACE_BOUND('',#4795,.F.);
#4795 = EDGE_LOOP('',(#4796,#4806,#4814,#4822));
#4796 = ORIENTED_EDGE('',*,*,#4797,.F.);
#4797 = EDGE_CURVE('',#4798,#4800,#4802,.T.);
#4798 = VERTEX_POINT('',#4799);
#4799 = CARTESIAN_POINT('',(-1.59,-1.59,0.76));
#4800 = VERTEX_POINT('',#4801);
#4801 = CARTESIAN_POINT('',(-0.95,-1.59,0.76));
#4802 = LINE('',#4803,#4804);
#4803 = CARTESIAN_POINT('',(-0.790585808581,-1.59,0.76));
#4804 = VECTOR('',#4805,1.);
#4805 = DIRECTION('',(1.,1.011993902524E-31,0.));
#4806 = ORIENTED_EDGE('',*,*,#4807,.T.);
#4807 = EDGE_CURVE('',#4798,#4808,#4810,.T.);
#4808 = VERTEX_POINT('',#4809);
#4809 = CARTESIAN_POINT('',(-1.59,-0.95,0.76));
#4810 = LINE('',#4811,#4812);
#4811 = CARTESIAN_POINT('',(-1.59,-0.475,0.76));
#4812 = VECTOR('',#4813,1.);
#4813 = DIRECTION('',(0.,1.,0.));
#4814 = ORIENTED_EDGE('',*,*,#4815,.T.);
#4815 = EDGE_CURVE('',#4808,#4816,#4818,.T.);
#4816 = VERTEX_POINT('',#4817);
#4817 = CARTESIAN_POINT('',(-0.95,-0.95,0.76));
#4818 = LINE('',#4819,#4820);
#4819 = CARTESIAN_POINT('',(-0.790585808581,-0.95,0.76));
#4820 = VECTOR('',#4821,1.);
#4821 = DIRECTION('',(1.,1.011993902524E-31,0.));
#4822 = ORIENTED_EDGE('',*,*,#4823,.T.);
#4823 = EDGE_CURVE('',#4816,#4800,#4824,.T.);
#4824 = LINE('',#4825,#4826);
#4825 = CARTESIAN_POINT('',(-0.95,-0.475,0.76));
#4826 = VECTOR('',#4827,1.);
#4827 = DIRECTION('',(0.,-1.,0.));
#4828 = FACE_BOUND('',#4829,.F.);
#4829 = EDGE_LOOP('',(#4830,#4840,#4848,#4856));
#4830 = ORIENTED_EDGE('',*,*,#4831,.F.);
#4831 = EDGE_CURVE('',#4832,#4834,#4836,.T.);
#4832 = VERTEX_POINT('',#4833);
#4833 = CARTESIAN_POINT('',(1.59,-0.95,0.76));
#4834 = VERTEX_POINT('',#4835);
#4835 = CARTESIAN_POINT('',(0.95,-0.95,0.76));
#4836 = LINE('',#4837,#4838);
#4837 = CARTESIAN_POINT('',(0.790585808581,-0.95,0.76));
#4838 = VECTOR('',#4839,1.);
#4839 = DIRECTION('',(-1.,1.011993902524E-31,0.));
#4840 = ORIENTED_EDGE('',*,*,#4841,.F.);
#4841 = EDGE_CURVE('',#4842,#4832,#4844,.T.);
#4842 = VERTEX_POINT('',#4843);
#4843 = CARTESIAN_POINT('',(1.59,-1.59,0.76));
#4844 = LINE('',#4845,#4846);
#4845 = CARTESIAN_POINT('',(1.59,-0.475,0.76));
#4846 = VECTOR('',#4847,1.);
#4847 = DIRECTION('',(0.,1.,0.));
#4848 = ORIENTED_EDGE('',*,*,#4849,.T.);
#4849 = EDGE_CURVE('',#4842,#4850,#4852,.T.);
#4850 = VERTEX_POINT('',#4851);
#4851 = CARTESIAN_POINT('',(0.95,-1.59,0.76));
#4852 = LINE('',#4853,#4854);
#4853 = CARTESIAN_POINT('',(0.790585808581,-1.59,0.76));
#4854 = VECTOR('',#4855,1.);
#4855 = DIRECTION('',(-1.,1.011993902524E-31,0.));
#4856 = ORIENTED_EDGE('',*,*,#4857,.F.);
#4857 = EDGE_CURVE('',#4834,#4850,#4858,.T.);
#4858 = LINE('',#4859,#4860);
#4859 = CARTESIAN_POINT('',(0.95,-0.475,0.76));
#4860 = VECTOR('',#4861,1.);
#4861 = DIRECTION('',(0.,-1.,0.));
#4862 = PLANE('',#4863);
#4863 = AXIS2_PLACEMENT_3D('',#4864,#4865,#4866);
#4864 = CARTESIAN_POINT('',(4.408778126842E-17,0.,0.76));
#4865 = DIRECTION('',(0.,0.,1.));
#4866 = DIRECTION('',(1.,0.,-0.));
#4867 = ADVANCED_FACE('',(#4868,#4959,#4993,#5027,#5061),#5095,.T.);
#4868 = FACE_BOUND('',#4869,.T.);
#4869 = EDGE_LOOP('',(#4870,#4871,#4872,#4880,#4888,#4896,#4904,#4912,
    #4920,#4928,#4936,#4944,#4952,#4958));
#4870 = ORIENTED_EDGE('',*,*,#4546,.T.);
#4871 = ORIENTED_EDGE('',*,*,#4608,.T.);
#4872 = ORIENTED_EDGE('',*,*,#4873,.T.);
#4873 = EDGE_CURVE('',#4609,#4874,#4876,.T.);
#4874 = VERTEX_POINT('',#4875);
#4875 = CARTESIAN_POINT('',(-2.286,0.,3.3));
#4876 = LINE('',#4877,#4878);
#4877 = CARTESIAN_POINT('',(-2.54,0.254,3.3));
#4878 = VECTOR('',#4879,1.);
#4879 = DIRECTION('',(0.707106781187,-0.707106781187,0.));
#4880 = ORIENTED_EDGE('',*,*,#4881,.T.);
#4881 = EDGE_CURVE('',#4874,#4882,#4884,.T.);
#4882 = VERTEX_POINT('',#4883);
#4883 = CARTESIAN_POINT('',(-2.54,-0.254,3.3));
#4884 = LINE('',#4885,#4886);
#4885 = CARTESIAN_POINT('',(-2.286,0.,3.3));
#4886 = VECTOR('',#4887,1.);
#4887 = DIRECTION('',(-0.707106781187,-0.707106781187,0.));
#4888 = ORIENTED_EDGE('',*,*,#4889,.T.);
#4889 = EDGE_CURVE('',#4882,#4890,#4892,.T.);
#4890 = VERTEX_POINT('',#4891);
#4891 = CARTESIAN_POINT('',(-2.54,-2.286,3.3));
#4892 = LINE('',#4893,#4894);
#4893 = CARTESIAN_POINT('',(-2.54,-0.254,3.3));
#4894 = VECTOR('',#4895,1.);
#4895 = DIRECTION('',(0.,-1.,0.));
#4896 = ORIENTED_EDGE('',*,*,#4897,.T.);
#4897 = EDGE_CURVE('',#4890,#4898,#4900,.T.);
#4898 = VERTEX_POINT('',#4899);
#4899 = CARTESIAN_POINT('',(-2.286,-2.54,3.3));
#4900 = LINE('',#4901,#4902);
#4901 = CARTESIAN_POINT('',(-2.54,-2.286,3.3));
#4902 = VECTOR('',#4903,1.);
#4903 = DIRECTION('',(0.707106781187,-0.707106781187,0.));
#4904 = ORIENTED_EDGE('',*,*,#4905,.T.);
#4905 = EDGE_CURVE('',#4898,#4906,#4908,.T.);
#4906 = VERTEX_POINT('',#4907);
#4907 = CARTESIAN_POINT('',(2.286,-2.54,3.3));
#4908 = LINE('',#4909,#4910);
#4909 = CARTESIAN_POINT('',(-2.286,-2.54,3.3));
#4910 = VECTOR('',#4911,1.);
#4911 = DIRECTION('',(1.,0.,0.));
#4912 = ORIENTED_EDGE('',*,*,#4913,.T.);
#4913 = EDGE_CURVE('',#4906,#4914,#4916,.T.);
#4914 = VERTEX_POINT('',#4915);
#4915 = CARTESIAN_POINT('',(2.54,-2.286,3.3));
#4916 = LINE('',#4917,#4918);
#4917 = CARTESIAN_POINT('',(2.286,-2.54,3.3));
#4918 = VECTOR('',#4919,1.);
#4919 = DIRECTION('',(0.707106781187,0.707106781187,0.));
#4920 = ORIENTED_EDGE('',*,*,#4921,.T.);
#4921 = EDGE_CURVE('',#4914,#4922,#4924,.T.);
#4922 = VERTEX_POINT('',#4923);
#4923 = CARTESIAN_POINT('',(2.54,-0.254,3.3));
#4924 = LINE('',#4925,#4926);
#4925 = CARTESIAN_POINT('',(2.54,-2.286,3.3));
#4926 = VECTOR('',#4927,1.);
#4927 = DIRECTION('',(0.,1.,0.));
#4928 = ORIENTED_EDGE('',*,*,#4929,.T.);
#4929 = EDGE_CURVE('',#4922,#4930,#4932,.T.);
#4930 = VERTEX_POINT('',#4931);
#4931 = CARTESIAN_POINT('',(2.286,0.,3.3));
#4932 = LINE('',#4933,#4934);
#4933 = CARTESIAN_POINT('',(2.54,-0.254,3.3));
#4934 = VECTOR('',#4935,1.);
#4935 = DIRECTION('',(-0.707106781187,0.707106781187,0.));
#4936 = ORIENTED_EDGE('',*,*,#4937,.T.);
#4937 = EDGE_CURVE('',#4930,#4938,#4940,.T.);
#4938 = VERTEX_POINT('',#4939);
#4939 = CARTESIAN_POINT('',(2.54,0.254,3.3));
#4940 = LINE('',#4941,#4942);
#4941 = CARTESIAN_POINT('',(2.286,0.,3.3));
#4942 = VECTOR('',#4943,1.);
#4943 = DIRECTION('',(0.707106781187,0.707106781187,0.));
#4944 = ORIENTED_EDGE('',*,*,#4945,.T.);
#4945 = EDGE_CURVE('',#4938,#4946,#4948,.T.);
#4946 = VERTEX_POINT('',#4947);
#4947 = CARTESIAN_POINT('',(2.54,2.286,3.3));
#4948 = LINE('',#4949,#4950);
#4949 = CARTESIAN_POINT('',(2.54,0.254,3.3));
#4950 = VECTOR('',#4951,1.);
#4951 = DIRECTION('',(0.,1.,0.));
#4952 = ORIENTED_EDGE('',*,*,#4953,.T.);
#4953 = EDGE_CURVE('',#4946,#4579,#4954,.T.);
#4954 = LINE('',#4955,#4956);
#4955 = CARTESIAN_POINT('',(2.54,2.286,3.3));
#4956 = VECTOR('',#4957,1.);
#4957 = DIRECTION('',(-0.707106781187,0.707106781187,0.));
#4958 = ORIENTED_EDGE('',*,*,#4586,.T.);
#4959 = FACE_BOUND('',#4960,.T.);
#4960 = EDGE_LOOP('',(#4961,#4971,#4979,#4987));
#4961 = ORIENTED_EDGE('',*,*,#4962,.F.);
#4962 = EDGE_CURVE('',#4963,#4965,#4967,.T.);
#4963 = VERTEX_POINT('',#4964);
#4964 = CARTESIAN_POINT('',(0.95,1.59,3.3));
#4965 = VERTEX_POINT('',#4966);
#4966 = CARTESIAN_POINT('',(0.95,0.95,3.3));
#4967 = LINE('',#4968,#4969);
#4968 = CARTESIAN_POINT('',(0.95,0.795,3.3));
#4969 = VECTOR('',#4970,1.);
#4970 = DIRECTION('',(0.,-1.,0.));
#4971 = ORIENTED_EDGE('',*,*,#4972,.F.);
#4972 = EDGE_CURVE('',#4973,#4963,#4975,.T.);
#4973 = VERTEX_POINT('',#4974);
#4974 = CARTESIAN_POINT('',(1.59,1.59,3.3));
#4975 = LINE('',#4976,#4977);
#4976 = CARTESIAN_POINT('',(0.790585808581,1.59,3.3));
#4977 = VECTOR('',#4978,1.);
#4978 = DIRECTION('',(-1.,1.011993902524E-31,0.));
#4979 = ORIENTED_EDGE('',*,*,#4980,.F.);
#4980 = EDGE_CURVE('',#4981,#4973,#4983,.T.);
#4981 = VERTEX_POINT('',#4982);
#4982 = CARTESIAN_POINT('',(1.59,0.95,3.3));
#4983 = LINE('',#4984,#4985);
#4984 = CARTESIAN_POINT('',(1.59,0.795,3.3));
#4985 = VECTOR('',#4986,1.);
#4986 = DIRECTION('',(0.,1.,0.));
#4987 = ORIENTED_EDGE('',*,*,#4988,.T.);
#4988 = EDGE_CURVE('',#4981,#4965,#4989,.T.);
#4989 = LINE('',#4990,#4991);
#4990 = CARTESIAN_POINT('',(0.790585808581,0.95,3.3));
#4991 = VECTOR('',#4992,1.);
#4992 = DIRECTION('',(-1.,1.011993902524E-31,0.));
#4993 = FACE_BOUND('',#4994,.T.);
#4994 = EDGE_LOOP('',(#4995,#5005,#5013,#5021));
#4995 = ORIENTED_EDGE('',*,*,#4996,.F.);
#4996 = EDGE_CURVE('',#4997,#4999,#5001,.T.);
#4997 = VERTEX_POINT('',#4998);
#4998 = CARTESIAN_POINT('',(-1.59,0.95,3.3));
#4999 = VERTEX_POINT('',#5000);
#5000 = CARTESIAN_POINT('',(-0.95,0.95,3.3));
#5001 = LINE('',#5002,#5003);
#5002 = CARTESIAN_POINT('',(-0.790585808581,0.95,3.3));
#5003 = VECTOR('',#5004,1.);
#5004 = DIRECTION('',(1.,1.011993902524E-31,0.));
#5005 = ORIENTED_EDGE('',*,*,#5006,.T.);
#5006 = EDGE_CURVE('',#4997,#5007,#5009,.T.);
#5007 = VERTEX_POINT('',#5008);
#5008 = CARTESIAN_POINT('',(-1.59,1.59,3.3));
#5009 = LINE('',#5010,#5011);
#5010 = CARTESIAN_POINT('',(-1.59,0.795,3.3));
#5011 = VECTOR('',#5012,1.);
#5012 = DIRECTION('',(0.,1.,0.));
#5013 = ORIENTED_EDGE('',*,*,#5014,.T.);
#5014 = EDGE_CURVE('',#5007,#5015,#5017,.T.);
#5015 = VERTEX_POINT('',#5016);
#5016 = CARTESIAN_POINT('',(-0.95,1.59,3.3));
#5017 = LINE('',#5018,#5019);
#5018 = CARTESIAN_POINT('',(-0.790585808581,1.59,3.3));
#5019 = VECTOR('',#5020,1.);
#5020 = DIRECTION('',(1.,1.011993902524E-31,0.));
#5021 = ORIENTED_EDGE('',*,*,#5022,.T.);
#5022 = EDGE_CURVE('',#5015,#4999,#5023,.T.);
#5023 = LINE('',#5024,#5025);
#5024 = CARTESIAN_POINT('',(-0.95,0.795,3.3));
#5025 = VECTOR('',#5026,1.);
#5026 = DIRECTION('',(0.,-1.,0.));
#5027 = FACE_BOUND('',#5028,.T.);
#5028 = EDGE_LOOP('',(#5029,#5039,#5047,#5055));
#5029 = ORIENTED_EDGE('',*,*,#5030,.F.);
#5030 = EDGE_CURVE('',#5031,#5033,#5035,.T.);
#5031 = VERTEX_POINT('',#5032);
#5032 = CARTESIAN_POINT('',(-1.59,-1.59,3.3));
#5033 = VERTEX_POINT('',#5034);
#5034 = CARTESIAN_POINT('',(-0.95,-1.59,3.3));
#5035 = LINE('',#5036,#5037);
#5036 = CARTESIAN_POINT('',(-0.790585808581,-1.59,3.3));
#5037 = VECTOR('',#5038,1.);
#5038 = DIRECTION('',(1.,1.011993902524E-31,0.));
#5039 = ORIENTED_EDGE('',*,*,#5040,.T.);
#5040 = EDGE_CURVE('',#5031,#5041,#5043,.T.);
#5041 = VERTEX_POINT('',#5042);
#5042 = CARTESIAN_POINT('',(-1.59,-0.95,3.3));
#5043 = LINE('',#5044,#5045);
#5044 = CARTESIAN_POINT('',(-1.59,-0.475,3.3));
#5045 = VECTOR('',#5046,1.);
#5046 = DIRECTION('',(0.,1.,0.));
#5047 = ORIENTED_EDGE('',*,*,#5048,.T.);
#5048 = EDGE_CURVE('',#5041,#5049,#5051,.T.);
#5049 = VERTEX_POINT('',#5050);
#5050 = CARTESIAN_POINT('',(-0.95,-0.95,3.3));
#5051 = LINE('',#5052,#5053);
#5052 = CARTESIAN_POINT('',(-0.790585808581,-0.95,3.3));
#5053 = VECTOR('',#5054,1.);
#5054 = DIRECTION('',(1.,1.011993902524E-31,0.));
#5055 = ORIENTED_EDGE('',*,*,#5056,.T.);
#5056 = EDGE_CURVE('',#5049,#5033,#5057,.T.);
#5057 = LINE('',#5058,#5059);
#5058 = CARTESIAN_POINT('',(-0.95,-0.475,3.3));
#5059 = VECTOR('',#5060,1.);
#5060 = DIRECTION('',(0.,-1.,0.));
#5061 = FACE_BOUND('',#5062,.T.);
#5062 = EDGE_LOOP('',(#5063,#5073,#5081,#5089));
#5063 = ORIENTED_EDGE('',*,*,#5064,.F.);
#5064 = EDGE_CURVE('',#5065,#5067,#5069,.T.);
#5065 = VERTEX_POINT('',#5066);
#5066 = CARTESIAN_POINT('',(1.59,-0.95,3.3));
#5067 = VERTEX_POINT('',#5068);
#5068 = CARTESIAN_POINT('',(0.95,-0.95,3.3));
#5069 = LINE('',#5070,#5071);
#5070 = CARTESIAN_POINT('',(0.790585808581,-0.95,3.3));
#5071 = VECTOR('',#5072,1.);
#5072 = DIRECTION('',(-1.,1.011993902524E-31,0.));
#5073 = ORIENTED_EDGE('',*,*,#5074,.F.);
#5074 = EDGE_CURVE('',#5075,#5065,#5077,.T.);
#5075 = VERTEX_POINT('',#5076);
#5076 = CARTESIAN_POINT('',(1.59,-1.59,3.3));
#5077 = LINE('',#5078,#5079);
#5078 = CARTESIAN_POINT('',(1.59,-0.475,3.3));
#5079 = VECTOR('',#5080,1.);
#5080 = DIRECTION('',(0.,1.,0.));
#5081 = ORIENTED_EDGE('',*,*,#5082,.T.);
#5082 = EDGE_CURVE('',#5075,#5083,#5085,.T.);
#5083 = VERTEX_POINT('',#5084);
#5084 = CARTESIAN_POINT('',(0.95,-1.59,3.3));
#5085 = LINE('',#5086,#5087);
#5086 = CARTESIAN_POINT('',(0.790585808581,-1.59,3.3));
#5087 = VECTOR('',#5088,1.);
#5088 = DIRECTION('',(-1.,1.011993902524E-31,0.));
#5089 = ORIENTED_EDGE('',*,*,#5090,.F.);
#5090 = EDGE_CURVE('',#5067,#5083,#5091,.T.);
#5091 = LINE('',#5092,#5093);
#5092 = CARTESIAN_POINT('',(0.95,-0.475,3.3));
#5093 = VECTOR('',#5094,1.);
#5094 = DIRECTION('',(0.,-1.,0.));
#5095 = PLANE('',#5096);
#5096 = AXIS2_PLACEMENT_3D('',#5097,#5098,#5099);
#5097 = CARTESIAN_POINT('',(4.408778126842E-17,0.,3.3));
#5098 = DIRECTION('',(0.,0.,1.));
#5099 = DIRECTION('',(1.,0.,-0.));
#5100 = ADVANCED_FACE('',(#5101),#5112,.F.);
#5101 = FACE_BOUND('',#5102,.F.);
#5102 = EDGE_LOOP('',(#5103,#5109,#5110,#5111));
#5103 = ORIENTED_EDGE('',*,*,#5104,.T.);
#5104 = EDGE_CURVE('',#4713,#4946,#5105,.T.);
#5105 = LINE('',#5106,#5107);
#5106 = CARTESIAN_POINT('',(2.54,2.286,0.76));
#5107 = VECTOR('',#5108,1.);
#5108 = DIRECTION('',(0.,0.,1.));
#5109 = ORIENTED_EDGE('',*,*,#4953,.T.);
#5110 = ORIENTED_EDGE('',*,*,#4576,.F.);
#5111 = ORIENTED_EDGE('',*,*,#4720,.F.);
#5112 = PLANE('',#5113);
#5113 = AXIS2_PLACEMENT_3D('',#5114,#5115,#5116);
#5114 = CARTESIAN_POINT('',(2.54,2.286,0.76));
#5115 = DIRECTION('',(-0.707106781187,-0.707106781187,0.));
#5116 = DIRECTION('',(-0.707106781187,0.707106781187,0.));
#5117 = ADVANCED_FACE('',(#5118),#5129,.F.);
#5118 = FACE_BOUND('',#5119,.F.);
#5119 = EDGE_LOOP('',(#5120,#5121,#5122,#5128));
#5120 = ORIENTED_EDGE('',*,*,#4616,.T.);
#5121 = ORIENTED_EDGE('',*,*,#4873,.T.);
#5122 = ORIENTED_EDGE('',*,*,#5123,.F.);
#5123 = EDGE_CURVE('',#4641,#4874,#5124,.T.);
#5124 = LINE('',#5125,#5126);
#5125 = CARTESIAN_POINT('',(-2.286,0.,0.76));
#5126 = VECTOR('',#5127,1.);
#5127 = DIRECTION('',(0.,0.,1.));
#5128 = ORIENTED_EDGE('',*,*,#4640,.F.);
#5129 = PLANE('',#5130);
#5130 = AXIS2_PLACEMENT_3D('',#5131,#5132,#5133);
#5131 = CARTESIAN_POINT('',(-2.54,0.254,0.76));
#5132 = DIRECTION('',(0.707106781187,0.707106781187,0.));
#5133 = DIRECTION('',(0.707106781187,-0.707106781187,0.));
#5134 = ADVANCED_FACE('',(#5135),#5146,.F.);
#5135 = FACE_BOUND('',#5136,.F.);
#5136 = EDGE_LOOP('',(#5137,#5143,#5144,#5145));
#5137 = ORIENTED_EDGE('',*,*,#5138,.T.);
#5138 = EDGE_CURVE('',#4705,#4938,#5139,.T.);
#5139 = LINE('',#5140,#5141);
#5140 = CARTESIAN_POINT('',(2.54,0.254,0.76));
#5141 = VECTOR('',#5142,1.);
#5142 = DIRECTION('',(0.,0.,1.));
#5143 = ORIENTED_EDGE('',*,*,#4945,.T.);
#5144 = ORIENTED_EDGE('',*,*,#5104,.F.);
#5145 = ORIENTED_EDGE('',*,*,#4712,.F.);
#5146 = PLANE('',#5147);
#5147 = AXIS2_PLACEMENT_3D('',#5148,#5149,#5150);
#5148 = CARTESIAN_POINT('',(2.54,0.254,0.76));
#5149 = DIRECTION('',(-1.,0.,0.));
#5150 = DIRECTION('',(0.,1.,0.));
#5151 = ADVANCED_FACE('',(#5152),#5163,.F.);
#5152 = FACE_BOUND('',#5153,.F.);
#5153 = EDGE_LOOP('',(#5154,#5155,#5156,#5162));
#5154 = ORIENTED_EDGE('',*,*,#5123,.T.);
#5155 = ORIENTED_EDGE('',*,*,#4881,.T.);
#5156 = ORIENTED_EDGE('',*,*,#5157,.F.);
#5157 = EDGE_CURVE('',#4649,#4882,#5158,.T.);
#5158 = LINE('',#5159,#5160);
#5159 = CARTESIAN_POINT('',(-2.54,-0.254,0.76));
#5160 = VECTOR('',#5161,1.);
#5161 = DIRECTION('',(0.,0.,1.));
#5162 = ORIENTED_EDGE('',*,*,#4648,.F.);
#5163 = PLANE('',#5164);
#5164 = AXIS2_PLACEMENT_3D('',#5165,#5166,#5167);
#5165 = CARTESIAN_POINT('',(-2.286,0.,0.76));
#5166 = DIRECTION('',(0.707106781187,-0.707106781187,0.));
#5167 = DIRECTION('',(-0.707106781187,-0.707106781187,0.));
#5168 = ADVANCED_FACE('',(#5169),#5180,.F.);
#5169 = FACE_BOUND('',#5170,.F.);
#5170 = EDGE_LOOP('',(#5171,#5177,#5178,#5179));
#5171 = ORIENTED_EDGE('',*,*,#5172,.T.);
#5172 = EDGE_CURVE('',#4697,#4930,#5173,.T.);
#5173 = LINE('',#5174,#5175);
#5174 = CARTESIAN_POINT('',(2.286,0.,0.76));
#5175 = VECTOR('',#5176,1.);
#5176 = DIRECTION('',(0.,0.,1.));
#5177 = ORIENTED_EDGE('',*,*,#4937,.T.);
#5178 = ORIENTED_EDGE('',*,*,#5138,.F.);
#5179 = ORIENTED_EDGE('',*,*,#4704,.F.);
#5180 = PLANE('',#5181);
#5181 = AXIS2_PLACEMENT_3D('',#5182,#5183,#5184);
#5182 = CARTESIAN_POINT('',(2.286,0.,0.76));
#5183 = DIRECTION('',(-0.707106781187,0.707106781187,0.));
#5184 = DIRECTION('',(0.707106781187,0.707106781187,0.));
#5185 = ADVANCED_FACE('',(#5186),#5197,.F.);
#5186 = FACE_BOUND('',#5187,.F.);
#5187 = EDGE_LOOP('',(#5188,#5189,#5190,#5196));
#5188 = ORIENTED_EDGE('',*,*,#5157,.T.);
#5189 = ORIENTED_EDGE('',*,*,#4889,.T.);
#5190 = ORIENTED_EDGE('',*,*,#5191,.F.);
#5191 = EDGE_CURVE('',#4657,#4890,#5192,.T.);
#5192 = LINE('',#5193,#5194);
#5193 = CARTESIAN_POINT('',(-2.54,-2.286,0.76));
#5194 = VECTOR('',#5195,1.);
#5195 = DIRECTION('',(0.,0.,1.));
#5196 = ORIENTED_EDGE('',*,*,#4656,.F.);
#5197 = PLANE('',#5198);
#5198 = AXIS2_PLACEMENT_3D('',#5199,#5200,#5201);
#5199 = CARTESIAN_POINT('',(-2.54,-0.254,0.76));
#5200 = DIRECTION('',(1.,0.,0.));
#5201 = DIRECTION('',(0.,-1.,0.));
#5202 = ADVANCED_FACE('',(#5203),#5214,.F.);
#5203 = FACE_BOUND('',#5204,.F.);
#5204 = EDGE_LOOP('',(#5205,#5211,#5212,#5213));
#5205 = ORIENTED_EDGE('',*,*,#5206,.T.);
#5206 = EDGE_CURVE('',#4689,#4922,#5207,.T.);
#5207 = LINE('',#5208,#5209);
#5208 = CARTESIAN_POINT('',(2.54,-0.254,0.76));
#5209 = VECTOR('',#5210,1.);
#5210 = DIRECTION('',(0.,0.,1.));
#5211 = ORIENTED_EDGE('',*,*,#4929,.T.);
#5212 = ORIENTED_EDGE('',*,*,#5172,.F.);
#5213 = ORIENTED_EDGE('',*,*,#4696,.F.);
#5214 = PLANE('',#5215);
#5215 = AXIS2_PLACEMENT_3D('',#5216,#5217,#5218);
#5216 = CARTESIAN_POINT('',(2.54,-0.254,0.76));
#5217 = DIRECTION('',(-0.707106781187,-0.707106781187,0.));
#5218 = DIRECTION('',(-0.707106781187,0.707106781187,0.));
#5219 = ADVANCED_FACE('',(#5220),#5231,.F.);
#5220 = FACE_BOUND('',#5221,.F.);
#5221 = EDGE_LOOP('',(#5222,#5223,#5224,#5230));
#5222 = ORIENTED_EDGE('',*,*,#5191,.T.);
#5223 = ORIENTED_EDGE('',*,*,#4897,.T.);
#5224 = ORIENTED_EDGE('',*,*,#5225,.F.);
#5225 = EDGE_CURVE('',#4665,#4898,#5226,.T.);
#5226 = LINE('',#5227,#5228);
#5227 = CARTESIAN_POINT('',(-2.286,-2.54,0.76));
#5228 = VECTOR('',#5229,1.);
#5229 = DIRECTION('',(0.,0.,1.));
#5230 = ORIENTED_EDGE('',*,*,#4664,.F.);
#5231 = PLANE('',#5232);
#5232 = AXIS2_PLACEMENT_3D('',#5233,#5234,#5235);
#5233 = CARTESIAN_POINT('',(-2.54,-2.286,0.76));
#5234 = DIRECTION('',(0.707106781187,0.707106781187,0.));
#5235 = DIRECTION('',(0.707106781187,-0.707106781187,0.));
#5236 = ADVANCED_FACE('',(#5237),#5248,.F.);
#5237 = FACE_BOUND('',#5238,.F.);
#5238 = EDGE_LOOP('',(#5239,#5245,#5246,#5247));
#5239 = ORIENTED_EDGE('',*,*,#5240,.T.);
#5240 = EDGE_CURVE('',#4681,#4914,#5241,.T.);
#5241 = LINE('',#5242,#5243);
#5242 = CARTESIAN_POINT('',(2.54,-2.286,0.76));
#5243 = VECTOR('',#5244,1.);
#5244 = DIRECTION('',(0.,0.,1.));
#5245 = ORIENTED_EDGE('',*,*,#4921,.T.);
#5246 = ORIENTED_EDGE('',*,*,#5206,.F.);
#5247 = ORIENTED_EDGE('',*,*,#4688,.F.);
#5248 = PLANE('',#5249);
#5249 = AXIS2_PLACEMENT_3D('',#5250,#5251,#5252);
#5250 = CARTESIAN_POINT('',(2.54,-2.286,0.76));
#5251 = DIRECTION('',(-1.,0.,0.));
#5252 = DIRECTION('',(0.,1.,0.));
#5253 = ADVANCED_FACE('',(#5254),#5265,.F.);
#5254 = FACE_BOUND('',#5255,.F.);
#5255 = EDGE_LOOP('',(#5256,#5257,#5258,#5264));
#5256 = ORIENTED_EDGE('',*,*,#5225,.T.);
#5257 = ORIENTED_EDGE('',*,*,#4905,.T.);
#5258 = ORIENTED_EDGE('',*,*,#5259,.F.);
#5259 = EDGE_CURVE('',#4673,#4906,#5260,.T.);
#5260 = LINE('',#5261,#5262);
#5261 = CARTESIAN_POINT('',(2.286,-2.54,0.76));
#5262 = VECTOR('',#5263,1.);
#5263 = DIRECTION('',(0.,0.,1.));
#5264 = ORIENTED_EDGE('',*,*,#4672,.F.);
#5265 = PLANE('',#5266);
#5266 = AXIS2_PLACEMENT_3D('',#5267,#5268,#5269);
#5267 = CARTESIAN_POINT('',(-2.286,-2.54,0.76));
#5268 = DIRECTION('',(0.,1.,0.));
#5269 = DIRECTION('',(1.,0.,0.));
#5270 = ADVANCED_FACE('',(#5271),#5277,.F.);
#5271 = FACE_BOUND('',#5272,.F.);
#5272 = EDGE_LOOP('',(#5273,#5274,#5275,#5276));
#5273 = ORIENTED_EDGE('',*,*,#5259,.T.);
#5274 = ORIENTED_EDGE('',*,*,#4913,.T.);
#5275 = ORIENTED_EDGE('',*,*,#5240,.F.);
#5276 = ORIENTED_EDGE('',*,*,#4680,.F.);
#5277 = PLANE('',#5278);
#5278 = AXIS2_PLACEMENT_3D('',#5279,#5280,#5281);
#5279 = CARTESIAN_POINT('',(2.286,-2.54,0.76));
#5280 = DIRECTION('',(-0.707106781187,0.707106781187,0.));
#5281 = DIRECTION('',(0.707106781187,0.707106781187,0.));
#5282 = ADVANCED_FACE('',(#5283),#5308,.T.);
#5283 = FACE_BOUND('',#5284,.T.);
#5284 = EDGE_LOOP('',(#5285,#5293,#5301,#5307));
#5285 = ORIENTED_EDGE('',*,*,#5286,.F.);
#5286 = EDGE_CURVE('',#5287,#4730,#5289,.T.);
#5287 = VERTEX_POINT('',#5288);
#5288 = CARTESIAN_POINT('',(0.95,1.59,0.64));
#5289 = LINE('',#5290,#5291);
#5290 = CARTESIAN_POINT('',(0.95,1.59,5.551115123126E-16));
#5291 = VECTOR('',#5292,1.);
#5292 = DIRECTION('',(2.387576397043E-17,0.,1.));
#5293 = ORIENTED_EDGE('',*,*,#5294,.T.);
#5294 = EDGE_CURVE('',#5287,#5295,#5297,.T.);
#5295 = VERTEX_POINT('',#5296);
#5296 = CARTESIAN_POINT('',(0.95,0.95,0.64));
#5297 = LINE('',#5298,#5299);
#5298 = CARTESIAN_POINT('',(0.95,1.59,0.64));
#5299 = VECTOR('',#5300,1.);
#5300 = DIRECTION('',(0.,-1.,0.));
#5301 = ORIENTED_EDGE('',*,*,#5302,.T.);
#5302 = EDGE_CURVE('',#5295,#4732,#5303,.T.);
#5303 = LINE('',#5304,#5305);
#5304 = CARTESIAN_POINT('',(0.95,0.95,5.551115123126E-16));
#5305 = VECTOR('',#5306,1.);
#5306 = DIRECTION('',(2.387576397043E-17,0.,1.));
#5307 = ORIENTED_EDGE('',*,*,#4729,.F.);
#5308 = PLANE('',#5309);
#5309 = AXIS2_PLACEMENT_3D('',#5310,#5311,#5312);
#5310 = CARTESIAN_POINT('',(0.95,1.59,5.551115123126E-16));
#5311 = DIRECTION('',(-1.,0.,2.387576397043E-17));
#5312 = DIRECTION('',(2.387576397043E-17,0.,1.));
#5313 = ADVANCED_FACE('',(#5314),#5357,.F.);
#5314 = FACE_BOUND('',#5315,.F.);
#5315 = EDGE_LOOP('',(#5316,#5326,#5334,#5341,#5342,#5343,#5351));
#5316 = ORIENTED_EDGE('',*,*,#5317,.T.);
#5317 = EDGE_CURVE('',#5318,#5320,#5322,.T.);
#5318 = VERTEX_POINT('',#5319);
#5319 = CARTESIAN_POINT('',(3.61,0.95,0.64));
#5320 = VERTEX_POINT('',#5321);
#5321 = CARTESIAN_POINT('',(3.61,0.95,4.440892098501E-16));
#5322 = LINE('',#5323,#5324);
#5323 = CARTESIAN_POINT('',(3.61,0.95,0.64));
#5324 = VECTOR('',#5325,1.);
#5325 = DIRECTION('',(0.,0.,-1.));
#5326 = ORIENTED_EDGE('',*,*,#5327,.T.);
#5327 = EDGE_CURVE('',#5320,#5328,#5330,.T.);
#5328 = VERTEX_POINT('',#5329);
#5329 = CARTESIAN_POINT('',(1.59,0.95,4.440892098501E-16));
#5330 = LINE('',#5331,#5332);
#5331 = CARTESIAN_POINT('',(3.77,0.95,5.551115123126E-16));
#5332 = VECTOR('',#5333,1.);
#5333 = DIRECTION('',(-1.,0.,0.));
#5334 = ORIENTED_EDGE('',*,*,#5335,.T.);
#5335 = EDGE_CURVE('',#5328,#5295,#5336,.T.);
#5336 = CIRCLE('',#5337,0.64);
#5337 = AXIS2_PLACEMENT_3D('',#5338,#5339,#5340);
#5338 = CARTESIAN_POINT('',(1.59,0.95,0.64));
#5339 = DIRECTION('',(0.,1.,0.));
#5340 = DIRECTION('',(0.,0.,-1.));
#5341 = ORIENTED_EDGE('',*,*,#5302,.T.);
#5342 = ORIENTED_EDGE('',*,*,#4755,.F.);
#5343 = ORIENTED_EDGE('',*,*,#5344,.T.);
#5344 = EDGE_CURVE('',#4748,#5345,#5347,.T.);
#5345 = VERTEX_POINT('',#5346);
#5346 = CARTESIAN_POINT('',(1.59,0.95,0.64));
#5347 = LINE('',#5348,#5349);
#5348 = CARTESIAN_POINT('',(1.59,0.95,9.3));
#5349 = VECTOR('',#5350,1.);
#5350 = DIRECTION('',(0.,0.,-1.));
#5351 = ORIENTED_EDGE('',*,*,#5352,.T.);
#5352 = EDGE_CURVE('',#5345,#5318,#5353,.T.);
#5353 = LINE('',#5354,#5355);
#5354 = CARTESIAN_POINT('',(1.59,0.95,0.64));
#5355 = VECTOR('',#5356,1.);
#5356 = DIRECTION('',(1.,0.,0.));
#5357 = PLANE('',#5358);
#5358 = AXIS2_PLACEMENT_3D('',#5359,#5360,#5361);
#5359 = CARTESIAN_POINT('',(1.581171617162,0.95,3.871171617162));
#5360 = DIRECTION('',(1.011993902524E-31,1.,1.352691594178E-32));
#5361 = DIRECTION('',(1.,-1.011993902524E-31,6.409692564632E-80));
#5362 = ADVANCED_FACE('',(#5363),#5381,.T.);
#5363 = FACE_BOUND('',#5364,.T.);
#5364 = EDGE_LOOP('',(#5365,#5373,#5374,#5375));
#5365 = ORIENTED_EDGE('',*,*,#5366,.F.);
#5366 = EDGE_CURVE('',#4740,#5367,#5369,.T.);
#5367 = VERTEX_POINT('',#5368);
#5368 = CARTESIAN_POINT('',(1.59,1.59,0.64));
#5369 = LINE('',#5370,#5371);
#5370 = CARTESIAN_POINT('',(1.59,1.59,9.3));
#5371 = VECTOR('',#5372,1.);
#5372 = DIRECTION('',(0.,0.,-1.));
#5373 = ORIENTED_EDGE('',*,*,#4747,.F.);
#5374 = ORIENTED_EDGE('',*,*,#5344,.T.);
#5375 = ORIENTED_EDGE('',*,*,#5376,.F.);
#5376 = EDGE_CURVE('',#5367,#5345,#5377,.T.);
#5377 = LINE('',#5378,#5379);
#5378 = CARTESIAN_POINT('',(1.59,1.59,0.64));
#5379 = VECTOR('',#5380,1.);
#5380 = DIRECTION('',(0.,-1.,0.));
#5381 = PLANE('',#5382);
#5382 = AXIS2_PLACEMENT_3D('',#5383,#5384,#5385);
#5383 = CARTESIAN_POINT('',(1.59,1.59,9.3));
#5384 = DIRECTION('',(1.,0.,0.));
#5385 = DIRECTION('',(0.,0.,-1.));
#5386 = ADVANCED_FACE('',(#5387),#5423,.T.);
#5387 = FACE_BOUND('',#5388,.T.);
#5388 = EDGE_LOOP('',(#5389,#5399,#5407,#5414,#5415,#5416,#5417));
#5389 = ORIENTED_EDGE('',*,*,#5390,.T.);
#5390 = EDGE_CURVE('',#5391,#5393,#5395,.T.);
#5391 = VERTEX_POINT('',#5392);
#5392 = CARTESIAN_POINT('',(3.61,1.59,0.64));
#5393 = VERTEX_POINT('',#5394);
#5394 = CARTESIAN_POINT('',(3.61,1.59,4.440892098501E-16));
#5395 = LINE('',#5396,#5397);
#5396 = CARTESIAN_POINT('',(3.61,1.59,0.64));
#5397 = VECTOR('',#5398,1.);
#5398 = DIRECTION('',(0.,0.,-1.));
#5399 = ORIENTED_EDGE('',*,*,#5400,.T.);
#5400 = EDGE_CURVE('',#5393,#5401,#5403,.T.);
#5401 = VERTEX_POINT('',#5402);
#5402 = CARTESIAN_POINT('',(1.59,1.59,4.440892098501E-16));
#5403 = LINE('',#5404,#5405);
#5404 = CARTESIAN_POINT('',(3.77,1.59,5.551115123126E-16));
#5405 = VECTOR('',#5406,1.);
#5406 = DIRECTION('',(-1.,0.,0.));
#5407 = ORIENTED_EDGE('',*,*,#5408,.T.);
#5408 = EDGE_CURVE('',#5401,#5287,#5409,.T.);
#5409 = CIRCLE('',#5410,0.64);
#5410 = AXIS2_PLACEMENT_3D('',#5411,#5412,#5413);
#5411 = CARTESIAN_POINT('',(1.59,1.59,0.64));
#5412 = DIRECTION('',(0.,1.,0.));
#5413 = DIRECTION('',(0.,0.,-1.));
#5414 = ORIENTED_EDGE('',*,*,#5286,.T.);
#5415 = ORIENTED_EDGE('',*,*,#4739,.F.);
#5416 = ORIENTED_EDGE('',*,*,#5366,.T.);
#5417 = ORIENTED_EDGE('',*,*,#5418,.T.);
#5418 = EDGE_CURVE('',#5367,#5391,#5419,.T.);
#5419 = LINE('',#5420,#5421);
#5420 = CARTESIAN_POINT('',(1.59,1.59,0.64));
#5421 = VECTOR('',#5422,1.);
#5422 = DIRECTION('',(1.,0.,0.));
#5423 = PLANE('',#5424);
#5424 = AXIS2_PLACEMENT_3D('',#5425,#5426,#5427);
#5425 = CARTESIAN_POINT('',(1.581171617162,1.59,3.871171617162));
#5426 = DIRECTION('',(1.011993902524E-31,1.,1.352691594178E-32));
#5427 = DIRECTION('',(1.,-1.011993902524E-31,6.409692564632E-80));
#5428 = ADVANCED_FACE('',(#5429),#5479,.T.);
#5429 = FACE_BOUND('',#5430,.T.);
#5430 = EDGE_LOOP('',(#5431,#5441,#5449,#5458,#5464,#5465,#5473));
#5431 = ORIENTED_EDGE('',*,*,#5432,.T.);
#5432 = EDGE_CURVE('',#5433,#5435,#5437,.T.);
#5433 = VERTEX_POINT('',#5434);
#5434 = CARTESIAN_POINT('',(-3.61,0.95,0.64));
#5435 = VERTEX_POINT('',#5436);
#5436 = CARTESIAN_POINT('',(-3.61,0.95,4.440892098501E-16));
#5437 = LINE('',#5438,#5439);
#5438 = CARTESIAN_POINT('',(-3.61,0.95,0.64));
#5439 = VECTOR('',#5440,1.);
#5440 = DIRECTION('',(0.,0.,-1.));
#5441 = ORIENTED_EDGE('',*,*,#5442,.T.);
#5442 = EDGE_CURVE('',#5435,#5443,#5445,.T.);
#5443 = VERTEX_POINT('',#5444);
#5444 = CARTESIAN_POINT('',(-1.59,0.95,4.440892098501E-16));
#5445 = LINE('',#5446,#5447);
#5446 = CARTESIAN_POINT('',(-3.77,0.95,5.551115123126E-16));
#5447 = VECTOR('',#5448,1.);
#5448 = DIRECTION('',(1.,0.,0.));
#5449 = ORIENTED_EDGE('',*,*,#5450,.T.);
#5450 = EDGE_CURVE('',#5443,#5451,#5453,.T.);
#5451 = VERTEX_POINT('',#5452);
#5452 = CARTESIAN_POINT('',(-0.95,0.95,0.64));
#5453 = CIRCLE('',#5454,0.64);
#5454 = AXIS2_PLACEMENT_3D('',#5455,#5456,#5457);
#5455 = CARTESIAN_POINT('',(-1.59,0.95,0.64));
#5456 = DIRECTION('',(0.,-1.,0.));
#5457 = DIRECTION('',(0.,0.,-1.));
#5458 = ORIENTED_EDGE('',*,*,#5459,.T.);
#5459 = EDGE_CURVE('',#5451,#4766,#5460,.T.);
#5460 = LINE('',#5461,#5462);
#5461 = CARTESIAN_POINT('',(-0.95,0.95,5.551115123126E-16));
#5462 = VECTOR('',#5463,1.);
#5463 = DIRECTION('',(-2.387576397043E-17,0.,1.));
#5464 = ORIENTED_EDGE('',*,*,#4763,.F.);
#5465 = ORIENTED_EDGE('',*,*,#5466,.T.);
#5466 = EDGE_CURVE('',#4764,#5467,#5469,.T.);
#5467 = VERTEX_POINT('',#5468);
#5468 = CARTESIAN_POINT('',(-1.59,0.95,0.64));
#5469 = LINE('',#5470,#5471);
#5470 = CARTESIAN_POINT('',(-1.59,0.95,9.3));
#5471 = VECTOR('',#5472,1.);
#5472 = DIRECTION('',(0.,0.,-1.));
#5473 = ORIENTED_EDGE('',*,*,#5474,.T.);
#5474 = EDGE_CURVE('',#5467,#5433,#5475,.T.);
#5475 = LINE('',#5476,#5477);
#5476 = CARTESIAN_POINT('',(-1.59,0.95,0.64));
#5477 = VECTOR('',#5478,1.);
#5478 = DIRECTION('',(-1.,0.,0.));
#5479 = PLANE('',#5480);
#5480 = AXIS2_PLACEMENT_3D('',#5481,#5482,#5483);
#5481 = CARTESIAN_POINT('',(-1.581171617162,0.95,3.871171617162));
#5482 = DIRECTION('',(1.011993902524E-31,-1.,-1.352691594178E-32));
#5483 = DIRECTION('',(-1.,-1.011993902524E-31,6.409692564632E-80));
#5484 = ADVANCED_FACE('',(#5485),#5503,.F.);
#5485 = FACE_BOUND('',#5486,.F.);
#5486 = EDGE_LOOP('',(#5487,#5495,#5501,#5502));
#5487 = ORIENTED_EDGE('',*,*,#5488,.F.);
#5488 = EDGE_CURVE('',#5489,#4782,#5491,.T.);
#5489 = VERTEX_POINT('',#5490);
#5490 = CARTESIAN_POINT('',(-0.95,1.59,0.64));
#5491 = LINE('',#5492,#5493);
#5492 = CARTESIAN_POINT('',(-0.95,1.59,5.551115123126E-16));
#5493 = VECTOR('',#5494,1.);
#5494 = DIRECTION('',(-2.387576397043E-17,0.,1.));
#5495 = ORIENTED_EDGE('',*,*,#5496,.T.);
#5496 = EDGE_CURVE('',#5489,#5451,#5497,.T.);
#5497 = LINE('',#5498,#5499);
#5498 = CARTESIAN_POINT('',(-0.95,1.59,0.64));
#5499 = VECTOR('',#5500,1.);
#5500 = DIRECTION('',(0.,-1.,0.));
#5501 = ORIENTED_EDGE('',*,*,#5459,.T.);
#5502 = ORIENTED_EDGE('',*,*,#4789,.F.);
#5503 = PLANE('',#5504);
#5504 = AXIS2_PLACEMENT_3D('',#5505,#5506,#5507);
#5505 = CARTESIAN_POINT('',(-0.95,1.59,5.551115123126E-16));
#5506 = DIRECTION('',(-1.,-0.,-2.387576397043E-17));
#5507 = DIRECTION('',(-2.387576397043E-17,0.,1.));
#5508 = ADVANCED_FACE('',(#5509),#5552,.F.);
#5509 = FACE_BOUND('',#5510,.F.);
#5510 = EDGE_LOOP('',(#5511,#5521,#5529,#5536,#5537,#5538,#5546));
#5511 = ORIENTED_EDGE('',*,*,#5512,.T.);
#5512 = EDGE_CURVE('',#5513,#5515,#5517,.T.);
#5513 = VERTEX_POINT('',#5514);
#5514 = CARTESIAN_POINT('',(-3.61,1.59,0.64));
#5515 = VERTEX_POINT('',#5516);
#5516 = CARTESIAN_POINT('',(-3.61,1.59,4.440892098501E-16));
#5517 = LINE('',#5518,#5519);
#5518 = CARTESIAN_POINT('',(-3.61,1.59,0.64));
#5519 = VECTOR('',#5520,1.);
#5520 = DIRECTION('',(0.,0.,-1.));
#5521 = ORIENTED_EDGE('',*,*,#5522,.T.);
#5522 = EDGE_CURVE('',#5515,#5523,#5525,.T.);
#5523 = VERTEX_POINT('',#5524);
#5524 = CARTESIAN_POINT('',(-1.59,1.59,4.440892098501E-16));
#5525 = LINE('',#5526,#5527);
#5526 = CARTESIAN_POINT('',(-3.77,1.59,5.551115123126E-16));
#5527 = VECTOR('',#5528,1.);
#5528 = DIRECTION('',(1.,0.,0.));
#5529 = ORIENTED_EDGE('',*,*,#5530,.T.);
#5530 = EDGE_CURVE('',#5523,#5489,#5531,.T.);
#5531 = CIRCLE('',#5532,0.64);
#5532 = AXIS2_PLACEMENT_3D('',#5533,#5534,#5535);
#5533 = CARTESIAN_POINT('',(-1.59,1.59,0.64));
#5534 = DIRECTION('',(0.,-1.,0.));
#5535 = DIRECTION('',(0.,0.,-1.));
#5536 = ORIENTED_EDGE('',*,*,#5488,.T.);
#5537 = ORIENTED_EDGE('',*,*,#4781,.F.);
#5538 = ORIENTED_EDGE('',*,*,#5539,.T.);
#5539 = EDGE_CURVE('',#4774,#5540,#5542,.T.);
#5540 = VERTEX_POINT('',#5541);
#5541 = CARTESIAN_POINT('',(-1.59,1.59,0.64));
#5542 = LINE('',#5543,#5544);
#5543 = CARTESIAN_POINT('',(-1.59,1.59,9.3));
#5544 = VECTOR('',#5545,1.);
#5545 = DIRECTION('',(0.,0.,-1.));
#5546 = ORIENTED_EDGE('',*,*,#5547,.T.);
#5547 = EDGE_CURVE('',#5540,#5513,#5548,.T.);
#5548 = LINE('',#5549,#5550);
#5549 = CARTESIAN_POINT('',(-1.59,1.59,0.64));
#5550 = VECTOR('',#5551,1.);
#5551 = DIRECTION('',(-1.,0.,0.));
#5552 = PLANE('',#5553);
#5553 = AXIS2_PLACEMENT_3D('',#5554,#5555,#5556);
#5554 = CARTESIAN_POINT('',(-1.581171617162,1.59,3.871171617162));
#5555 = DIRECTION('',(1.011993902524E-31,-1.,-1.352691594178E-32));
#5556 = DIRECTION('',(-1.,-1.011993902524E-31,6.409692564632E-80));
#5557 = ADVANCED_FACE('',(#5558),#5569,.F.);
#5558 = FACE_BOUND('',#5559,.F.);
#5559 = EDGE_LOOP('',(#5560,#5561,#5562,#5563));
#5560 = ORIENTED_EDGE('',*,*,#5539,.F.);
#5561 = ORIENTED_EDGE('',*,*,#4773,.F.);
#5562 = ORIENTED_EDGE('',*,*,#5466,.T.);
#5563 = ORIENTED_EDGE('',*,*,#5564,.F.);
#5564 = EDGE_CURVE('',#5540,#5467,#5565,.T.);
#5565 = LINE('',#5566,#5567);
#5566 = CARTESIAN_POINT('',(-1.59,1.59,0.64));
#5567 = VECTOR('',#5568,1.);
#5568 = DIRECTION('',(0.,-1.,0.));
#5569 = PLANE('',#5570);
#5570 = AXIS2_PLACEMENT_3D('',#5571,#5572,#5573);
#5571 = CARTESIAN_POINT('',(-1.59,1.59,9.3));
#5572 = DIRECTION('',(1.,0.,0.));
#5573 = DIRECTION('',(0.,0.,-1.));
#5574 = ADVANCED_FACE('',(#5575),#5625,.T.);
#5575 = FACE_BOUND('',#5576,.T.);
#5576 = EDGE_LOOP('',(#5577,#5587,#5595,#5604,#5610,#5611,#5619));
#5577 = ORIENTED_EDGE('',*,*,#5578,.T.);
#5578 = EDGE_CURVE('',#5579,#5581,#5583,.T.);
#5579 = VERTEX_POINT('',#5580);
#5580 = CARTESIAN_POINT('',(-3.61,-1.59,0.64));
#5581 = VERTEX_POINT('',#5582);
#5582 = CARTESIAN_POINT('',(-3.61,-1.59,4.440892098501E-16));
#5583 = LINE('',#5584,#5585);
#5584 = CARTESIAN_POINT('',(-3.61,-1.59,0.64));
#5585 = VECTOR('',#5586,1.);
#5586 = DIRECTION('',(0.,0.,-1.));
#5587 = ORIENTED_EDGE('',*,*,#5588,.T.);
#5588 = EDGE_CURVE('',#5581,#5589,#5591,.T.);
#5589 = VERTEX_POINT('',#5590);
#5590 = CARTESIAN_POINT('',(-1.59,-1.59,4.440892098501E-16));
#5591 = LINE('',#5592,#5593);
#5592 = CARTESIAN_POINT('',(-3.77,-1.59,5.551115123126E-16));
#5593 = VECTOR('',#5594,1.);
#5594 = DIRECTION('',(1.,0.,0.));
#5595 = ORIENTED_EDGE('',*,*,#5596,.T.);
#5596 = EDGE_CURVE('',#5589,#5597,#5599,.T.);
#5597 = VERTEX_POINT('',#5598);
#5598 = CARTESIAN_POINT('',(-0.95,-1.59,0.64));
#5599 = CIRCLE('',#5600,0.64);
#5600 = AXIS2_PLACEMENT_3D('',#5601,#5602,#5603);
#5601 = CARTESIAN_POINT('',(-1.59,-1.59,0.64));
#5602 = DIRECTION('',(0.,-1.,0.));
#5603 = DIRECTION('',(0.,0.,-1.));
#5604 = ORIENTED_EDGE('',*,*,#5605,.T.);
#5605 = EDGE_CURVE('',#5597,#4800,#5606,.T.);
#5606 = LINE('',#5607,#5608);
#5607 = CARTESIAN_POINT('',(-0.95,-1.59,5.551115123126E-16));
#5608 = VECTOR('',#5609,1.);
#5609 = DIRECTION('',(-2.387576397043E-17,0.,1.));
#5610 = ORIENTED_EDGE('',*,*,#4797,.F.);
#5611 = ORIENTED_EDGE('',*,*,#5612,.T.);
#5612 = EDGE_CURVE('',#4798,#5613,#5615,.T.);
#5613 = VERTEX_POINT('',#5614);
#5614 = CARTESIAN_POINT('',(-1.59,-1.59,0.64));
#5615 = LINE('',#5616,#5617);
#5616 = CARTESIAN_POINT('',(-1.59,-1.59,9.3));
#5617 = VECTOR('',#5618,1.);
#5618 = DIRECTION('',(0.,0.,-1.));
#5619 = ORIENTED_EDGE('',*,*,#5620,.T.);
#5620 = EDGE_CURVE('',#5613,#5579,#5621,.T.);
#5621 = LINE('',#5622,#5623);
#5622 = CARTESIAN_POINT('',(-1.59,-1.59,0.64));
#5623 = VECTOR('',#5624,1.);
#5624 = DIRECTION('',(-1.,0.,0.));
#5625 = PLANE('',#5626);
#5626 = AXIS2_PLACEMENT_3D('',#5627,#5628,#5629);
#5627 = CARTESIAN_POINT('',(-1.581171617162,-1.59,3.871171617162));
#5628 = DIRECTION('',(1.011993902524E-31,-1.,-1.352691594178E-32));
#5629 = DIRECTION('',(-1.,-1.011993902524E-31,6.409692564632E-80));
#5630 = ADVANCED_FACE('',(#5631),#5649,.F.);
#5631 = FACE_BOUND('',#5632,.F.);
#5632 = EDGE_LOOP('',(#5633,#5641,#5647,#5648));
#5633 = ORIENTED_EDGE('',*,*,#5634,.F.);
#5634 = EDGE_CURVE('',#5635,#4816,#5637,.T.);
#5635 = VERTEX_POINT('',#5636);
#5636 = CARTESIAN_POINT('',(-0.95,-0.95,0.64));
#5637 = LINE('',#5638,#5639);
#5638 = CARTESIAN_POINT('',(-0.95,-0.95,5.551115123126E-16));
#5639 = VECTOR('',#5640,1.);
#5640 = DIRECTION('',(-2.387576397043E-17,0.,1.));
#5641 = ORIENTED_EDGE('',*,*,#5642,.T.);
#5642 = EDGE_CURVE('',#5635,#5597,#5643,.T.);
#5643 = LINE('',#5644,#5645);
#5644 = CARTESIAN_POINT('',(-0.95,-0.95,0.64));
#5645 = VECTOR('',#5646,1.);
#5646 = DIRECTION('',(0.,-1.,0.));
#5647 = ORIENTED_EDGE('',*,*,#5605,.T.);
#5648 = ORIENTED_EDGE('',*,*,#4823,.F.);
#5649 = PLANE('',#5650);
#5650 = AXIS2_PLACEMENT_3D('',#5651,#5652,#5653);
#5651 = CARTESIAN_POINT('',(-0.95,-0.95,5.551115123126E-16));
#5652 = DIRECTION('',(-1.,-0.,-2.387576397043E-17));
#5653 = DIRECTION('',(-2.387576397043E-17,0.,1.));
#5654 = ADVANCED_FACE('',(#5655),#5698,.F.);
#5655 = FACE_BOUND('',#5656,.F.);
#5656 = EDGE_LOOP('',(#5657,#5667,#5675,#5682,#5683,#5684,#5692));
#5657 = ORIENTED_EDGE('',*,*,#5658,.T.);
#5658 = EDGE_CURVE('',#5659,#5661,#5663,.T.);
#5659 = VERTEX_POINT('',#5660);
#5660 = CARTESIAN_POINT('',(-3.61,-0.95,0.64));
#5661 = VERTEX_POINT('',#5662);
#5662 = CARTESIAN_POINT('',(-3.61,-0.95,4.440892098501E-16));
#5663 = LINE('',#5664,#5665);
#5664 = CARTESIAN_POINT('',(-3.61,-0.95,0.64));
#5665 = VECTOR('',#5666,1.);
#5666 = DIRECTION('',(0.,0.,-1.));
#5667 = ORIENTED_EDGE('',*,*,#5668,.T.);
#5668 = EDGE_CURVE('',#5661,#5669,#5671,.T.);
#5669 = VERTEX_POINT('',#5670);
#5670 = CARTESIAN_POINT('',(-1.59,-0.95,4.440892098501E-16));
#5671 = LINE('',#5672,#5673);
#5672 = CARTESIAN_POINT('',(-3.77,-0.95,5.551115123126E-16));
#5673 = VECTOR('',#5674,1.);
#5674 = DIRECTION('',(1.,0.,0.));
#5675 = ORIENTED_EDGE('',*,*,#5676,.T.);
#5676 = EDGE_CURVE('',#5669,#5635,#5677,.T.);
#5677 = CIRCLE('',#5678,0.64);
#5678 = AXIS2_PLACEMENT_3D('',#5679,#5680,#5681);
#5679 = CARTESIAN_POINT('',(-1.59,-0.95,0.64));
#5680 = DIRECTION('',(0.,-1.,0.));
#5681 = DIRECTION('',(0.,0.,-1.));
#5682 = ORIENTED_EDGE('',*,*,#5634,.T.);
#5683 = ORIENTED_EDGE('',*,*,#4815,.F.);
#5684 = ORIENTED_EDGE('',*,*,#5685,.T.);
#5685 = EDGE_CURVE('',#4808,#5686,#5688,.T.);
#5686 = VERTEX_POINT('',#5687);
#5687 = CARTESIAN_POINT('',(-1.59,-0.95,0.64));
#5688 = LINE('',#5689,#5690);
#5689 = CARTESIAN_POINT('',(-1.59,-0.95,9.3));
#5690 = VECTOR('',#5691,1.);
#5691 = DIRECTION('',(0.,0.,-1.));
#5692 = ORIENTED_EDGE('',*,*,#5693,.T.);
#5693 = EDGE_CURVE('',#5686,#5659,#5694,.T.);
#5694 = LINE('',#5695,#5696);
#5695 = CARTESIAN_POINT('',(-1.59,-0.95,0.64));
#5696 = VECTOR('',#5697,1.);
#5697 = DIRECTION('',(-1.,0.,0.));
#5698 = PLANE('',#5699);
#5699 = AXIS2_PLACEMENT_3D('',#5700,#5701,#5702);
#5700 = CARTESIAN_POINT('',(-1.581171617162,-0.95,3.871171617162));
#5701 = DIRECTION('',(1.011993902524E-31,-1.,-1.352691594178E-32));
#5702 = DIRECTION('',(-1.,-1.011993902524E-31,6.409692564632E-80));
#5703 = ADVANCED_FACE('',(#5704),#5715,.F.);
#5704 = FACE_BOUND('',#5705,.F.);
#5705 = EDGE_LOOP('',(#5706,#5707,#5708,#5709));
#5706 = ORIENTED_EDGE('',*,*,#5685,.F.);
#5707 = ORIENTED_EDGE('',*,*,#4807,.F.);
#5708 = ORIENTED_EDGE('',*,*,#5612,.T.);
#5709 = ORIENTED_EDGE('',*,*,#5710,.F.);
#5710 = EDGE_CURVE('',#5686,#5613,#5711,.T.);
#5711 = LINE('',#5712,#5713);
#5712 = CARTESIAN_POINT('',(-1.59,-0.95,0.64));
#5713 = VECTOR('',#5714,1.);
#5714 = DIRECTION('',(0.,-1.,0.));
#5715 = PLANE('',#5716);
#5716 = AXIS2_PLACEMENT_3D('',#5717,#5718,#5719);
#5717 = CARTESIAN_POINT('',(-1.59,-0.95,9.3));
#5718 = DIRECTION('',(1.,0.,0.));
#5719 = DIRECTION('',(0.,0.,-1.));
#5720 = ADVANCED_FACE('',(#5721),#5771,.T.);
#5721 = FACE_BOUND('',#5722,.T.);
#5722 = EDGE_LOOP('',(#5723,#5733,#5741,#5750,#5756,#5757,#5765));
#5723 = ORIENTED_EDGE('',*,*,#5724,.T.);
#5724 = EDGE_CURVE('',#5725,#5727,#5729,.T.);
#5725 = VERTEX_POINT('',#5726);
#5726 = CARTESIAN_POINT('',(3.61,-0.95,0.64));
#5727 = VERTEX_POINT('',#5728);
#5728 = CARTESIAN_POINT('',(3.61,-0.95,4.440892098501E-16));
#5729 = LINE('',#5730,#5731);
#5730 = CARTESIAN_POINT('',(3.61,-0.95,0.64));
#5731 = VECTOR('',#5732,1.);
#5732 = DIRECTION('',(0.,0.,-1.));
#5733 = ORIENTED_EDGE('',*,*,#5734,.T.);
#5734 = EDGE_CURVE('',#5727,#5735,#5737,.T.);
#5735 = VERTEX_POINT('',#5736);
#5736 = CARTESIAN_POINT('',(1.59,-0.95,4.440892098501E-16));
#5737 = LINE('',#5738,#5739);
#5738 = CARTESIAN_POINT('',(3.77,-0.95,5.551115123126E-16));
#5739 = VECTOR('',#5740,1.);
#5740 = DIRECTION('',(-1.,0.,0.));
#5741 = ORIENTED_EDGE('',*,*,#5742,.T.);
#5742 = EDGE_CURVE('',#5735,#5743,#5745,.T.);
#5743 = VERTEX_POINT('',#5744);
#5744 = CARTESIAN_POINT('',(0.95,-0.95,0.64));
#5745 = CIRCLE('',#5746,0.64);
#5746 = AXIS2_PLACEMENT_3D('',#5747,#5748,#5749);
#5747 = CARTESIAN_POINT('',(1.59,-0.95,0.64));
#5748 = DIRECTION('',(0.,1.,0.));
#5749 = DIRECTION('',(0.,0.,-1.));
#5750 = ORIENTED_EDGE('',*,*,#5751,.T.);
#5751 = EDGE_CURVE('',#5743,#4834,#5752,.T.);
#5752 = LINE('',#5753,#5754);
#5753 = CARTESIAN_POINT('',(0.95,-0.95,5.551115123126E-16));
#5754 = VECTOR('',#5755,1.);
#5755 = DIRECTION('',(2.387576397043E-17,0.,1.));
#5756 = ORIENTED_EDGE('',*,*,#4831,.F.);
#5757 = ORIENTED_EDGE('',*,*,#5758,.T.);
#5758 = EDGE_CURVE('',#4832,#5759,#5761,.T.);
#5759 = VERTEX_POINT('',#5760);
#5760 = CARTESIAN_POINT('',(1.59,-0.95,0.64));
#5761 = LINE('',#5762,#5763);
#5762 = CARTESIAN_POINT('',(1.59,-0.95,9.3));
#5763 = VECTOR('',#5764,1.);
#5764 = DIRECTION('',(0.,0.,-1.));
#5765 = ORIENTED_EDGE('',*,*,#5766,.T.);
#5766 = EDGE_CURVE('',#5759,#5725,#5767,.T.);
#5767 = LINE('',#5768,#5769);
#5768 = CARTESIAN_POINT('',(1.59,-0.95,0.64));
#5769 = VECTOR('',#5770,1.);
#5770 = DIRECTION('',(1.,0.,0.));
#5771 = PLANE('',#5772);
#5772 = AXIS2_PLACEMENT_3D('',#5773,#5774,#5775);
#5773 = CARTESIAN_POINT('',(1.581171617162,-0.95,3.871171617162));
#5774 = DIRECTION('',(1.011993902524E-31,1.,1.352691594178E-32));
#5775 = DIRECTION('',(1.,-1.011993902524E-31,6.409692564632E-80));
#5776 = ADVANCED_FACE('',(#5777),#5795,.T.);
#5777 = FACE_BOUND('',#5778,.T.);
#5778 = EDGE_LOOP('',(#5779,#5780,#5788,#5794));
#5779 = ORIENTED_EDGE('',*,*,#5751,.F.);
#5780 = ORIENTED_EDGE('',*,*,#5781,.T.);
#5781 = EDGE_CURVE('',#5743,#5782,#5784,.T.);
#5782 = VERTEX_POINT('',#5783);
#5783 = CARTESIAN_POINT('',(0.95,-1.59,0.64));
#5784 = LINE('',#5785,#5786);
#5785 = CARTESIAN_POINT('',(0.95,-0.95,0.64));
#5786 = VECTOR('',#5787,1.);
#5787 = DIRECTION('',(0.,-1.,0.));
#5788 = ORIENTED_EDGE('',*,*,#5789,.T.);
#5789 = EDGE_CURVE('',#5782,#4850,#5790,.T.);
#5790 = LINE('',#5791,#5792);
#5791 = CARTESIAN_POINT('',(0.95,-1.59,5.551115123126E-16));
#5792 = VECTOR('',#5793,1.);
#5793 = DIRECTION('',(2.387576397043E-17,0.,1.));
#5794 = ORIENTED_EDGE('',*,*,#4857,.F.);
#5795 = PLANE('',#5796);
#5796 = AXIS2_PLACEMENT_3D('',#5797,#5798,#5799);
#5797 = CARTESIAN_POINT('',(0.95,-0.95,5.551115123126E-16));
#5798 = DIRECTION('',(-1.,0.,2.387576397043E-17));
#5799 = DIRECTION('',(2.387576397043E-17,0.,1.));
#5800 = ADVANCED_FACE('',(#5801),#5844,.F.);
#5801 = FACE_BOUND('',#5802,.F.);
#5802 = EDGE_LOOP('',(#5803,#5813,#5821,#5828,#5829,#5830,#5838));
#5803 = ORIENTED_EDGE('',*,*,#5804,.T.);
#5804 = EDGE_CURVE('',#5805,#5807,#5809,.T.);
#5805 = VERTEX_POINT('',#5806);
#5806 = CARTESIAN_POINT('',(3.61,-1.59,0.64));
#5807 = VERTEX_POINT('',#5808);
#5808 = CARTESIAN_POINT('',(3.61,-1.59,4.440892098501E-16));
#5809 = LINE('',#5810,#5811);
#5810 = CARTESIAN_POINT('',(3.61,-1.59,0.64));
#5811 = VECTOR('',#5812,1.);
#5812 = DIRECTION('',(0.,0.,-1.));
#5813 = ORIENTED_EDGE('',*,*,#5814,.T.);
#5814 = EDGE_CURVE('',#5807,#5815,#5817,.T.);
#5815 = VERTEX_POINT('',#5816);
#5816 = CARTESIAN_POINT('',(1.59,-1.59,4.440892098501E-16));
#5817 = LINE('',#5818,#5819);
#5818 = CARTESIAN_POINT('',(3.77,-1.59,5.551115123126E-16));
#5819 = VECTOR('',#5820,1.);
#5820 = DIRECTION('',(-1.,0.,0.));
#5821 = ORIENTED_EDGE('',*,*,#5822,.T.);
#5822 = EDGE_CURVE('',#5815,#5782,#5823,.T.);
#5823 = CIRCLE('',#5824,0.64);
#5824 = AXIS2_PLACEMENT_3D('',#5825,#5826,#5827);
#5825 = CARTESIAN_POINT('',(1.59,-1.59,0.64));
#5826 = DIRECTION('',(0.,1.,0.));
#5827 = DIRECTION('',(0.,0.,-1.));
#5828 = ORIENTED_EDGE('',*,*,#5789,.T.);
#5829 = ORIENTED_EDGE('',*,*,#4849,.F.);
#5830 = ORIENTED_EDGE('',*,*,#5831,.T.);
#5831 = EDGE_CURVE('',#4842,#5832,#5834,.T.);
#5832 = VERTEX_POINT('',#5833);
#5833 = CARTESIAN_POINT('',(1.59,-1.59,0.64));
#5834 = LINE('',#5835,#5836);
#5835 = CARTESIAN_POINT('',(1.59,-1.59,9.3));
#5836 = VECTOR('',#5837,1.);
#5837 = DIRECTION('',(0.,0.,-1.));
#5838 = ORIENTED_EDGE('',*,*,#5839,.T.);
#5839 = EDGE_CURVE('',#5832,#5805,#5840,.T.);
#5840 = LINE('',#5841,#5842);
#5841 = CARTESIAN_POINT('',(1.59,-1.59,0.64));
#5842 = VECTOR('',#5843,1.);
#5843 = DIRECTION('',(1.,0.,0.));
#5844 = PLANE('',#5845);
#5845 = AXIS2_PLACEMENT_3D('',#5846,#5847,#5848);
#5846 = CARTESIAN_POINT('',(1.581171617162,-1.59,3.871171617162));
#5847 = DIRECTION('',(1.011993902524E-31,1.,1.352691594178E-32));
#5848 = DIRECTION('',(1.,-1.011993902524E-31,6.409692564632E-80));
#5849 = ADVANCED_FACE('',(#5850),#5861,.T.);
#5850 = FACE_BOUND('',#5851,.T.);
#5851 = EDGE_LOOP('',(#5852,#5853,#5854,#5855));
#5852 = ORIENTED_EDGE('',*,*,#5758,.F.);
#5853 = ORIENTED_EDGE('',*,*,#4841,.F.);
#5854 = ORIENTED_EDGE('',*,*,#5831,.T.);
#5855 = ORIENTED_EDGE('',*,*,#5856,.F.);
#5856 = EDGE_CURVE('',#5759,#5832,#5857,.T.);
#5857 = LINE('',#5858,#5859);
#5858 = CARTESIAN_POINT('',(1.59,-0.95,0.64));
#5859 = VECTOR('',#5860,1.);
#5860 = DIRECTION('',(0.,-1.,0.));
#5861 = PLANE('',#5862);
#5862 = AXIS2_PLACEMENT_3D('',#5863,#5864,#5865);
#5863 = CARTESIAN_POINT('',(1.59,-0.95,9.3));
#5864 = DIRECTION('',(1.,0.,0.));
#5865 = DIRECTION('',(0.,0.,-1.));
#5866 = ADVANCED_FACE('',(#5867),#5892,.T.);
#5867 = FACE_BOUND('',#5868,.T.);
#5868 = EDGE_LOOP('',(#5869,#5877,#5878,#5886));
#5869 = ORIENTED_EDGE('',*,*,#5870,.F.);
#5870 = EDGE_CURVE('',#4963,#5871,#5873,.T.);
#5871 = VERTEX_POINT('',#5872);
#5872 = CARTESIAN_POINT('',(0.95,1.59,9.14));
#5873 = LINE('',#5874,#5875);
#5874 = CARTESIAN_POINT('',(0.95,1.59,5.551115123126E-16));
#5875 = VECTOR('',#5876,1.);
#5876 = DIRECTION('',(2.387576397043E-17,0.,1.));
#5877 = ORIENTED_EDGE('',*,*,#4962,.T.);
#5878 = ORIENTED_EDGE('',*,*,#5879,.T.);
#5879 = EDGE_CURVE('',#4965,#5880,#5882,.T.);
#5880 = VERTEX_POINT('',#5881);
#5881 = CARTESIAN_POINT('',(0.95,0.95,9.14));
#5882 = LINE('',#5883,#5884);
#5883 = CARTESIAN_POINT('',(0.95,0.95,5.551115123126E-16));
#5884 = VECTOR('',#5885,1.);
#5885 = DIRECTION('',(2.387576397043E-17,0.,1.));
#5886 = ORIENTED_EDGE('',*,*,#5887,.F.);
#5887 = EDGE_CURVE('',#5871,#5880,#5888,.T.);
#5888 = LINE('',#5889,#5890);
#5889 = CARTESIAN_POINT('',(0.95,1.59,9.14));
#5890 = VECTOR('',#5891,1.);
#5891 = DIRECTION('',(0.,-1.,0.));
#5892 = PLANE('',#5893);
#5893 = AXIS2_PLACEMENT_3D('',#5894,#5895,#5896);
#5894 = CARTESIAN_POINT('',(0.95,1.59,5.551115123126E-16));
#5895 = DIRECTION('',(-1.,0.,2.387576397043E-17));
#5896 = DIRECTION('',(2.387576397043E-17,0.,1.));
#5897 = ADVANCED_FACE('',(#5898),#5916,.F.);
#5898 = FACE_BOUND('',#5899,.F.);
#5899 = EDGE_LOOP('',(#5900,#5901,#5902,#5910));
#5900 = ORIENTED_EDGE('',*,*,#4988,.T.);
#5901 = ORIENTED_EDGE('',*,*,#5879,.T.);
#5902 = ORIENTED_EDGE('',*,*,#5903,.T.);
#5903 = EDGE_CURVE('',#5880,#5904,#5906,.T.);
#5904 = VERTEX_POINT('',#5905);
#5905 = CARTESIAN_POINT('',(1.59,0.95,9.14));
#5906 = LINE('',#5907,#5908);
#5907 = CARTESIAN_POINT('',(0.95,0.95,9.14));
#5908 = VECTOR('',#5909,1.);
#5909 = DIRECTION('',(1.,0.,0.));
#5910 = ORIENTED_EDGE('',*,*,#5911,.T.);
#5911 = EDGE_CURVE('',#5904,#4981,#5912,.T.);
#5912 = LINE('',#5913,#5914);
#5913 = CARTESIAN_POINT('',(1.59,0.95,9.3));
#5914 = VECTOR('',#5915,1.);
#5915 = DIRECTION('',(0.,0.,-1.));
#5916 = PLANE('',#5917);
#5917 = AXIS2_PLACEMENT_3D('',#5918,#5919,#5920);
#5918 = CARTESIAN_POINT('',(1.581171617162,0.95,3.871171617162));
#5919 = DIRECTION('',(1.011993902524E-31,1.,1.352691594178E-32));
#5920 = DIRECTION('',(1.,-1.011993902524E-31,6.409692564632E-80));
#5921 = ADVANCED_FACE('',(#5922),#5940,.T.);
#5922 = FACE_BOUND('',#5923,.T.);
#5923 = EDGE_LOOP('',(#5924,#5932,#5938,#5939));
#5924 = ORIENTED_EDGE('',*,*,#5925,.F.);
#5925 = EDGE_CURVE('',#5926,#4973,#5928,.T.);
#5926 = VERTEX_POINT('',#5927);
#5927 = CARTESIAN_POINT('',(1.59,1.59,9.14));
#5928 = LINE('',#5929,#5930);
#5929 = CARTESIAN_POINT('',(1.59,1.59,9.3));
#5930 = VECTOR('',#5931,1.);
#5931 = DIRECTION('',(0.,0.,-1.));
#5932 = ORIENTED_EDGE('',*,*,#5933,.T.);
#5933 = EDGE_CURVE('',#5926,#5904,#5934,.T.);
#5934 = LINE('',#5935,#5936);
#5935 = CARTESIAN_POINT('',(1.59,1.59,9.14));
#5936 = VECTOR('',#5937,1.);
#5937 = DIRECTION('',(0.,-1.,0.));
#5938 = ORIENTED_EDGE('',*,*,#5911,.T.);
#5939 = ORIENTED_EDGE('',*,*,#4980,.T.);
#5940 = PLANE('',#5941);
#5941 = AXIS2_PLACEMENT_3D('',#5942,#5943,#5944);
#5942 = CARTESIAN_POINT('',(1.59,1.59,9.3));
#5943 = DIRECTION('',(1.,0.,0.));
#5944 = DIRECTION('',(0.,0.,-1.));
#5945 = ADVANCED_FACE('',(#5946),#5957,.T.);
#5946 = FACE_BOUND('',#5947,.T.);
#5947 = EDGE_LOOP('',(#5948,#5949,#5950,#5956));
#5948 = ORIENTED_EDGE('',*,*,#4972,.T.);
#5949 = ORIENTED_EDGE('',*,*,#5870,.T.);
#5950 = ORIENTED_EDGE('',*,*,#5951,.T.);
#5951 = EDGE_CURVE('',#5871,#5926,#5952,.T.);
#5952 = LINE('',#5953,#5954);
#5953 = CARTESIAN_POINT('',(0.95,1.59,9.14));
#5954 = VECTOR('',#5955,1.);
#5955 = DIRECTION('',(1.,0.,0.));
#5956 = ORIENTED_EDGE('',*,*,#5925,.T.);
#5957 = PLANE('',#5958);
#5958 = AXIS2_PLACEMENT_3D('',#5959,#5960,#5961);
#5959 = CARTESIAN_POINT('',(1.581171617162,1.59,3.871171617162));
#5960 = DIRECTION('',(1.011993902524E-31,1.,1.352691594178E-32));
#5961 = DIRECTION('',(1.,-1.011993902524E-31,6.409692564632E-80));
#5962 = ADVANCED_FACE('',(#5963),#5988,.T.);
#5963 = FACE_BOUND('',#5964,.T.);
#5964 = EDGE_LOOP('',(#5965,#5966,#5974,#5982));
#5965 = ORIENTED_EDGE('',*,*,#4996,.T.);
#5966 = ORIENTED_EDGE('',*,*,#5967,.T.);
#5967 = EDGE_CURVE('',#4999,#5968,#5970,.T.);
#5968 = VERTEX_POINT('',#5969);
#5969 = CARTESIAN_POINT('',(-0.95,0.95,9.14));
#5970 = LINE('',#5971,#5972);
#5971 = CARTESIAN_POINT('',(-0.95,0.95,5.551115123126E-16));
#5972 = VECTOR('',#5973,1.);
#5973 = DIRECTION('',(-2.387576397043E-17,0.,1.));
#5974 = ORIENTED_EDGE('',*,*,#5975,.T.);
#5975 = EDGE_CURVE('',#5968,#5976,#5978,.T.);
#5976 = VERTEX_POINT('',#5977);
#5977 = CARTESIAN_POINT('',(-1.59,0.95,9.14));
#5978 = LINE('',#5979,#5980);
#5979 = CARTESIAN_POINT('',(-0.95,0.95,9.14));
#5980 = VECTOR('',#5981,1.);
#5981 = DIRECTION('',(-1.,0.,0.));
#5982 = ORIENTED_EDGE('',*,*,#5983,.T.);
#5983 = EDGE_CURVE('',#5976,#4997,#5984,.T.);
#5984 = LINE('',#5985,#5986);
#5985 = CARTESIAN_POINT('',(-1.59,0.95,9.3));
#5986 = VECTOR('',#5987,1.);
#5987 = DIRECTION('',(0.,0.,-1.));
#5988 = PLANE('',#5989);
#5989 = AXIS2_PLACEMENT_3D('',#5990,#5991,#5992);
#5990 = CARTESIAN_POINT('',(-1.581171617162,0.95,3.871171617162));
#5991 = DIRECTION('',(1.011993902524E-31,-1.,-1.352691594178E-32));
#5992 = DIRECTION('',(-1.,-1.011993902524E-31,6.409692564632E-80));
#5993 = ADVANCED_FACE('',(#5994),#6012,.F.);
#5994 = FACE_BOUND('',#5995,.F.);
#5995 = EDGE_LOOP('',(#5996,#6004,#6005,#6006));
#5996 = ORIENTED_EDGE('',*,*,#5997,.F.);
#5997 = EDGE_CURVE('',#5015,#5998,#6000,.T.);
#5998 = VERTEX_POINT('',#5999);
#5999 = CARTESIAN_POINT('',(-0.95,1.59,9.14));
#6000 = LINE('',#6001,#6002);
#6001 = CARTESIAN_POINT('',(-0.95,1.59,5.551115123126E-16));
#6002 = VECTOR('',#6003,1.);
#6003 = DIRECTION('',(-2.387576397043E-17,0.,1.));
#6004 = ORIENTED_EDGE('',*,*,#5022,.T.);
#6005 = ORIENTED_EDGE('',*,*,#5967,.T.);
#6006 = ORIENTED_EDGE('',*,*,#6007,.F.);
#6007 = EDGE_CURVE('',#5998,#5968,#6008,.T.);
#6008 = LINE('',#6009,#6010);
#6009 = CARTESIAN_POINT('',(-0.95,1.59,9.14));
#6010 = VECTOR('',#6011,1.);
#6011 = DIRECTION('',(0.,-1.,0.));
#6012 = PLANE('',#6013);
#6013 = AXIS2_PLACEMENT_3D('',#6014,#6015,#6016);
#6014 = CARTESIAN_POINT('',(-0.95,1.59,5.551115123126E-16));
#6015 = DIRECTION('',(-1.,-0.,-2.387576397043E-17));
#6016 = DIRECTION('',(-2.387576397043E-17,0.,1.));
#6017 = ADVANCED_FACE('',(#6018),#6036,.F.);
#6018 = FACE_BOUND('',#6019,.F.);
#6019 = EDGE_LOOP('',(#6020,#6021,#6022,#6030));
#6020 = ORIENTED_EDGE('',*,*,#5014,.T.);
#6021 = ORIENTED_EDGE('',*,*,#5997,.T.);
#6022 = ORIENTED_EDGE('',*,*,#6023,.T.);
#6023 = EDGE_CURVE('',#5998,#6024,#6026,.T.);
#6024 = VERTEX_POINT('',#6025);
#6025 = CARTESIAN_POINT('',(-1.59,1.59,9.14));
#6026 = LINE('',#6027,#6028);
#6027 = CARTESIAN_POINT('',(-0.95,1.59,9.14));
#6028 = VECTOR('',#6029,1.);
#6029 = DIRECTION('',(-1.,0.,0.));
#6030 = ORIENTED_EDGE('',*,*,#6031,.T.);
#6031 = EDGE_CURVE('',#6024,#5007,#6032,.T.);
#6032 = LINE('',#6033,#6034);
#6033 = CARTESIAN_POINT('',(-1.59,1.59,9.3));
#6034 = VECTOR('',#6035,1.);
#6035 = DIRECTION('',(0.,0.,-1.));
#6036 = PLANE('',#6037);
#6037 = AXIS2_PLACEMENT_3D('',#6038,#6039,#6040);
#6038 = CARTESIAN_POINT('',(-1.581171617162,1.59,3.871171617162));
#6039 = DIRECTION('',(1.011993902524E-31,-1.,-1.352691594178E-32));
#6040 = DIRECTION('',(-1.,-1.011993902524E-31,6.409692564632E-80));
#6041 = ADVANCED_FACE('',(#6042),#6053,.F.);
#6042 = FACE_BOUND('',#6043,.F.);
#6043 = EDGE_LOOP('',(#6044,#6045,#6051,#6052));
#6044 = ORIENTED_EDGE('',*,*,#6031,.F.);
#6045 = ORIENTED_EDGE('',*,*,#6046,.T.);
#6046 = EDGE_CURVE('',#6024,#5976,#6047,.T.);
#6047 = LINE('',#6048,#6049);
#6048 = CARTESIAN_POINT('',(-1.59,1.59,9.14));
#6049 = VECTOR('',#6050,1.);
#6050 = DIRECTION('',(0.,-1.,0.));
#6051 = ORIENTED_EDGE('',*,*,#5983,.T.);
#6052 = ORIENTED_EDGE('',*,*,#5006,.T.);
#6053 = PLANE('',#6054);
#6054 = AXIS2_PLACEMENT_3D('',#6055,#6056,#6057);
#6055 = CARTESIAN_POINT('',(-1.59,1.59,9.3));
#6056 = DIRECTION('',(1.,0.,0.));
#6057 = DIRECTION('',(0.,0.,-1.));
#6058 = ADVANCED_FACE('',(#6059),#6084,.T.);
#6059 = FACE_BOUND('',#6060,.T.);
#6060 = EDGE_LOOP('',(#6061,#6062,#6070,#6078));
#6061 = ORIENTED_EDGE('',*,*,#5030,.T.);
#6062 = ORIENTED_EDGE('',*,*,#6063,.T.);
#6063 = EDGE_CURVE('',#5033,#6064,#6066,.T.);
#6064 = VERTEX_POINT('',#6065);
#6065 = CARTESIAN_POINT('',(-0.95,-1.59,9.14));
#6066 = LINE('',#6067,#6068);
#6067 = CARTESIAN_POINT('',(-0.95,-1.59,5.551115123126E-16));
#6068 = VECTOR('',#6069,1.);
#6069 = DIRECTION('',(-2.387576397043E-17,0.,1.));
#6070 = ORIENTED_EDGE('',*,*,#6071,.T.);
#6071 = EDGE_CURVE('',#6064,#6072,#6074,.T.);
#6072 = VERTEX_POINT('',#6073);
#6073 = CARTESIAN_POINT('',(-1.59,-1.59,9.14));
#6074 = LINE('',#6075,#6076);
#6075 = CARTESIAN_POINT('',(-0.95,-1.59,9.14));
#6076 = VECTOR('',#6077,1.);
#6077 = DIRECTION('',(-1.,0.,0.));
#6078 = ORIENTED_EDGE('',*,*,#6079,.T.);
#6079 = EDGE_CURVE('',#6072,#5031,#6080,.T.);
#6080 = LINE('',#6081,#6082);
#6081 = CARTESIAN_POINT('',(-1.59,-1.59,9.3));
#6082 = VECTOR('',#6083,1.);
#6083 = DIRECTION('',(0.,0.,-1.));
#6084 = PLANE('',#6085);
#6085 = AXIS2_PLACEMENT_3D('',#6086,#6087,#6088);
#6086 = CARTESIAN_POINT('',(-1.581171617162,-1.59,3.871171617162));
#6087 = DIRECTION('',(1.011993902524E-31,-1.,-1.352691594178E-32));
#6088 = DIRECTION('',(-1.,-1.011993902524E-31,6.409692564632E-80));
#6089 = ADVANCED_FACE('',(#6090),#6108,.F.);
#6090 = FACE_BOUND('',#6091,.F.);
#6091 = EDGE_LOOP('',(#6092,#6100,#6101,#6102));
#6092 = ORIENTED_EDGE('',*,*,#6093,.F.);
#6093 = EDGE_CURVE('',#5049,#6094,#6096,.T.);
#6094 = VERTEX_POINT('',#6095);
#6095 = CARTESIAN_POINT('',(-0.95,-0.95,9.14));
#6096 = LINE('',#6097,#6098);
#6097 = CARTESIAN_POINT('',(-0.95,-0.95,5.551115123126E-16));
#6098 = VECTOR('',#6099,1.);
#6099 = DIRECTION('',(-2.387576397043E-17,0.,1.));
#6100 = ORIENTED_EDGE('',*,*,#5056,.T.);
#6101 = ORIENTED_EDGE('',*,*,#6063,.T.);
#6102 = ORIENTED_EDGE('',*,*,#6103,.F.);
#6103 = EDGE_CURVE('',#6094,#6064,#6104,.T.);
#6104 = LINE('',#6105,#6106);
#6105 = CARTESIAN_POINT('',(-0.95,-0.95,9.14));
#6106 = VECTOR('',#6107,1.);
#6107 = DIRECTION('',(0.,-1.,0.));
#6108 = PLANE('',#6109);
#6109 = AXIS2_PLACEMENT_3D('',#6110,#6111,#6112);
#6110 = CARTESIAN_POINT('',(-0.95,-0.95,5.551115123126E-16));
#6111 = DIRECTION('',(-1.,-0.,-2.387576397043E-17));
#6112 = DIRECTION('',(-2.387576397043E-17,0.,1.));
#6113 = ADVANCED_FACE('',(#6114),#6132,.F.);
#6114 = FACE_BOUND('',#6115,.F.);
#6115 = EDGE_LOOP('',(#6116,#6117,#6118,#6126));
#6116 = ORIENTED_EDGE('',*,*,#5048,.T.);
#6117 = ORIENTED_EDGE('',*,*,#6093,.T.);
#6118 = ORIENTED_EDGE('',*,*,#6119,.T.);
#6119 = EDGE_CURVE('',#6094,#6120,#6122,.T.);
#6120 = VERTEX_POINT('',#6121);
#6121 = CARTESIAN_POINT('',(-1.59,-0.95,9.14));
#6122 = LINE('',#6123,#6124);
#6123 = CARTESIAN_POINT('',(-0.95,-0.95,9.14));
#6124 = VECTOR('',#6125,1.);
#6125 = DIRECTION('',(-1.,0.,0.));
#6126 = ORIENTED_EDGE('',*,*,#6127,.T.);
#6127 = EDGE_CURVE('',#6120,#5041,#6128,.T.);
#6128 = LINE('',#6129,#6130);
#6129 = CARTESIAN_POINT('',(-1.59,-0.95,9.3));
#6130 = VECTOR('',#6131,1.);
#6131 = DIRECTION('',(0.,0.,-1.));
#6132 = PLANE('',#6133);
#6133 = AXIS2_PLACEMENT_3D('',#6134,#6135,#6136);
#6134 = CARTESIAN_POINT('',(-1.581171617162,-0.95,3.871171617162));
#6135 = DIRECTION('',(1.011993902524E-31,-1.,-1.352691594178E-32));
#6136 = DIRECTION('',(-1.,-1.011993902524E-31,6.409692564632E-80));
#6137 = ADVANCED_FACE('',(#6138),#6149,.F.);
#6138 = FACE_BOUND('',#6139,.F.);
#6139 = EDGE_LOOP('',(#6140,#6141,#6147,#6148));
#6140 = ORIENTED_EDGE('',*,*,#6127,.F.);
#6141 = ORIENTED_EDGE('',*,*,#6142,.T.);
#6142 = EDGE_CURVE('',#6120,#6072,#6143,.T.);
#6143 = LINE('',#6144,#6145);
#6144 = CARTESIAN_POINT('',(-1.59,-0.95,9.14));
#6145 = VECTOR('',#6146,1.);
#6146 = DIRECTION('',(0.,-1.,0.));
#6147 = ORIENTED_EDGE('',*,*,#6079,.T.);
#6148 = ORIENTED_EDGE('',*,*,#5040,.T.);
#6149 = PLANE('',#6150);
#6150 = AXIS2_PLACEMENT_3D('',#6151,#6152,#6153);
#6151 = CARTESIAN_POINT('',(-1.59,-0.95,9.3));
#6152 = DIRECTION('',(1.,0.,0.));
#6153 = DIRECTION('',(0.,0.,-1.));
#6154 = ADVANCED_FACE('',(#6155),#6180,.T.);
#6155 = FACE_BOUND('',#6156,.T.);
#6156 = EDGE_LOOP('',(#6157,#6158,#6166,#6174));
#6157 = ORIENTED_EDGE('',*,*,#5064,.T.);
#6158 = ORIENTED_EDGE('',*,*,#6159,.T.);
#6159 = EDGE_CURVE('',#5067,#6160,#6162,.T.);
#6160 = VERTEX_POINT('',#6161);
#6161 = CARTESIAN_POINT('',(0.95,-0.95,9.14));
#6162 = LINE('',#6163,#6164);
#6163 = CARTESIAN_POINT('',(0.95,-0.95,5.551115123126E-16));
#6164 = VECTOR('',#6165,1.);
#6165 = DIRECTION('',(2.387576397043E-17,0.,1.));
#6166 = ORIENTED_EDGE('',*,*,#6167,.T.);
#6167 = EDGE_CURVE('',#6160,#6168,#6170,.T.);
#6168 = VERTEX_POINT('',#6169);
#6169 = CARTESIAN_POINT('',(1.59,-0.95,9.14));
#6170 = LINE('',#6171,#6172);
#6171 = CARTESIAN_POINT('',(0.95,-0.95,9.14));
#6172 = VECTOR('',#6173,1.);
#6173 = DIRECTION('',(1.,0.,0.));
#6174 = ORIENTED_EDGE('',*,*,#6175,.T.);
#6175 = EDGE_CURVE('',#6168,#5065,#6176,.T.);
#6176 = LINE('',#6177,#6178);
#6177 = CARTESIAN_POINT('',(1.59,-0.95,9.3));
#6178 = VECTOR('',#6179,1.);
#6179 = DIRECTION('',(0.,0.,-1.));
#6180 = PLANE('',#6181);
#6181 = AXIS2_PLACEMENT_3D('',#6182,#6183,#6184);
#6182 = CARTESIAN_POINT('',(1.581171617162,-0.95,3.871171617162));
#6183 = DIRECTION('',(1.011993902524E-31,1.,1.352691594178E-32));
#6184 = DIRECTION('',(1.,-1.011993902524E-31,6.409692564632E-80));
#6185 = ADVANCED_FACE('',(#6186),#6204,.T.);
#6186 = FACE_BOUND('',#6187,.T.);
#6187 = EDGE_LOOP('',(#6188,#6189,#6190,#6198));
#6188 = ORIENTED_EDGE('',*,*,#6159,.F.);
#6189 = ORIENTED_EDGE('',*,*,#5090,.T.);
#6190 = ORIENTED_EDGE('',*,*,#6191,.T.);
#6191 = EDGE_CURVE('',#5083,#6192,#6194,.T.);
#6192 = VERTEX_POINT('',#6193);
#6193 = CARTESIAN_POINT('',(0.95,-1.59,9.14));
#6194 = LINE('',#6195,#6196);
#6195 = CARTESIAN_POINT('',(0.95,-1.59,5.551115123126E-16));
#6196 = VECTOR('',#6197,1.);
#6197 = DIRECTION('',(2.387576397043E-17,0.,1.));
#6198 = ORIENTED_EDGE('',*,*,#6199,.F.);
#6199 = EDGE_CURVE('',#6160,#6192,#6200,.T.);
#6200 = LINE('',#6201,#6202);
#6201 = CARTESIAN_POINT('',(0.95,-0.95,9.14));
#6202 = VECTOR('',#6203,1.);
#6203 = DIRECTION('',(0.,-1.,0.));
#6204 = PLANE('',#6205);
#6205 = AXIS2_PLACEMENT_3D('',#6206,#6207,#6208);
#6206 = CARTESIAN_POINT('',(0.95,-0.95,5.551115123126E-16));
#6207 = DIRECTION('',(-1.,0.,2.387576397043E-17));
#6208 = DIRECTION('',(2.387576397043E-17,0.,1.));
#6209 = ADVANCED_FACE('',(#6210),#6228,.F.);
#6210 = FACE_BOUND('',#6211,.F.);
#6211 = EDGE_LOOP('',(#6212,#6213,#6214,#6222));
#6212 = ORIENTED_EDGE('',*,*,#5082,.T.);
#6213 = ORIENTED_EDGE('',*,*,#6191,.T.);
#6214 = ORIENTED_EDGE('',*,*,#6215,.T.);
#6215 = EDGE_CURVE('',#6192,#6216,#6218,.T.);
#6216 = VERTEX_POINT('',#6217);
#6217 = CARTESIAN_POINT('',(1.59,-1.59,9.14));
#6218 = LINE('',#6219,#6220);
#6219 = CARTESIAN_POINT('',(0.95,-1.59,9.14));
#6220 = VECTOR('',#6221,1.);
#6221 = DIRECTION('',(1.,0.,0.));
#6222 = ORIENTED_EDGE('',*,*,#6223,.T.);
#6223 = EDGE_CURVE('',#6216,#5075,#6224,.T.);
#6224 = LINE('',#6225,#6226);
#6225 = CARTESIAN_POINT('',(1.59,-1.59,9.3));
#6226 = VECTOR('',#6227,1.);
#6227 = DIRECTION('',(0.,0.,-1.));
#6228 = PLANE('',#6229);
#6229 = AXIS2_PLACEMENT_3D('',#6230,#6231,#6232);
#6230 = CARTESIAN_POINT('',(1.581171617162,-1.59,3.871171617162));
#6231 = DIRECTION('',(1.011993902524E-31,1.,1.352691594178E-32));
#6232 = DIRECTION('',(1.,-1.011993902524E-31,6.409692564632E-80));
#6233 = ADVANCED_FACE('',(#6234),#6245,.T.);
#6234 = FACE_BOUND('',#6235,.T.);
#6235 = EDGE_LOOP('',(#6236,#6237,#6243,#6244));
#6236 = ORIENTED_EDGE('',*,*,#6175,.F.);
#6237 = ORIENTED_EDGE('',*,*,#6238,.T.);
#6238 = EDGE_CURVE('',#6168,#6216,#6239,.T.);
#6239 = LINE('',#6240,#6241);
#6240 = CARTESIAN_POINT('',(1.59,-0.95,9.14));
#6241 = VECTOR('',#6242,1.);
#6242 = DIRECTION('',(0.,-1.,0.));
#6243 = ORIENTED_EDGE('',*,*,#6223,.T.);
#6244 = ORIENTED_EDGE('',*,*,#5074,.T.);
#6245 = PLANE('',#6246);
#6246 = AXIS2_PLACEMENT_3D('',#6247,#6248,#6249);
#6247 = CARTESIAN_POINT('',(1.59,-0.95,9.3));
#6248 = DIRECTION('',(1.,0.,0.));
#6249 = DIRECTION('',(0.,0.,-1.));
#6250 = ADVANCED_FACE('',(#6251),#6262,.T.);
#6251 = FACE_BOUND('',#6252,.T.);
#6252 = EDGE_LOOP('',(#6253,#6259,#6260,#6261));
#6253 = ORIENTED_EDGE('',*,*,#6254,.T.);
#6254 = EDGE_CURVE('',#5401,#5328,#6255,.T.);
#6255 = LINE('',#6256,#6257);
#6256 = CARTESIAN_POINT('',(1.59,1.59,4.440892098501E-16));
#6257 = VECTOR('',#6258,1.);
#6258 = DIRECTION('',(0.,-1.,0.));
#6259 = ORIENTED_EDGE('',*,*,#5335,.T.);
#6260 = ORIENTED_EDGE('',*,*,#5294,.F.);
#6261 = ORIENTED_EDGE('',*,*,#5408,.F.);
#6262 = CYLINDRICAL_SURFACE('',#6263,0.64);
#6263 = AXIS2_PLACEMENT_3D('',#6264,#6265,#6266);
#6264 = CARTESIAN_POINT('',(1.59,1.59,0.64));
#6265 = DIRECTION('',(0.,-1.,0.));
#6266 = DIRECTION('',(-0.,-0.,-1.));
#6267 = ADVANCED_FACE('',(#6268),#6293,.F.);
#6268 = FACE_BOUND('',#6269,.F.);
#6269 = EDGE_LOOP('',(#6270,#6278,#6286,#6292));
#6270 = ORIENTED_EDGE('',*,*,#6271,.T.);
#6271 = EDGE_CURVE('',#5318,#6272,#6274,.T.);
#6272 = VERTEX_POINT('',#6273);
#6273 = CARTESIAN_POINT('',(3.77,1.11,0.48));
#6274 = LINE('',#6275,#6276);
#6275 = CARTESIAN_POINT('',(3.77,1.11,0.48));
#6276 = VECTOR('',#6277,1.);
#6277 = DIRECTION('',(0.57735026919,0.57735026919,-0.57735026919));
#6278 = ORIENTED_EDGE('',*,*,#6279,.T.);
#6279 = EDGE_CURVE('',#6272,#6280,#6282,.T.);
#6280 = VERTEX_POINT('',#6281);
#6281 = CARTESIAN_POINT('',(3.77,1.11,0.16));
#6282 = LINE('',#6283,#6284);
#6283 = CARTESIAN_POINT('',(3.77,1.11,0.64));
#6284 = VECTOR('',#6285,1.);
#6285 = DIRECTION('',(0.,0.,-1.));
#6286 = ORIENTED_EDGE('',*,*,#6287,.T.);
#6287 = EDGE_CURVE('',#6280,#5320,#6288,.T.);
#6288 = LINE('',#6289,#6290);
#6289 = CARTESIAN_POINT('',(3.876666666667,1.216666666667,0.266666666667
    ));
#6290 = VECTOR('',#6291,1.);
#6291 = DIRECTION('',(-0.57735026919,-0.57735026919,-0.57735026919));
#6292 = ORIENTED_EDGE('',*,*,#5317,.F.);
#6293 = PLANE('',#6294);
#6294 = AXIS2_PLACEMENT_3D('',#6295,#6296,#6297);
#6295 = CARTESIAN_POINT('',(3.69,1.03,0.64));
#6296 = DIRECTION('',(-0.707106781187,0.707106781187,0.));
#6297 = DIRECTION('',(0.,0.,-1.));
#6298 = ADVANCED_FACE('',(#6299),#6310,.T.);
#6299 = FACE_BOUND('',#6300,.T.);
#6300 = EDGE_LOOP('',(#6301,#6302,#6303,#6304));
#6301 = ORIENTED_EDGE('',*,*,#5418,.F.);
#6302 = ORIENTED_EDGE('',*,*,#5376,.T.);
#6303 = ORIENTED_EDGE('',*,*,#5352,.T.);
#6304 = ORIENTED_EDGE('',*,*,#6305,.F.);
#6305 = EDGE_CURVE('',#5391,#5318,#6306,.T.);
#6306 = LINE('',#6307,#6308);
#6307 = CARTESIAN_POINT('',(3.61,1.59,0.64));
#6308 = VECTOR('',#6309,1.);
#6309 = DIRECTION('',(0.,-1.,0.));
#6310 = PLANE('',#6311);
#6311 = AXIS2_PLACEMENT_3D('',#6312,#6313,#6314);
#6312 = CARTESIAN_POINT('',(1.59,1.59,0.64));
#6313 = DIRECTION('',(0.,0.,1.));
#6314 = DIRECTION('',(1.,0.,-0.));
#6315 = ADVANCED_FACE('',(#6316),#6327,.T.);
#6316 = FACE_BOUND('',#6317,.T.);
#6317 = EDGE_LOOP('',(#6318,#6319,#6325,#6326));
#6318 = ORIENTED_EDGE('',*,*,#5400,.F.);
#6319 = ORIENTED_EDGE('',*,*,#6320,.T.);
#6320 = EDGE_CURVE('',#5393,#5320,#6321,.T.);
#6321 = LINE('',#6322,#6323);
#6322 = CARTESIAN_POINT('',(3.61,1.59,5.551115123126E-16));
#6323 = VECTOR('',#6324,1.);
#6324 = DIRECTION('',(0.,-1.,0.));
#6325 = ORIENTED_EDGE('',*,*,#5327,.T.);
#6326 = ORIENTED_EDGE('',*,*,#6254,.F.);
#6327 = PLANE('',#6328);
#6328 = AXIS2_PLACEMENT_3D('',#6329,#6330,#6331);
#6329 = CARTESIAN_POINT('',(3.77,1.59,5.551115123126E-16));
#6330 = DIRECTION('',(-0.,-0.,-1.));
#6331 = DIRECTION('',(-1.,0.,0.));
#6332 = ADVANCED_FACE('',(#6333),#6358,.T.);
#6333 = FACE_BOUND('',#6334,.F.);
#6334 = EDGE_LOOP('',(#6335,#6343,#6344,#6352));
#6335 = ORIENTED_EDGE('',*,*,#6336,.F.);
#6336 = EDGE_CURVE('',#5391,#6337,#6339,.T.);
#6337 = VERTEX_POINT('',#6338);
#6338 = CARTESIAN_POINT('',(3.77,1.43,0.48));
#6339 = LINE('',#6340,#6341);
#6340 = CARTESIAN_POINT('',(3.663333333333,1.536666666667,0.586666666667
    ));
#6341 = VECTOR('',#6342,1.);
#6342 = DIRECTION('',(0.57735026919,-0.57735026919,-0.57735026919));
#6343 = ORIENTED_EDGE('',*,*,#5390,.T.);
#6344 = ORIENTED_EDGE('',*,*,#6345,.T.);
#6345 = EDGE_CURVE('',#5393,#6346,#6348,.T.);
#6346 = VERTEX_POINT('',#6347);
#6347 = CARTESIAN_POINT('',(3.77,1.43,0.16));
#6348 = LINE('',#6349,#6350);
#6349 = CARTESIAN_POINT('',(3.77,1.43,0.16));
#6350 = VECTOR('',#6351,1.);
#6351 = DIRECTION('',(0.57735026919,-0.57735026919,0.57735026919));
#6352 = ORIENTED_EDGE('',*,*,#6353,.F.);
#6353 = EDGE_CURVE('',#6337,#6346,#6354,.T.);
#6354 = LINE('',#6355,#6356);
#6355 = CARTESIAN_POINT('',(3.77,1.43,0.64));
#6356 = VECTOR('',#6357,1.);
#6357 = DIRECTION('',(0.,0.,-1.));
#6358 = PLANE('',#6359);
#6359 = AXIS2_PLACEMENT_3D('',#6360,#6361,#6362);
#6360 = CARTESIAN_POINT('',(3.69,1.51,0.64));
#6361 = DIRECTION('',(0.707106781187,0.707106781187,1.735167508357E-18)
  );
#6362 = DIRECTION('',(-1.226948711654E-18,-1.226948711654E-18,1.));
#6363 = ADVANCED_FACE('',(#6364),#6389,.F.);
#6364 = FACE_BOUND('',#6365,.T.);
#6365 = EDGE_LOOP('',(#6366,#6374,#6382,#6388));
#6366 = ORIENTED_EDGE('',*,*,#6367,.T.);
#6367 = EDGE_CURVE('',#5433,#6368,#6370,.T.);
#6368 = VERTEX_POINT('',#6369);
#6369 = CARTESIAN_POINT('',(-3.77,1.11,0.48));
#6370 = LINE('',#6371,#6372);
#6371 = CARTESIAN_POINT('',(-3.77,1.11,0.48));
#6372 = VECTOR('',#6373,1.);
#6373 = DIRECTION('',(-0.57735026919,0.57735026919,-0.57735026919));
#6374 = ORIENTED_EDGE('',*,*,#6375,.T.);
#6375 = EDGE_CURVE('',#6368,#6376,#6378,.T.);
#6376 = VERTEX_POINT('',#6377);
#6377 = CARTESIAN_POINT('',(-3.77,1.11,0.16));
#6378 = LINE('',#6379,#6380);
#6379 = CARTESIAN_POINT('',(-3.77,1.11,0.64));
#6380 = VECTOR('',#6381,1.);
#6381 = DIRECTION('',(0.,0.,-1.));
#6382 = ORIENTED_EDGE('',*,*,#6383,.T.);
#6383 = EDGE_CURVE('',#6376,#5435,#6384,.T.);
#6384 = LINE('',#6385,#6386);
#6385 = CARTESIAN_POINT('',(-3.876666666667,1.216666666667,
    0.266666666667));
#6386 = VECTOR('',#6387,1.);
#6387 = DIRECTION('',(0.57735026919,-0.57735026919,-0.57735026919));
#6388 = ORIENTED_EDGE('',*,*,#5432,.F.);
#6389 = PLANE('',#6390);
#6390 = AXIS2_PLACEMENT_3D('',#6391,#6392,#6393);
#6391 = CARTESIAN_POINT('',(-3.69,1.03,0.64));
#6392 = DIRECTION('',(0.707106781187,0.707106781187,0.));
#6393 = DIRECTION('',(0.,-0.,1.));
#6394 = ADVANCED_FACE('',(#6395),#6406,.F.);
#6395 = FACE_BOUND('',#6396,.F.);
#6396 = EDGE_LOOP('',(#6397,#6398,#6399,#6400));
#6397 = ORIENTED_EDGE('',*,*,#5547,.F.);
#6398 = ORIENTED_EDGE('',*,*,#5564,.T.);
#6399 = ORIENTED_EDGE('',*,*,#5474,.T.);
#6400 = ORIENTED_EDGE('',*,*,#6401,.F.);
#6401 = EDGE_CURVE('',#5513,#5433,#6402,.T.);
#6402 = LINE('',#6403,#6404);
#6403 = CARTESIAN_POINT('',(-3.61,1.59,0.64));
#6404 = VECTOR('',#6405,1.);
#6405 = DIRECTION('',(0.,-1.,0.));
#6406 = PLANE('',#6407);
#6407 = AXIS2_PLACEMENT_3D('',#6408,#6409,#6410);
#6408 = CARTESIAN_POINT('',(-1.59,1.59,0.64));
#6409 = DIRECTION('',(-0.,-0.,-1.));
#6410 = DIRECTION('',(-1.,0.,0.));
#6411 = ADVANCED_FACE('',(#6412),#6423,.T.);
#6412 = FACE_BOUND('',#6413,.T.);
#6413 = EDGE_LOOP('',(#6414,#6415,#6416,#6417));
#6414 = ORIENTED_EDGE('',*,*,#5530,.T.);
#6415 = ORIENTED_EDGE('',*,*,#5496,.T.);
#6416 = ORIENTED_EDGE('',*,*,#5450,.F.);
#6417 = ORIENTED_EDGE('',*,*,#6418,.F.);
#6418 = EDGE_CURVE('',#5523,#5443,#6419,.T.);
#6419 = LINE('',#6420,#6421);
#6420 = CARTESIAN_POINT('',(-1.59,1.59,4.440892098501E-16));
#6421 = VECTOR('',#6422,1.);
#6422 = DIRECTION('',(0.,-1.,0.));
#6423 = CYLINDRICAL_SURFACE('',#6424,0.64);
#6424 = AXIS2_PLACEMENT_3D('',#6425,#6426,#6427);
#6425 = CARTESIAN_POINT('',(-1.59,1.59,0.64));
#6426 = DIRECTION('',(0.,-1.,0.));
#6427 = DIRECTION('',(0.,0.,-1.));
#6428 = ADVANCED_FACE('',(#6429),#6440,.F.);
#6429 = FACE_BOUND('',#6430,.F.);
#6430 = EDGE_LOOP('',(#6431,#6432,#6438,#6439));
#6431 = ORIENTED_EDGE('',*,*,#5522,.F.);
#6432 = ORIENTED_EDGE('',*,*,#6433,.T.);
#6433 = EDGE_CURVE('',#5515,#5435,#6434,.T.);
#6434 = LINE('',#6435,#6436);
#6435 = CARTESIAN_POINT('',(-3.61,1.59,5.551115123126E-16));
#6436 = VECTOR('',#6437,1.);
#6437 = DIRECTION('',(0.,-1.,0.));
#6438 = ORIENTED_EDGE('',*,*,#5442,.T.);
#6439 = ORIENTED_EDGE('',*,*,#6418,.F.);
#6440 = PLANE('',#6441);
#6441 = AXIS2_PLACEMENT_3D('',#6442,#6443,#6444);
#6442 = CARTESIAN_POINT('',(-3.77,1.59,5.551115123126E-16));
#6443 = DIRECTION('',(0.,0.,1.));
#6444 = DIRECTION('',(1.,0.,-0.));
#6445 = ADVANCED_FACE('',(#6446),#6471,.T.);
#6446 = FACE_BOUND('',#6447,.T.);
#6447 = EDGE_LOOP('',(#6448,#6456,#6457,#6465));
#6448 = ORIENTED_EDGE('',*,*,#6449,.F.);
#6449 = EDGE_CURVE('',#5513,#6450,#6452,.T.);
#6450 = VERTEX_POINT('',#6451);
#6451 = CARTESIAN_POINT('',(-3.77,1.43,0.48));
#6452 = LINE('',#6453,#6454);
#6453 = CARTESIAN_POINT('',(-3.663333333333,1.536666666667,
    0.586666666667));
#6454 = VECTOR('',#6455,1.);
#6455 = DIRECTION('',(-0.57735026919,-0.57735026919,-0.57735026919));
#6456 = ORIENTED_EDGE('',*,*,#5512,.T.);
#6457 = ORIENTED_EDGE('',*,*,#6458,.T.);
#6458 = EDGE_CURVE('',#5515,#6459,#6461,.T.);
#6459 = VERTEX_POINT('',#6460);
#6460 = CARTESIAN_POINT('',(-3.77,1.43,0.16));
#6461 = LINE('',#6462,#6463);
#6462 = CARTESIAN_POINT('',(-3.77,1.43,0.16));
#6463 = VECTOR('',#6464,1.);
#6464 = DIRECTION('',(-0.57735026919,-0.57735026919,0.57735026919));
#6465 = ORIENTED_EDGE('',*,*,#6466,.F.);
#6466 = EDGE_CURVE('',#6450,#6459,#6467,.T.);
#6467 = LINE('',#6468,#6469);
#6468 = CARTESIAN_POINT('',(-3.77,1.43,0.64));
#6469 = VECTOR('',#6470,1.);
#6470 = DIRECTION('',(0.,0.,-1.));
#6471 = PLANE('',#6472);
#6472 = AXIS2_PLACEMENT_3D('',#6473,#6474,#6475);
#6473 = CARTESIAN_POINT('',(-3.69,1.51,0.64));
#6474 = DIRECTION('',(-0.707106781187,0.707106781187,-1.735167508357E-18
    ));
#6475 = DIRECTION('',(1.226948711654E-18,-1.226948711654E-18,-1.));
#6476 = ADVANCED_FACE('',(#6477),#6502,.F.);
#6477 = FACE_BOUND('',#6478,.T.);
#6478 = EDGE_LOOP('',(#6479,#6487,#6495,#6501));
#6479 = ORIENTED_EDGE('',*,*,#6480,.T.);
#6480 = EDGE_CURVE('',#5579,#6481,#6483,.T.);
#6481 = VERTEX_POINT('',#6482);
#6482 = CARTESIAN_POINT('',(-3.77,-1.43,0.48));
#6483 = LINE('',#6484,#6485);
#6484 = CARTESIAN_POINT('',(-3.77,-1.43,0.48));
#6485 = VECTOR('',#6486,1.);
#6486 = DIRECTION('',(-0.57735026919,0.57735026919,-0.57735026919));
#6487 = ORIENTED_EDGE('',*,*,#6488,.T.);
#6488 = EDGE_CURVE('',#6481,#6489,#6491,.T.);
#6489 = VERTEX_POINT('',#6490);
#6490 = CARTESIAN_POINT('',(-3.77,-1.43,0.16));
#6491 = LINE('',#6492,#6493);
#6492 = CARTESIAN_POINT('',(-3.77,-1.43,0.64));
#6493 = VECTOR('',#6494,1.);
#6494 = DIRECTION('',(0.,0.,-1.));
#6495 = ORIENTED_EDGE('',*,*,#6496,.T.);
#6496 = EDGE_CURVE('',#6489,#5581,#6497,.T.);
#6497 = LINE('',#6498,#6499);
#6498 = CARTESIAN_POINT('',(-3.876666666667,-1.323333333333,
    0.266666666667));
#6499 = VECTOR('',#6500,1.);
#6500 = DIRECTION('',(0.57735026919,-0.57735026919,-0.57735026919));
#6501 = ORIENTED_EDGE('',*,*,#5578,.F.);
#6502 = PLANE('',#6503);
#6503 = AXIS2_PLACEMENT_3D('',#6504,#6505,#6506);
#6504 = CARTESIAN_POINT('',(-3.69,-1.51,0.64));
#6505 = DIRECTION('',(0.707106781187,0.707106781187,0.));
#6506 = DIRECTION('',(0.,-0.,1.));
#6507 = ADVANCED_FACE('',(#6508),#6519,.F.);
#6508 = FACE_BOUND('',#6509,.F.);
#6509 = EDGE_LOOP('',(#6510,#6511,#6512,#6513));
#6510 = ORIENTED_EDGE('',*,*,#5693,.F.);
#6511 = ORIENTED_EDGE('',*,*,#5710,.T.);
#6512 = ORIENTED_EDGE('',*,*,#5620,.T.);
#6513 = ORIENTED_EDGE('',*,*,#6514,.F.);
#6514 = EDGE_CURVE('',#5659,#5579,#6515,.T.);
#6515 = LINE('',#6516,#6517);
#6516 = CARTESIAN_POINT('',(-3.61,-0.95,0.64));
#6517 = VECTOR('',#6518,1.);
#6518 = DIRECTION('',(0.,-1.,0.));
#6519 = PLANE('',#6520);
#6520 = AXIS2_PLACEMENT_3D('',#6521,#6522,#6523);
#6521 = CARTESIAN_POINT('',(-1.59,-0.95,0.64));
#6522 = DIRECTION('',(-0.,-0.,-1.));
#6523 = DIRECTION('',(-1.,0.,0.));
#6524 = ADVANCED_FACE('',(#6525),#6536,.T.);
#6525 = FACE_BOUND('',#6526,.T.);
#6526 = EDGE_LOOP('',(#6527,#6528,#6529,#6530));
#6527 = ORIENTED_EDGE('',*,*,#5676,.T.);
#6528 = ORIENTED_EDGE('',*,*,#5642,.T.);
#6529 = ORIENTED_EDGE('',*,*,#5596,.F.);
#6530 = ORIENTED_EDGE('',*,*,#6531,.F.);
#6531 = EDGE_CURVE('',#5669,#5589,#6532,.T.);
#6532 = LINE('',#6533,#6534);
#6533 = CARTESIAN_POINT('',(-1.59,-0.95,4.440892098501E-16));
#6534 = VECTOR('',#6535,1.);
#6535 = DIRECTION('',(0.,-1.,0.));
#6536 = CYLINDRICAL_SURFACE('',#6537,0.64);
#6537 = AXIS2_PLACEMENT_3D('',#6538,#6539,#6540);
#6538 = CARTESIAN_POINT('',(-1.59,-0.95,0.64));
#6539 = DIRECTION('',(0.,-1.,0.));
#6540 = DIRECTION('',(0.,0.,-1.));
#6541 = ADVANCED_FACE('',(#6542),#6553,.F.);
#6542 = FACE_BOUND('',#6543,.F.);
#6543 = EDGE_LOOP('',(#6544,#6545,#6551,#6552));
#6544 = ORIENTED_EDGE('',*,*,#5668,.F.);
#6545 = ORIENTED_EDGE('',*,*,#6546,.T.);
#6546 = EDGE_CURVE('',#5661,#5581,#6547,.T.);
#6547 = LINE('',#6548,#6549);
#6548 = CARTESIAN_POINT('',(-3.61,-0.95,5.551115123126E-16));
#6549 = VECTOR('',#6550,1.);
#6550 = DIRECTION('',(0.,-1.,0.));
#6551 = ORIENTED_EDGE('',*,*,#5588,.T.);
#6552 = ORIENTED_EDGE('',*,*,#6531,.F.);
#6553 = PLANE('',#6554);
#6554 = AXIS2_PLACEMENT_3D('',#6555,#6556,#6557);
#6555 = CARTESIAN_POINT('',(-3.77,-0.95,5.551115123126E-16));
#6556 = DIRECTION('',(0.,0.,1.));
#6557 = DIRECTION('',(1.,0.,-0.));
#6558 = ADVANCED_FACE('',(#6559),#6584,.T.);
#6559 = FACE_BOUND('',#6560,.T.);
#6560 = EDGE_LOOP('',(#6561,#6569,#6570,#6578));
#6561 = ORIENTED_EDGE('',*,*,#6562,.F.);
#6562 = EDGE_CURVE('',#5659,#6563,#6565,.T.);
#6563 = VERTEX_POINT('',#6564);
#6564 = CARTESIAN_POINT('',(-3.77,-1.11,0.48));
#6565 = LINE('',#6566,#6567);
#6566 = CARTESIAN_POINT('',(-3.663333333333,-1.003333333333,
    0.586666666667));
#6567 = VECTOR('',#6568,1.);
#6568 = DIRECTION('',(-0.57735026919,-0.57735026919,-0.57735026919));
#6569 = ORIENTED_EDGE('',*,*,#5658,.T.);
#6570 = ORIENTED_EDGE('',*,*,#6571,.T.);
#6571 = EDGE_CURVE('',#5661,#6572,#6574,.T.);
#6572 = VERTEX_POINT('',#6573);
#6573 = CARTESIAN_POINT('',(-3.77,-1.11,0.16));
#6574 = LINE('',#6575,#6576);
#6575 = CARTESIAN_POINT('',(-3.77,-1.11,0.16));
#6576 = VECTOR('',#6577,1.);
#6577 = DIRECTION('',(-0.57735026919,-0.57735026919,0.57735026919));
#6578 = ORIENTED_EDGE('',*,*,#6579,.F.);
#6579 = EDGE_CURVE('',#6563,#6572,#6580,.T.);
#6580 = LINE('',#6581,#6582);
#6581 = CARTESIAN_POINT('',(-3.77,-1.11,0.64));
#6582 = VECTOR('',#6583,1.);
#6583 = DIRECTION('',(0.,0.,-1.));
#6584 = PLANE('',#6585);
#6585 = AXIS2_PLACEMENT_3D('',#6586,#6587,#6588);
#6586 = CARTESIAN_POINT('',(-3.69,-1.03,0.64));
#6587 = DIRECTION('',(-0.707106781187,0.707106781187,-1.735167508357E-18
    ));
#6588 = DIRECTION('',(1.226948711654E-18,-1.226948711654E-18,-1.));
#6589 = ADVANCED_FACE('',(#6590),#6615,.T.);
#6590 = FACE_BOUND('',#6591,.F.);
#6591 = EDGE_LOOP('',(#6592,#6600,#6601,#6609));
#6592 = ORIENTED_EDGE('',*,*,#6593,.F.);
#6593 = EDGE_CURVE('',#5725,#6594,#6596,.T.);
#6594 = VERTEX_POINT('',#6595);
#6595 = CARTESIAN_POINT('',(3.77,-1.11,0.48));
#6596 = LINE('',#6597,#6598);
#6597 = CARTESIAN_POINT('',(3.663333333333,-1.003333333333,
    0.586666666667));
#6598 = VECTOR('',#6599,1.);
#6599 = DIRECTION('',(0.57735026919,-0.57735026919,-0.57735026919));
#6600 = ORIENTED_EDGE('',*,*,#5724,.T.);
#6601 = ORIENTED_EDGE('',*,*,#6602,.T.);
#6602 = EDGE_CURVE('',#5727,#6603,#6605,.T.);
#6603 = VERTEX_POINT('',#6604);
#6604 = CARTESIAN_POINT('',(3.77,-1.11,0.16));
#6605 = LINE('',#6606,#6607);
#6606 = CARTESIAN_POINT('',(3.77,-1.11,0.16));
#6607 = VECTOR('',#6608,1.);
#6608 = DIRECTION('',(0.57735026919,-0.57735026919,0.57735026919));
#6609 = ORIENTED_EDGE('',*,*,#6610,.F.);
#6610 = EDGE_CURVE('',#6594,#6603,#6611,.T.);
#6611 = LINE('',#6612,#6613);
#6612 = CARTESIAN_POINT('',(3.77,-1.11,0.64));
#6613 = VECTOR('',#6614,1.);
#6614 = DIRECTION('',(0.,0.,-1.));
#6615 = PLANE('',#6616);
#6616 = AXIS2_PLACEMENT_3D('',#6617,#6618,#6619);
#6617 = CARTESIAN_POINT('',(3.69,-1.03,0.64));
#6618 = DIRECTION('',(0.707106781187,0.707106781187,1.735167508357E-18)
  );
#6619 = DIRECTION('',(-1.226948711654E-18,-1.226948711654E-18,1.));
#6620 = ADVANCED_FACE('',(#6621),#6632,.T.);
#6621 = FACE_BOUND('',#6622,.T.);
#6622 = EDGE_LOOP('',(#6623,#6624,#6625,#6626));
#6623 = ORIENTED_EDGE('',*,*,#5766,.F.);
#6624 = ORIENTED_EDGE('',*,*,#5856,.T.);
#6625 = ORIENTED_EDGE('',*,*,#5839,.T.);
#6626 = ORIENTED_EDGE('',*,*,#6627,.F.);
#6627 = EDGE_CURVE('',#5725,#5805,#6628,.T.);
#6628 = LINE('',#6629,#6630);
#6629 = CARTESIAN_POINT('',(3.61,-0.95,0.64));
#6630 = VECTOR('',#6631,1.);
#6631 = DIRECTION('',(0.,-1.,0.));
#6632 = PLANE('',#6633);
#6633 = AXIS2_PLACEMENT_3D('',#6634,#6635,#6636);
#6634 = CARTESIAN_POINT('',(1.59,-0.95,0.64));
#6635 = DIRECTION('',(0.,0.,1.));
#6636 = DIRECTION('',(1.,0.,-0.));
#6637 = ADVANCED_FACE('',(#6638),#6649,.T.);
#6638 = FACE_BOUND('',#6639,.T.);
#6639 = EDGE_LOOP('',(#6640,#6646,#6647,#6648));
#6640 = ORIENTED_EDGE('',*,*,#6641,.T.);
#6641 = EDGE_CURVE('',#5735,#5815,#6642,.T.);
#6642 = LINE('',#6643,#6644);
#6643 = CARTESIAN_POINT('',(1.59,-0.95,4.440892098501E-16));
#6644 = VECTOR('',#6645,1.);
#6645 = DIRECTION('',(0.,-1.,0.));
#6646 = ORIENTED_EDGE('',*,*,#5822,.T.);
#6647 = ORIENTED_EDGE('',*,*,#5781,.F.);
#6648 = ORIENTED_EDGE('',*,*,#5742,.F.);
#6649 = CYLINDRICAL_SURFACE('',#6650,0.64);
#6650 = AXIS2_PLACEMENT_3D('',#6651,#6652,#6653);
#6651 = CARTESIAN_POINT('',(1.59,-0.95,0.64));
#6652 = DIRECTION('',(0.,-1.,0.));
#6653 = DIRECTION('',(-0.,-0.,-1.));
#6654 = ADVANCED_FACE('',(#6655),#6666,.T.);
#6655 = FACE_BOUND('',#6656,.T.);
#6656 = EDGE_LOOP('',(#6657,#6658,#6664,#6665));
#6657 = ORIENTED_EDGE('',*,*,#5734,.F.);
#6658 = ORIENTED_EDGE('',*,*,#6659,.T.);
#6659 = EDGE_CURVE('',#5727,#5807,#6660,.T.);
#6660 = LINE('',#6661,#6662);
#6661 = CARTESIAN_POINT('',(3.61,-0.95,5.551115123126E-16));
#6662 = VECTOR('',#6663,1.);
#6663 = DIRECTION('',(0.,-1.,0.));
#6664 = ORIENTED_EDGE('',*,*,#5814,.T.);
#6665 = ORIENTED_EDGE('',*,*,#6641,.F.);
#6666 = PLANE('',#6667);
#6667 = AXIS2_PLACEMENT_3D('',#6668,#6669,#6670);
#6668 = CARTESIAN_POINT('',(3.77,-0.95,5.551115123126E-16));
#6669 = DIRECTION('',(-0.,-0.,-1.));
#6670 = DIRECTION('',(-1.,0.,0.));
#6671 = ADVANCED_FACE('',(#6672),#6697,.F.);
#6672 = FACE_BOUND('',#6673,.F.);
#6673 = EDGE_LOOP('',(#6674,#6682,#6690,#6696));
#6674 = ORIENTED_EDGE('',*,*,#6675,.T.);
#6675 = EDGE_CURVE('',#5805,#6676,#6678,.T.);
#6676 = VERTEX_POINT('',#6677);
#6677 = CARTESIAN_POINT('',(3.77,-1.43,0.48));
#6678 = LINE('',#6679,#6680);
#6679 = CARTESIAN_POINT('',(3.77,-1.43,0.48));
#6680 = VECTOR('',#6681,1.);
#6681 = DIRECTION('',(0.57735026919,0.57735026919,-0.57735026919));
#6682 = ORIENTED_EDGE('',*,*,#6683,.T.);
#6683 = EDGE_CURVE('',#6676,#6684,#6686,.T.);
#6684 = VERTEX_POINT('',#6685);
#6685 = CARTESIAN_POINT('',(3.77,-1.43,0.16));
#6686 = LINE('',#6687,#6688);
#6687 = CARTESIAN_POINT('',(3.77,-1.43,0.64));
#6688 = VECTOR('',#6689,1.);
#6689 = DIRECTION('',(0.,0.,-1.));
#6690 = ORIENTED_EDGE('',*,*,#6691,.T.);
#6691 = EDGE_CURVE('',#6684,#5807,#6692,.T.);
#6692 = LINE('',#6693,#6694);
#6693 = CARTESIAN_POINT('',(3.876666666667,-1.323333333333,
    0.266666666667));
#6694 = VECTOR('',#6695,1.);
#6695 = DIRECTION('',(-0.57735026919,-0.57735026919,-0.57735026919));
#6696 = ORIENTED_EDGE('',*,*,#5804,.F.);
#6697 = PLANE('',#6698);
#6698 = AXIS2_PLACEMENT_3D('',#6699,#6700,#6701);
#6699 = CARTESIAN_POINT('',(3.69,-1.51,0.64));
#6700 = DIRECTION('',(-0.707106781187,0.707106781187,0.));
#6701 = DIRECTION('',(0.,0.,-1.));
#6702 = ADVANCED_FACE('',(#6703),#6728,.T.);
#6703 = FACE_BOUND('',#6704,.T.);
#6704 = EDGE_LOOP('',(#6705,#6713,#6714,#6722));
#6705 = ORIENTED_EDGE('',*,*,#6706,.F.);
#6706 = EDGE_CURVE('',#5871,#6707,#6709,.T.);
#6707 = VERTEX_POINT('',#6708);
#6708 = CARTESIAN_POINT('',(1.11,1.43,9.3));
#6709 = LINE('',#6710,#6711);
#6710 = CARTESIAN_POINT('',(1.003333333333,1.536666666667,9.193333333333
    ));
#6711 = VECTOR('',#6712,1.);
#6712 = DIRECTION('',(0.57735026919,-0.57735026919,0.57735026919));
#6713 = ORIENTED_EDGE('',*,*,#5887,.T.);
#6714 = ORIENTED_EDGE('',*,*,#6715,.T.);
#6715 = EDGE_CURVE('',#5880,#6716,#6718,.T.);
#6716 = VERTEX_POINT('',#6717);
#6717 = CARTESIAN_POINT('',(1.11,1.11,9.3));
#6718 = LINE('',#6719,#6720);
#6719 = CARTESIAN_POINT('',(1.11,1.11,9.3));
#6720 = VECTOR('',#6721,1.);
#6721 = DIRECTION('',(0.57735026919,0.57735026919,0.57735026919));
#6722 = ORIENTED_EDGE('',*,*,#6723,.F.);
#6723 = EDGE_CURVE('',#6707,#6716,#6724,.T.);
#6724 = LINE('',#6725,#6726);
#6725 = CARTESIAN_POINT('',(1.11,1.59,9.3));
#6726 = VECTOR('',#6727,1.);
#6727 = DIRECTION('',(0.,-1.,0.));
#6728 = PLANE('',#6729);
#6729 = AXIS2_PLACEMENT_3D('',#6730,#6731,#6732);
#6730 = CARTESIAN_POINT('',(1.03,1.59,9.22));
#6731 = DIRECTION('',(-0.707106781187,-1.735167508357E-18,0.707106781187
    ));
#6732 = DIRECTION('',(1.226948711654E-18,-1.,-1.226948711654E-18));
#6733 = ADVANCED_FACE('',(#6734),#6752,.F.);
#6734 = FACE_BOUND('',#6735,.T.);
#6735 = EDGE_LOOP('',(#6736,#6737,#6738,#6746));
#6736 = ORIENTED_EDGE('',*,*,#6715,.F.);
#6737 = ORIENTED_EDGE('',*,*,#5903,.T.);
#6738 = ORIENTED_EDGE('',*,*,#6739,.T.);
#6739 = EDGE_CURVE('',#5904,#6740,#6742,.T.);
#6740 = VERTEX_POINT('',#6741);
#6741 = CARTESIAN_POINT('',(1.43,1.11,9.3));
#6742 = LINE('',#6743,#6744);
#6743 = CARTESIAN_POINT('',(1.323333333333,1.216666666667,9.406666666667
    ));
#6744 = VECTOR('',#6745,1.);
#6745 = DIRECTION('',(-0.57735026919,0.57735026919,0.57735026919));
#6746 = ORIENTED_EDGE('',*,*,#6747,.F.);
#6747 = EDGE_CURVE('',#6716,#6740,#6748,.T.);
#6748 = LINE('',#6749,#6750);
#6749 = CARTESIAN_POINT('',(0.95,1.11,9.3));
#6750 = VECTOR('',#6751,1.);
#6751 = DIRECTION('',(1.,0.,0.));
#6752 = PLANE('',#6753);
#6753 = AXIS2_PLACEMENT_3D('',#6754,#6755,#6756);
#6754 = CARTESIAN_POINT('',(0.95,1.03,9.22));
#6755 = DIRECTION('',(0.,0.707106781187,-0.707106781187));
#6756 = DIRECTION('',(-1.,0.,-0.));
#6757 = ADVANCED_FACE('',(#6758),#6776,.T.);
#6758 = FACE_BOUND('',#6759,.T.);
#6759 = EDGE_LOOP('',(#6760,#6768,#6774,#6775));
#6760 = ORIENTED_EDGE('',*,*,#6761,.T.);
#6761 = EDGE_CURVE('',#5926,#6762,#6764,.T.);
#6762 = VERTEX_POINT('',#6763);
#6763 = CARTESIAN_POINT('',(1.43,1.43,9.3));
#6764 = LINE('',#6765,#6766);
#6765 = CARTESIAN_POINT('',(1.43,1.43,9.3));
#6766 = VECTOR('',#6767,1.);
#6767 = DIRECTION('',(-0.57735026919,-0.57735026919,0.57735026919));
#6768 = ORIENTED_EDGE('',*,*,#6769,.T.);
#6769 = EDGE_CURVE('',#6762,#6740,#6770,.T.);
#6770 = LINE('',#6771,#6772);
#6771 = CARTESIAN_POINT('',(1.43,1.59,9.3));
#6772 = VECTOR('',#6773,1.);
#6773 = DIRECTION('',(0.,-1.,0.));
#6774 = ORIENTED_EDGE('',*,*,#6739,.F.);
#6775 = ORIENTED_EDGE('',*,*,#5933,.F.);
#6776 = PLANE('',#6777);
#6777 = AXIS2_PLACEMENT_3D('',#6778,#6779,#6780);
#6778 = CARTESIAN_POINT('',(1.51,1.59,9.22));
#6779 = DIRECTION('',(0.707106781187,1.735167508357E-18,0.707106781187)
  );
#6780 = DIRECTION('',(1.226948711654E-18,-1.,1.226948711654E-18));
#6781 = ADVANCED_FACE('',(#6782),#6793,.T.);
#6782 = FACE_BOUND('',#6783,.F.);
#6783 = EDGE_LOOP('',(#6784,#6785,#6786,#6787));
#6784 = ORIENTED_EDGE('',*,*,#6706,.F.);
#6785 = ORIENTED_EDGE('',*,*,#5951,.T.);
#6786 = ORIENTED_EDGE('',*,*,#6761,.T.);
#6787 = ORIENTED_EDGE('',*,*,#6788,.F.);
#6788 = EDGE_CURVE('',#6707,#6762,#6789,.T.);
#6789 = LINE('',#6790,#6791);
#6790 = CARTESIAN_POINT('',(0.95,1.43,9.3));
#6791 = VECTOR('',#6792,1.);
#6792 = DIRECTION('',(1.,0.,0.));
#6793 = PLANE('',#6794);
#6794 = AXIS2_PLACEMENT_3D('',#6795,#6796,#6797);
#6795 = CARTESIAN_POINT('',(0.95,1.51,9.22));
#6796 = DIRECTION('',(-1.735167508357E-18,0.707106781187,0.707106781187)
  );
#6797 = DIRECTION('',(-1.,-1.226948711654E-18,-1.226948711654E-18));
#6798 = ADVANCED_FACE('',(#6799),#6824,.F.);
#6799 = FACE_BOUND('',#6800,.F.);
#6800 = EDGE_LOOP('',(#6801,#6809,#6810,#6818));
#6801 = ORIENTED_EDGE('',*,*,#6802,.F.);
#6802 = EDGE_CURVE('',#5968,#6803,#6805,.T.);
#6803 = VERTEX_POINT('',#6804);
#6804 = CARTESIAN_POINT('',(-1.11,1.11,9.3));
#6805 = LINE('',#6806,#6807);
#6806 = CARTESIAN_POINT('',(-1.11,1.11,9.3));
#6807 = VECTOR('',#6808,1.);
#6808 = DIRECTION('',(-0.57735026919,0.57735026919,0.57735026919));
#6809 = ORIENTED_EDGE('',*,*,#5975,.T.);
#6810 = ORIENTED_EDGE('',*,*,#6811,.T.);
#6811 = EDGE_CURVE('',#5976,#6812,#6814,.T.);
#6812 = VERTEX_POINT('',#6813);
#6813 = CARTESIAN_POINT('',(-1.43,1.11,9.3));
#6814 = LINE('',#6815,#6816);
#6815 = CARTESIAN_POINT('',(-1.323333333333,1.216666666667,
    9.406666666667));
#6816 = VECTOR('',#6817,1.);
#6817 = DIRECTION('',(0.57735026919,0.57735026919,0.57735026919));
#6818 = ORIENTED_EDGE('',*,*,#6819,.F.);
#6819 = EDGE_CURVE('',#6803,#6812,#6820,.T.);
#6820 = LINE('',#6821,#6822);
#6821 = CARTESIAN_POINT('',(-0.95,1.11,9.3));
#6822 = VECTOR('',#6823,1.);
#6823 = DIRECTION('',(-1.,0.,0.));
#6824 = PLANE('',#6825);
#6825 = AXIS2_PLACEMENT_3D('',#6826,#6827,#6828);
#6826 = CARTESIAN_POINT('',(-0.95,1.03,9.22));
#6827 = DIRECTION('',(0.,0.707106781187,-0.707106781187));
#6828 = DIRECTION('',(-1.,0.,0.));
#6829 = ADVANCED_FACE('',(#6830),#6848,.T.);
#6830 = FACE_BOUND('',#6831,.F.);
#6831 = EDGE_LOOP('',(#6832,#6840,#6841,#6842));
#6832 = ORIENTED_EDGE('',*,*,#6833,.F.);
#6833 = EDGE_CURVE('',#5998,#6834,#6836,.T.);
#6834 = VERTEX_POINT('',#6835);
#6835 = CARTESIAN_POINT('',(-1.11,1.43,9.3));
#6836 = LINE('',#6837,#6838);
#6837 = CARTESIAN_POINT('',(-1.003333333333,1.536666666667,
    9.193333333333));
#6838 = VECTOR('',#6839,1.);
#6839 = DIRECTION('',(-0.57735026919,-0.57735026919,0.57735026919));
#6840 = ORIENTED_EDGE('',*,*,#6007,.T.);
#6841 = ORIENTED_EDGE('',*,*,#6802,.T.);
#6842 = ORIENTED_EDGE('',*,*,#6843,.F.);
#6843 = EDGE_CURVE('',#6834,#6803,#6844,.T.);
#6844 = LINE('',#6845,#6846);
#6845 = CARTESIAN_POINT('',(-1.11,1.59,9.3));
#6846 = VECTOR('',#6847,1.);
#6847 = DIRECTION('',(0.,-1.,0.));
#6848 = PLANE('',#6849);
#6849 = AXIS2_PLACEMENT_3D('',#6850,#6851,#6852);
#6850 = CARTESIAN_POINT('',(-1.03,1.59,9.22));
#6851 = DIRECTION('',(0.707106781187,1.735167508357E-18,0.707106781187)
  );
#6852 = DIRECTION('',(-1.226948711654E-18,1.,-1.226948711654E-18));
#6853 = ADVANCED_FACE('',(#6854),#6872,.T.);
#6854 = FACE_BOUND('',#6855,.T.);
#6855 = EDGE_LOOP('',(#6856,#6857,#6858,#6866));
#6856 = ORIENTED_EDGE('',*,*,#6833,.F.);
#6857 = ORIENTED_EDGE('',*,*,#6023,.T.);
#6858 = ORIENTED_EDGE('',*,*,#6859,.T.);
#6859 = EDGE_CURVE('',#6024,#6860,#6862,.T.);
#6860 = VERTEX_POINT('',#6861);
#6861 = CARTESIAN_POINT('',(-1.43,1.43,9.3));
#6862 = LINE('',#6863,#6864);
#6863 = CARTESIAN_POINT('',(-1.43,1.43,9.3));
#6864 = VECTOR('',#6865,1.);
#6865 = DIRECTION('',(0.57735026919,-0.57735026919,0.57735026919));
#6866 = ORIENTED_EDGE('',*,*,#6867,.F.);
#6867 = EDGE_CURVE('',#6834,#6860,#6868,.T.);
#6868 = LINE('',#6869,#6870);
#6869 = CARTESIAN_POINT('',(-0.95,1.43,9.3));
#6870 = VECTOR('',#6871,1.);
#6871 = DIRECTION('',(-1.,0.,0.));
#6872 = PLANE('',#6873);
#6873 = AXIS2_PLACEMENT_3D('',#6874,#6875,#6876);
#6874 = CARTESIAN_POINT('',(-0.95,1.51,9.22));
#6875 = DIRECTION('',(-1.735167508357E-18,0.707106781187,0.707106781187)
  );
#6876 = DIRECTION('',(-1.,-1.226948711654E-18,-1.226948711654E-18));
#6877 = ADVANCED_FACE('',(#6878),#6889,.T.);
#6878 = FACE_BOUND('',#6879,.F.);
#6879 = EDGE_LOOP('',(#6880,#6881,#6887,#6888));
#6880 = ORIENTED_EDGE('',*,*,#6859,.T.);
#6881 = ORIENTED_EDGE('',*,*,#6882,.T.);
#6882 = EDGE_CURVE('',#6860,#6812,#6883,.T.);
#6883 = LINE('',#6884,#6885);
#6884 = CARTESIAN_POINT('',(-1.43,1.59,9.3));
#6885 = VECTOR('',#6886,1.);
#6886 = DIRECTION('',(0.,-1.,0.));
#6887 = ORIENTED_EDGE('',*,*,#6811,.F.);
#6888 = ORIENTED_EDGE('',*,*,#6046,.F.);
#6889 = PLANE('',#6890);
#6890 = AXIS2_PLACEMENT_3D('',#6891,#6892,#6893);
#6891 = CARTESIAN_POINT('',(-1.51,1.59,9.22));
#6892 = DIRECTION('',(-0.707106781187,-1.735167508357E-18,0.707106781187
    ));
#6893 = DIRECTION('',(-1.226948711654E-18,1.,1.226948711654E-18));
#6894 = ADVANCED_FACE('',(#6895),#6920,.F.);
#6895 = FACE_BOUND('',#6896,.F.);
#6896 = EDGE_LOOP('',(#6897,#6905,#6906,#6914));
#6897 = ORIENTED_EDGE('',*,*,#6898,.F.);
#6898 = EDGE_CURVE('',#6064,#6899,#6901,.T.);
#6899 = VERTEX_POINT('',#6900);
#6900 = CARTESIAN_POINT('',(-1.11,-1.43,9.3));
#6901 = LINE('',#6902,#6903);
#6902 = CARTESIAN_POINT('',(-1.11,-1.43,9.3));
#6903 = VECTOR('',#6904,1.);
#6904 = DIRECTION('',(-0.57735026919,0.57735026919,0.57735026919));
#6905 = ORIENTED_EDGE('',*,*,#6071,.T.);
#6906 = ORIENTED_EDGE('',*,*,#6907,.T.);
#6907 = EDGE_CURVE('',#6072,#6908,#6910,.T.);
#6908 = VERTEX_POINT('',#6909);
#6909 = CARTESIAN_POINT('',(-1.43,-1.43,9.3));
#6910 = LINE('',#6911,#6912);
#6911 = CARTESIAN_POINT('',(-1.323333333333,-1.323333333333,
    9.406666666667));
#6912 = VECTOR('',#6913,1.);
#6913 = DIRECTION('',(0.57735026919,0.57735026919,0.57735026919));
#6914 = ORIENTED_EDGE('',*,*,#6915,.F.);
#6915 = EDGE_CURVE('',#6899,#6908,#6916,.T.);
#6916 = LINE('',#6917,#6918);
#6917 = CARTESIAN_POINT('',(-0.95,-1.43,9.3));
#6918 = VECTOR('',#6919,1.);
#6919 = DIRECTION('',(-1.,0.,0.));
#6920 = PLANE('',#6921);
#6921 = AXIS2_PLACEMENT_3D('',#6922,#6923,#6924);
#6922 = CARTESIAN_POINT('',(-0.95,-1.51,9.22));
#6923 = DIRECTION('',(0.,0.707106781187,-0.707106781187));
#6924 = DIRECTION('',(-1.,0.,0.));
#6925 = ADVANCED_FACE('',(#6926),#6944,.T.);
#6926 = FACE_BOUND('',#6927,.F.);
#6927 = EDGE_LOOP('',(#6928,#6936,#6937,#6938));
#6928 = ORIENTED_EDGE('',*,*,#6929,.F.);
#6929 = EDGE_CURVE('',#6094,#6930,#6932,.T.);
#6930 = VERTEX_POINT('',#6931);
#6931 = CARTESIAN_POINT('',(-1.11,-1.11,9.3));
#6932 = LINE('',#6933,#6934);
#6933 = CARTESIAN_POINT('',(-1.003333333333,-1.003333333333,
    9.193333333333));
#6934 = VECTOR('',#6935,1.);
#6935 = DIRECTION('',(-0.57735026919,-0.57735026919,0.57735026919));
#6936 = ORIENTED_EDGE('',*,*,#6103,.T.);
#6937 = ORIENTED_EDGE('',*,*,#6898,.T.);
#6938 = ORIENTED_EDGE('',*,*,#6939,.F.);
#6939 = EDGE_CURVE('',#6930,#6899,#6940,.T.);
#6940 = LINE('',#6941,#6942);
#6941 = CARTESIAN_POINT('',(-1.11,-0.95,9.3));
#6942 = VECTOR('',#6943,1.);
#6943 = DIRECTION('',(0.,-1.,0.));
#6944 = PLANE('',#6945);
#6945 = AXIS2_PLACEMENT_3D('',#6946,#6947,#6948);
#6946 = CARTESIAN_POINT('',(-1.03,-0.95,9.22));
#6947 = DIRECTION('',(0.707106781187,1.735167508357E-18,0.707106781187)
  );
#6948 = DIRECTION('',(-1.226948711654E-18,1.,-1.226948711654E-18));
#6949 = ADVANCED_FACE('',(#6950),#6968,.T.);
#6950 = FACE_BOUND('',#6951,.T.);
#6951 = EDGE_LOOP('',(#6952,#6953,#6954,#6962));
#6952 = ORIENTED_EDGE('',*,*,#6929,.F.);
#6953 = ORIENTED_EDGE('',*,*,#6119,.T.);
#6954 = ORIENTED_EDGE('',*,*,#6955,.T.);
#6955 = EDGE_CURVE('',#6120,#6956,#6958,.T.);
#6956 = VERTEX_POINT('',#6957);
#6957 = CARTESIAN_POINT('',(-1.43,-1.11,9.3));
#6958 = LINE('',#6959,#6960);
#6959 = CARTESIAN_POINT('',(-1.43,-1.11,9.3));
#6960 = VECTOR('',#6961,1.);
#6961 = DIRECTION('',(0.57735026919,-0.57735026919,0.57735026919));
#6962 = ORIENTED_EDGE('',*,*,#6963,.F.);
#6963 = EDGE_CURVE('',#6930,#6956,#6964,.T.);
#6964 = LINE('',#6965,#6966);
#6965 = CARTESIAN_POINT('',(-0.95,-1.11,9.3));
#6966 = VECTOR('',#6967,1.);
#6967 = DIRECTION('',(-1.,0.,0.));
#6968 = PLANE('',#6969);
#6969 = AXIS2_PLACEMENT_3D('',#6970,#6971,#6972);
#6970 = CARTESIAN_POINT('',(-0.95,-1.03,9.22));
#6971 = DIRECTION('',(-1.735167508357E-18,0.707106781187,0.707106781187)
  );
#6972 = DIRECTION('',(-1.,-1.226948711654E-18,-1.226948711654E-18));
#6973 = ADVANCED_FACE('',(#6974),#6985,.T.);
#6974 = FACE_BOUND('',#6975,.F.);
#6975 = EDGE_LOOP('',(#6976,#6977,#6983,#6984));
#6976 = ORIENTED_EDGE('',*,*,#6955,.T.);
#6977 = ORIENTED_EDGE('',*,*,#6978,.T.);
#6978 = EDGE_CURVE('',#6956,#6908,#6979,.T.);
#6979 = LINE('',#6980,#6981);
#6980 = CARTESIAN_POINT('',(-1.43,-0.95,9.3));
#6981 = VECTOR('',#6982,1.);
#6982 = DIRECTION('',(0.,-1.,0.));
#6983 = ORIENTED_EDGE('',*,*,#6907,.F.);
#6984 = ORIENTED_EDGE('',*,*,#6142,.F.);
#6985 = PLANE('',#6986);
#6986 = AXIS2_PLACEMENT_3D('',#6987,#6988,#6989);
#6987 = CARTESIAN_POINT('',(-1.51,-0.95,9.22));
#6988 = DIRECTION('',(-0.707106781187,-1.735167508357E-18,0.707106781187
    ));
#6989 = DIRECTION('',(-1.226948711654E-18,1.,1.226948711654E-18));
#6990 = ADVANCED_FACE('',(#6991),#7016,.T.);
#6991 = FACE_BOUND('',#6992,.F.);
#6992 = EDGE_LOOP('',(#6993,#7001,#7002,#7010));
#6993 = ORIENTED_EDGE('',*,*,#6994,.F.);
#6994 = EDGE_CURVE('',#6160,#6995,#6997,.T.);
#6995 = VERTEX_POINT('',#6996);
#6996 = CARTESIAN_POINT('',(1.11,-1.11,9.3));
#6997 = LINE('',#6998,#6999);
#6998 = CARTESIAN_POINT('',(1.003333333333,-1.003333333333,
    9.193333333333));
#6999 = VECTOR('',#7000,1.);
#7000 = DIRECTION('',(0.57735026919,-0.57735026919,0.57735026919));
#7001 = ORIENTED_EDGE('',*,*,#6167,.T.);
#7002 = ORIENTED_EDGE('',*,*,#7003,.T.);
#7003 = EDGE_CURVE('',#6168,#7004,#7006,.T.);
#7004 = VERTEX_POINT('',#7005);
#7005 = CARTESIAN_POINT('',(1.43,-1.11,9.3));
#7006 = LINE('',#7007,#7008);
#7007 = CARTESIAN_POINT('',(1.43,-1.11,9.3));
#7008 = VECTOR('',#7009,1.);
#7009 = DIRECTION('',(-0.57735026919,-0.57735026919,0.57735026919));
#7010 = ORIENTED_EDGE('',*,*,#7011,.F.);
#7011 = EDGE_CURVE('',#6995,#7004,#7012,.T.);
#7012 = LINE('',#7013,#7014);
#7013 = CARTESIAN_POINT('',(0.95,-1.11,9.3));
#7014 = VECTOR('',#7015,1.);
#7015 = DIRECTION('',(1.,0.,0.));
#7016 = PLANE('',#7017);
#7017 = AXIS2_PLACEMENT_3D('',#7018,#7019,#7020);
#7018 = CARTESIAN_POINT('',(0.95,-1.03,9.22));
#7019 = DIRECTION('',(-1.735167508357E-18,0.707106781187,0.707106781187)
  );
#7020 = DIRECTION('',(-1.,-1.226948711654E-18,-1.226948711654E-18));
#7021 = ADVANCED_FACE('',(#7022),#7040,.T.);
#7022 = FACE_BOUND('',#7023,.T.);
#7023 = EDGE_LOOP('',(#7024,#7025,#7026,#7034));
#7024 = ORIENTED_EDGE('',*,*,#6994,.F.);
#7025 = ORIENTED_EDGE('',*,*,#6199,.T.);
#7026 = ORIENTED_EDGE('',*,*,#7027,.T.);
#7027 = EDGE_CURVE('',#6192,#7028,#7030,.T.);
#7028 = VERTEX_POINT('',#7029);
#7029 = CARTESIAN_POINT('',(1.11,-1.43,9.3));
#7030 = LINE('',#7031,#7032);
#7031 = CARTESIAN_POINT('',(1.11,-1.43,9.3));
#7032 = VECTOR('',#7033,1.);
#7033 = DIRECTION('',(0.57735026919,0.57735026919,0.57735026919));
#7034 = ORIENTED_EDGE('',*,*,#7035,.F.);
#7035 = EDGE_CURVE('',#6995,#7028,#7036,.T.);
#7036 = LINE('',#7037,#7038);
#7037 = CARTESIAN_POINT('',(1.11,-0.95,9.3));
#7038 = VECTOR('',#7039,1.);
#7039 = DIRECTION('',(0.,-1.,0.));
#7040 = PLANE('',#7041);
#7041 = AXIS2_PLACEMENT_3D('',#7042,#7043,#7044);
#7042 = CARTESIAN_POINT('',(1.03,-0.95,9.22));
#7043 = DIRECTION('',(-0.707106781187,-1.735167508357E-18,0.707106781187
    ));
#7044 = DIRECTION('',(1.226948711654E-18,-1.,-1.226948711654E-18));
#7045 = ADVANCED_FACE('',(#7046),#7064,.F.);
#7046 = FACE_BOUND('',#7047,.T.);
#7047 = EDGE_LOOP('',(#7048,#7049,#7050,#7058));
#7048 = ORIENTED_EDGE('',*,*,#7027,.F.);
#7049 = ORIENTED_EDGE('',*,*,#6215,.T.);
#7050 = ORIENTED_EDGE('',*,*,#7051,.T.);
#7051 = EDGE_CURVE('',#6216,#7052,#7054,.T.);
#7052 = VERTEX_POINT('',#7053);
#7053 = CARTESIAN_POINT('',(1.43,-1.43,9.3));
#7054 = LINE('',#7055,#7056);
#7055 = CARTESIAN_POINT('',(1.323333333333,-1.323333333333,
    9.406666666667));
#7056 = VECTOR('',#7057,1.);
#7057 = DIRECTION('',(-0.57735026919,0.57735026919,0.57735026919));
#7058 = ORIENTED_EDGE('',*,*,#7059,.F.);
#7059 = EDGE_CURVE('',#7028,#7052,#7060,.T.);
#7060 = LINE('',#7061,#7062);
#7061 = CARTESIAN_POINT('',(0.95,-1.43,9.3));
#7062 = VECTOR('',#7063,1.);
#7063 = DIRECTION('',(1.,0.,0.));
#7064 = PLANE('',#7065);
#7065 = AXIS2_PLACEMENT_3D('',#7066,#7067,#7068);
#7066 = CARTESIAN_POINT('',(0.95,-1.51,9.22));
#7067 = DIRECTION('',(0.,0.707106781187,-0.707106781187));
#7068 = DIRECTION('',(-1.,0.,-0.));
#7069 = ADVANCED_FACE('',(#7070),#7081,.T.);
#7070 = FACE_BOUND('',#7071,.T.);
#7071 = EDGE_LOOP('',(#7072,#7073,#7079,#7080));
#7072 = ORIENTED_EDGE('',*,*,#7003,.T.);
#7073 = ORIENTED_EDGE('',*,*,#7074,.T.);
#7074 = EDGE_CURVE('',#7004,#7052,#7075,.T.);
#7075 = LINE('',#7076,#7077);
#7076 = CARTESIAN_POINT('',(1.43,-0.95,9.3));
#7077 = VECTOR('',#7078,1.);
#7078 = DIRECTION('',(0.,-1.,0.));
#7079 = ORIENTED_EDGE('',*,*,#7051,.F.);
#7080 = ORIENTED_EDGE('',*,*,#6238,.F.);
#7081 = PLANE('',#7082);
#7082 = AXIS2_PLACEMENT_3D('',#7083,#7084,#7085);
#7083 = CARTESIAN_POINT('',(1.51,-0.95,9.22));
#7084 = DIRECTION('',(0.707106781187,1.735167508357E-18,0.707106781187)
  );
#7085 = DIRECTION('',(1.226948711654E-18,-1.,1.226948711654E-18));
#7086 = ADVANCED_FACE('',(#7087),#7098,.T.);
#7087 = FACE_BOUND('',#7088,.T.);
#7088 = EDGE_LOOP('',(#7089,#7090,#7091,#7092));
#7089 = ORIENTED_EDGE('',*,*,#6336,.F.);
#7090 = ORIENTED_EDGE('',*,*,#6305,.T.);
#7091 = ORIENTED_EDGE('',*,*,#6271,.T.);
#7092 = ORIENTED_EDGE('',*,*,#7093,.F.);
#7093 = EDGE_CURVE('',#6337,#6272,#7094,.T.);
#7094 = LINE('',#7095,#7096);
#7095 = CARTESIAN_POINT('',(3.77,1.59,0.48));
#7096 = VECTOR('',#7097,1.);
#7097 = DIRECTION('',(0.,-1.,0.));
#7098 = PLANE('',#7099);
#7099 = AXIS2_PLACEMENT_3D('',#7100,#7101,#7102);
#7100 = CARTESIAN_POINT('',(3.69,1.59,0.56));
#7101 = DIRECTION('',(0.707106781187,0.,0.707106781187));
#7102 = DIRECTION('',(0.,-1.,0.));
#7103 = ADVANCED_FACE('',(#7104),#7115,.T.);
#7104 = FACE_BOUND('',#7105,.T.);
#7105 = EDGE_LOOP('',(#7106,#7107,#7108,#7109));
#7106 = ORIENTED_EDGE('',*,*,#6353,.F.);
#7107 = ORIENTED_EDGE('',*,*,#7093,.T.);
#7108 = ORIENTED_EDGE('',*,*,#6279,.T.);
#7109 = ORIENTED_EDGE('',*,*,#7110,.F.);
#7110 = EDGE_CURVE('',#6346,#6280,#7111,.T.);
#7111 = LINE('',#7112,#7113);
#7112 = CARTESIAN_POINT('',(3.77,1.59,0.16));
#7113 = VECTOR('',#7114,1.);
#7114 = DIRECTION('',(0.,-1.,0.));
#7115 = PLANE('',#7116);
#7116 = AXIS2_PLACEMENT_3D('',#7117,#7118,#7119);
#7117 = CARTESIAN_POINT('',(3.77,1.59,0.64));
#7118 = DIRECTION('',(1.,0.,0.));
#7119 = DIRECTION('',(0.,0.,-1.));
#7120 = ADVANCED_FACE('',(#7121),#7127,.T.);
#7121 = FACE_BOUND('',#7122,.F.);
#7122 = EDGE_LOOP('',(#7123,#7124,#7125,#7126));
#7123 = ORIENTED_EDGE('',*,*,#6345,.F.);
#7124 = ORIENTED_EDGE('',*,*,#6320,.T.);
#7125 = ORIENTED_EDGE('',*,*,#6287,.F.);
#7126 = ORIENTED_EDGE('',*,*,#7110,.F.);
#7127 = PLANE('',#7128);
#7128 = AXIS2_PLACEMENT_3D('',#7129,#7130,#7131);
#7129 = CARTESIAN_POINT('',(3.69,1.59,8.E-02));
#7130 = DIRECTION('',(0.707106781187,-1.735167508357E-18,-0.707106781187
    ));
#7131 = DIRECTION('',(1.226948711654E-18,1.,-1.226948711654E-18));
#7132 = ADVANCED_FACE('',(#7133),#7144,.T.);
#7133 = FACE_BOUND('',#7134,.F.);
#7134 = EDGE_LOOP('',(#7135,#7136,#7137,#7138));
#7135 = ORIENTED_EDGE('',*,*,#6449,.F.);
#7136 = ORIENTED_EDGE('',*,*,#6401,.T.);
#7137 = ORIENTED_EDGE('',*,*,#6367,.T.);
#7138 = ORIENTED_EDGE('',*,*,#7139,.F.);
#7139 = EDGE_CURVE('',#6450,#6368,#7140,.T.);
#7140 = LINE('',#7141,#7142);
#7141 = CARTESIAN_POINT('',(-3.77,1.59,0.48));
#7142 = VECTOR('',#7143,1.);
#7143 = DIRECTION('',(0.,-1.,0.));
#7144 = PLANE('',#7145);
#7145 = AXIS2_PLACEMENT_3D('',#7146,#7147,#7148);
#7146 = CARTESIAN_POINT('',(-3.69,1.59,0.56));
#7147 = DIRECTION('',(-0.707106781187,0.,0.707106781187));
#7148 = DIRECTION('',(0.,1.,0.));
#7149 = ADVANCED_FACE('',(#7150),#7161,.F.);
#7150 = FACE_BOUND('',#7151,.F.);
#7151 = EDGE_LOOP('',(#7152,#7153,#7154,#7160));
#7152 = ORIENTED_EDGE('',*,*,#7139,.T.);
#7153 = ORIENTED_EDGE('',*,*,#6375,.T.);
#7154 = ORIENTED_EDGE('',*,*,#7155,.F.);
#7155 = EDGE_CURVE('',#6459,#6376,#7156,.T.);
#7156 = LINE('',#7157,#7158);
#7157 = CARTESIAN_POINT('',(-3.77,1.59,0.16));
#7158 = VECTOR('',#7159,1.);
#7159 = DIRECTION('',(0.,-1.,0.));
#7160 = ORIENTED_EDGE('',*,*,#6466,.F.);
#7161 = PLANE('',#7162);
#7162 = AXIS2_PLACEMENT_3D('',#7163,#7164,#7165);
#7163 = CARTESIAN_POINT('',(-3.77,1.59,0.64));
#7164 = DIRECTION('',(1.,0.,0.));
#7165 = DIRECTION('',(0.,0.,-1.));
#7166 = ADVANCED_FACE('',(#7167),#7173,.T.);
#7167 = FACE_BOUND('',#7168,.T.);
#7168 = EDGE_LOOP('',(#7169,#7170,#7171,#7172));
#7169 = ORIENTED_EDGE('',*,*,#6458,.F.);
#7170 = ORIENTED_EDGE('',*,*,#6433,.T.);
#7171 = ORIENTED_EDGE('',*,*,#6383,.F.);
#7172 = ORIENTED_EDGE('',*,*,#7155,.F.);
#7173 = PLANE('',#7174);
#7174 = AXIS2_PLACEMENT_3D('',#7175,#7176,#7177);
#7175 = CARTESIAN_POINT('',(-3.69,1.59,8.E-02));
#7176 = DIRECTION('',(-0.707106781187,1.735167508357E-18,-0.707106781187
    ));
#7177 = DIRECTION('',(-1.226948711654E-18,-1.,-1.226948711654E-18));
#7178 = ADVANCED_FACE('',(#7179),#7190,.T.);
#7179 = FACE_BOUND('',#7180,.F.);
#7180 = EDGE_LOOP('',(#7181,#7182,#7183,#7184));
#7181 = ORIENTED_EDGE('',*,*,#6562,.F.);
#7182 = ORIENTED_EDGE('',*,*,#6514,.T.);
#7183 = ORIENTED_EDGE('',*,*,#6480,.T.);
#7184 = ORIENTED_EDGE('',*,*,#7185,.F.);
#7185 = EDGE_CURVE('',#6563,#6481,#7186,.T.);
#7186 = LINE('',#7187,#7188);
#7187 = CARTESIAN_POINT('',(-3.77,-0.95,0.48));
#7188 = VECTOR('',#7189,1.);
#7189 = DIRECTION('',(0.,-1.,0.));
#7190 = PLANE('',#7191);
#7191 = AXIS2_PLACEMENT_3D('',#7192,#7193,#7194);
#7192 = CARTESIAN_POINT('',(-3.69,-0.95,0.56));
#7193 = DIRECTION('',(-0.707106781187,0.,0.707106781187));
#7194 = DIRECTION('',(0.,1.,0.));
#7195 = ADVANCED_FACE('',(#7196),#7207,.F.);
#7196 = FACE_BOUND('',#7197,.F.);
#7197 = EDGE_LOOP('',(#7198,#7199,#7200,#7206));
#7198 = ORIENTED_EDGE('',*,*,#7185,.T.);
#7199 = ORIENTED_EDGE('',*,*,#6488,.T.);
#7200 = ORIENTED_EDGE('',*,*,#7201,.F.);
#7201 = EDGE_CURVE('',#6572,#6489,#7202,.T.);
#7202 = LINE('',#7203,#7204);
#7203 = CARTESIAN_POINT('',(-3.77,-0.95,0.16));
#7204 = VECTOR('',#7205,1.);
#7205 = DIRECTION('',(0.,-1.,0.));
#7206 = ORIENTED_EDGE('',*,*,#6579,.F.);
#7207 = PLANE('',#7208);
#7208 = AXIS2_PLACEMENT_3D('',#7209,#7210,#7211);
#7209 = CARTESIAN_POINT('',(-3.77,-0.95,0.64));
#7210 = DIRECTION('',(1.,0.,0.));
#7211 = DIRECTION('',(0.,0.,-1.));
#7212 = ADVANCED_FACE('',(#7213),#7219,.T.);
#7213 = FACE_BOUND('',#7214,.T.);
#7214 = EDGE_LOOP('',(#7215,#7216,#7217,#7218));
#7215 = ORIENTED_EDGE('',*,*,#6571,.F.);
#7216 = ORIENTED_EDGE('',*,*,#6546,.T.);
#7217 = ORIENTED_EDGE('',*,*,#6496,.F.);
#7218 = ORIENTED_EDGE('',*,*,#7201,.F.);
#7219 = PLANE('',#7220);
#7220 = AXIS2_PLACEMENT_3D('',#7221,#7222,#7223);
#7221 = CARTESIAN_POINT('',(-3.69,-0.95,8.E-02));
#7222 = DIRECTION('',(-0.707106781187,1.735167508357E-18,-0.707106781187
    ));
#7223 = DIRECTION('',(-1.226948711654E-18,-1.,-1.226948711654E-18));
#7224 = ADVANCED_FACE('',(#7225),#7236,.T.);
#7225 = FACE_BOUND('',#7226,.T.);
#7226 = EDGE_LOOP('',(#7227,#7228,#7229,#7230));
#7227 = ORIENTED_EDGE('',*,*,#6593,.F.);
#7228 = ORIENTED_EDGE('',*,*,#6627,.T.);
#7229 = ORIENTED_EDGE('',*,*,#6675,.T.);
#7230 = ORIENTED_EDGE('',*,*,#7231,.F.);
#7231 = EDGE_CURVE('',#6594,#6676,#7232,.T.);
#7232 = LINE('',#7233,#7234);
#7233 = CARTESIAN_POINT('',(3.77,-0.95,0.48));
#7234 = VECTOR('',#7235,1.);
#7235 = DIRECTION('',(0.,-1.,0.));
#7236 = PLANE('',#7237);
#7237 = AXIS2_PLACEMENT_3D('',#7238,#7239,#7240);
#7238 = CARTESIAN_POINT('',(3.69,-0.95,0.56));
#7239 = DIRECTION('',(0.707106781187,0.,0.707106781187));
#7240 = DIRECTION('',(0.,-1.,0.));
#7241 = ADVANCED_FACE('',(#7242),#7253,.T.);
#7242 = FACE_BOUND('',#7243,.T.);
#7243 = EDGE_LOOP('',(#7244,#7245,#7246,#7247));
#7244 = ORIENTED_EDGE('',*,*,#6610,.F.);
#7245 = ORIENTED_EDGE('',*,*,#7231,.T.);
#7246 = ORIENTED_EDGE('',*,*,#6683,.T.);
#7247 = ORIENTED_EDGE('',*,*,#7248,.F.);
#7248 = EDGE_CURVE('',#6603,#6684,#7249,.T.);
#7249 = LINE('',#7250,#7251);
#7250 = CARTESIAN_POINT('',(3.77,-0.95,0.16));
#7251 = VECTOR('',#7252,1.);
#7252 = DIRECTION('',(0.,-1.,0.));
#7253 = PLANE('',#7254);
#7254 = AXIS2_PLACEMENT_3D('',#7255,#7256,#7257);
#7255 = CARTESIAN_POINT('',(3.77,-0.95,0.64));
#7256 = DIRECTION('',(1.,0.,0.));
#7257 = DIRECTION('',(0.,0.,-1.));
#7258 = ADVANCED_FACE('',(#7259),#7265,.T.);
#7259 = FACE_BOUND('',#7260,.F.);
#7260 = EDGE_LOOP('',(#7261,#7262,#7263,#7264));
#7261 = ORIENTED_EDGE('',*,*,#6602,.F.);
#7262 = ORIENTED_EDGE('',*,*,#6659,.T.);
#7263 = ORIENTED_EDGE('',*,*,#6691,.F.);
#7264 = ORIENTED_EDGE('',*,*,#7248,.F.);
#7265 = PLANE('',#7266);
#7266 = AXIS2_PLACEMENT_3D('',#7267,#7268,#7269);
#7267 = CARTESIAN_POINT('',(3.69,-0.95,8.E-02));
#7268 = DIRECTION('',(0.707106781187,-1.735167508357E-18,-0.707106781187
    ));
#7269 = DIRECTION('',(1.226948711654E-18,1.,-1.226948711654E-18));
#7270 = ADVANCED_FACE('',(#7271),#7277,.T.);
#7271 = FACE_BOUND('',#7272,.T.);
#7272 = EDGE_LOOP('',(#7273,#7274,#7275,#7276));
#7273 = ORIENTED_EDGE('',*,*,#6723,.T.);
#7274 = ORIENTED_EDGE('',*,*,#6747,.T.);
#7275 = ORIENTED_EDGE('',*,*,#6769,.F.);
#7276 = ORIENTED_EDGE('',*,*,#6788,.F.);
#7277 = PLANE('',#7278);
#7278 = AXIS2_PLACEMENT_3D('',#7279,#7280,#7281);
#7279 = CARTESIAN_POINT('',(0.95,1.59,9.3));
#7280 = DIRECTION('',(0.,0.,1.));
#7281 = DIRECTION('',(1.,0.,-0.));
#7282 = ADVANCED_FACE('',(#7283),#7289,.F.);
#7283 = FACE_BOUND('',#7284,.F.);
#7284 = EDGE_LOOP('',(#7285,#7286,#7287,#7288));
#7285 = ORIENTED_EDGE('',*,*,#6843,.T.);
#7286 = ORIENTED_EDGE('',*,*,#6819,.T.);
#7287 = ORIENTED_EDGE('',*,*,#6882,.F.);
#7288 = ORIENTED_EDGE('',*,*,#6867,.F.);
#7289 = PLANE('',#7290);
#7290 = AXIS2_PLACEMENT_3D('',#7291,#7292,#7293);
#7291 = CARTESIAN_POINT('',(-0.95,1.59,9.3));
#7292 = DIRECTION('',(-0.,-0.,-1.));
#7293 = DIRECTION('',(-1.,0.,0.));
#7294 = ADVANCED_FACE('',(#7295),#7301,.F.);
#7295 = FACE_BOUND('',#7296,.F.);
#7296 = EDGE_LOOP('',(#7297,#7298,#7299,#7300));
#7297 = ORIENTED_EDGE('',*,*,#6939,.T.);
#7298 = ORIENTED_EDGE('',*,*,#6915,.T.);
#7299 = ORIENTED_EDGE('',*,*,#6978,.F.);
#7300 = ORIENTED_EDGE('',*,*,#6963,.F.);
#7301 = PLANE('',#7302);
#7302 = AXIS2_PLACEMENT_3D('',#7303,#7304,#7305);
#7303 = CARTESIAN_POINT('',(-0.95,-0.95,9.3));
#7304 = DIRECTION('',(-0.,-0.,-1.));
#7305 = DIRECTION('',(-1.,0.,0.));
#7306 = ADVANCED_FACE('',(#7307),#7313,.T.);
#7307 = FACE_BOUND('',#7308,.T.);
#7308 = EDGE_LOOP('',(#7309,#7310,#7311,#7312));
#7309 = ORIENTED_EDGE('',*,*,#7035,.T.);
#7310 = ORIENTED_EDGE('',*,*,#7059,.T.);
#7311 = ORIENTED_EDGE('',*,*,#7074,.F.);
#7312 = ORIENTED_EDGE('',*,*,#7011,.F.);
#7313 = PLANE('',#7314);
#7314 = AXIS2_PLACEMENT_3D('',#7315,#7316,#7317);
#7315 = CARTESIAN_POINT('',(0.95,-0.95,9.3));
#7316 = DIRECTION('',(0.,0.,1.));
#7317 = DIRECTION('',(1.,0.,-0.));
#7318 = ( GEOMETRIC_REPRESENTATION_CONTEXT(3) 
GLOBAL_UNCERTAINTY_ASSIGNED_CONTEXT((#7322)) 
GLOBAL_UNIT_ASSIGNED_CONTEXT((#7319,#7320,#7321)) REPRESENTATION_CONTEXT
('Context #1','3D Context with UNIT and UNCERTAINTY') );
#7319 = ( LENGTH_UNIT() NAMED_UNIT(*) SI_UNIT(.MILLI.,.METRE.) );
#7320 = ( NAMED_UNIT(*) PLANE_ANGLE_UNIT() SI_UNIT($,.RADIAN.) );
#7321 = ( NAMED_UNIT(*) SI_UNIT($,.STERADIAN.) SOLID_ANGLE_UNIT() );
#7322 = UNCERTAINTY_MEASURE_WITH_UNIT(LENGTH_MEASURE(1.E-07),#7319,
  'distance_accuracy_value','confusion accuracy');
#7323 = CONTEXT_DEPENDENT_SHAPE_REPRESENTATION(#7324,#7326);
#7324 = ( REPRESENTATION_RELATIONSHIP('','',#4529,#10) 
REPRESENTATION_RELATIONSHIP_WITH_TRANSFORMATION(#7325) 
SHAPE_REPRESENTATION_RELATIONSHIP() );
#7325 = ITEM_DEFINED_TRANSFORMATION('','',#11,#1039);
#7326 = PRODUCT_DEFINITION_SHAPE('Placement','Placement of an item',
  #7327);
#7327 = NEXT_ASSEMBLY_USAGE_OCCURRENCE('257','P4','',#5,#4524,$);
#7328 = PRODUCT_RELATED_PRODUCT_CATEGORY('part',$,(#4526));
#7329 = CONTEXT_DEPENDENT_SHAPE_REPRESENTATION(#7330,#7332);
#7330 = ( REPRESENTATION_RELATIONSHIP('','',#4529,#10) 
REPRESENTATION_RELATIONSHIP_WITH_TRANSFORMATION(#7331) 
SHAPE_REPRESENTATION_RELATIONSHIP() );
#7331 = ITEM_DEFINED_TRANSFORMATION('','',#11,#1043);
#7332 = PRODUCT_DEFINITION_SHAPE('Placement','Placement of an item',
  #7333);
#7333 = NEXT_ASSEMBLY_USAGE_OCCURRENCE('258','P3','',#5,#4524,$);
#7334 = CONTEXT_DEPENDENT_SHAPE_REPRESENTATION(#7335,#7337);
#7335 = ( REPRESENTATION_RELATIONSHIP('','',#4529,#10) 
REPRESENTATION_RELATIONSHIP_WITH_TRANSFORMATION(#7336) 
SHAPE_REPRESENTATION_RELATIONSHIP() );
#7336 = ITEM_DEFINED_TRANSFORMATION('','',#11,#1047);
#7337 = PRODUCT_DEFINITION_SHAPE('Placement','Placement of an item',
  #7338);
#7338 = NEXT_ASSEMBLY_USAGE_OCCURRENCE('259','P2','',#5,#4524,$);
#7339 = CONTEXT_DEPENDENT_SHAPE_REPRESENTATION(#7340,#7342);
#7340 = ( REPRESENTATION_RELATIONSHIP('','',#4529,#10) 
REPRESENTATION_RELATIONSHIP_WITH_TRANSFORMATION(#7341) 
SHAPE_REPRESENTATION_RELATIONSHIP() );
#7341 = ITEM_DEFINED_TRANSFORMATION('','',#11,#1051);
#7342 = PRODUCT_DEFINITION_SHAPE('Placement','Placement of an item',
  #7343);
#7343 = NEXT_ASSEMBLY_USAGE_OCCURRENCE('260','P1','',#5,#4524,$);
#7344 = SHAPE_DEFINITION_REPRESENTATION(#7345,#7351);
#7345 = PRODUCT_DEFINITION_SHAPE('','',#7346);
#7346 = PRODUCT_DEFINITION('design','',#7347,#7350);
#7347 = PRODUCT_DEFINITION_FORMATION('','',#7348);
#7348 = PRODUCT('R_0201_0603Metric','R_0201_0603Metric','',(#7349));
#7349 = PRODUCT_CONTEXT('',#2,'mechanical');
#7350 = PRODUCT_DEFINITION_CONTEXT('part definition',#2,'design');
#7351 = ADVANCED_BREP_SHAPE_REPRESENTATION('',(#11,#7352),#8142);
#7352 = MANIFOLD_SOLID_BREP('',#7353);
#7353 = CLOSED_SHELL('',(#7354,#7394,#7477,#7502,#7527,#7594,#7611,#7628
    ,#7677,#7694,#7711,#7760,#7777,#7846,#7877,#7901,#7970,#7994,#8011,
    #8028,#8045,#8062,#8079,#8096,#8113,#8130));
#7354 = ADVANCED_FACE('',(#7355),#7389,.F.);
#7355 = FACE_BOUND('',#7356,.F.);
#7356 = EDGE_LOOP('',(#7357,#7367,#7375,#7383));
#7357 = ORIENTED_EDGE('',*,*,#7358,.F.);
#7358 = EDGE_CURVE('',#7359,#7361,#7363,.T.);
#7359 = VERTEX_POINT('',#7360);
#7360 = CARTESIAN_POINT('',(-0.3,-0.15,2.3E-02));
#7361 = VERTEX_POINT('',#7362);
#7362 = CARTESIAN_POINT('',(-0.3,-0.15,0.207));
#7363 = LINE('',#7364,#7365);
#7364 = CARTESIAN_POINT('',(-0.3,-0.15,0.));
#7365 = VECTOR('',#7366,1.);
#7366 = DIRECTION('',(0.,0.,1.));
#7367 = ORIENTED_EDGE('',*,*,#7368,.T.);
#7368 = EDGE_CURVE('',#7359,#7369,#7371,.T.);
#7369 = VERTEX_POINT('',#7370);
#7370 = CARTESIAN_POINT('',(-0.3,0.15,2.3E-02));
#7371 = LINE('',#7372,#7373);
#7372 = CARTESIAN_POINT('',(-0.3,-0.15,2.3E-02));
#7373 = VECTOR('',#7374,1.);
#7374 = DIRECTION('',(0.,1.,0.));
#7375 = ORIENTED_EDGE('',*,*,#7376,.T.);
#7376 = EDGE_CURVE('',#7369,#7377,#7379,.T.);
#7377 = VERTEX_POINT('',#7378);
#7378 = CARTESIAN_POINT('',(-0.3,0.15,0.207));
#7379 = LINE('',#7380,#7381);
#7380 = CARTESIAN_POINT('',(-0.3,0.15,0.));
#7381 = VECTOR('',#7382,1.);
#7382 = DIRECTION('',(0.,0.,1.));
#7383 = ORIENTED_EDGE('',*,*,#7384,.F.);
#7384 = EDGE_CURVE('',#7361,#7377,#7385,.T.);
#7385 = LINE('',#7386,#7387);
#7386 = CARTESIAN_POINT('',(-0.3,-0.15,0.207));
#7387 = VECTOR('',#7388,1.);
#7388 = DIRECTION('',(0.,1.,0.));
#7389 = PLANE('',#7390);
#7390 = AXIS2_PLACEMENT_3D('',#7391,#7392,#7393);
#7391 = CARTESIAN_POINT('',(-0.3,-0.15,0.));
#7392 = DIRECTION('',(1.,0.,0.));
#7393 = DIRECTION('',(0.,0.,1.));
#7394 = ADVANCED_FACE('',(#7395),#7472,.F.);
#7395 = FACE_BOUND('',#7396,.F.);
#7396 = EDGE_LOOP('',(#7397,#7407,#7414,#7415,#7424,#7432,#7441,#7449,
    #7457,#7465));
#7397 = ORIENTED_EDGE('',*,*,#7398,.F.);
#7398 = EDGE_CURVE('',#7399,#7401,#7403,.T.);
#7399 = VERTEX_POINT('',#7400);
#7400 = CARTESIAN_POINT('',(-0.277,-0.15,-1.387778780781E-17));
#7401 = VERTEX_POINT('',#7402);
#7402 = CARTESIAN_POINT('',(-0.223,-0.15,-1.387778780781E-17));
#7403 = LINE('',#7404,#7405);
#7404 = CARTESIAN_POINT('',(-0.3,-0.15,0.));
#7405 = VECTOR('',#7406,1.);
#7406 = DIRECTION('',(1.,0.,0.));
#7407 = ORIENTED_EDGE('',*,*,#7408,.F.);
#7408 = EDGE_CURVE('',#7359,#7399,#7409,.T.);
#7409 = CIRCLE('',#7410,2.3E-02);
#7410 = AXIS2_PLACEMENT_3D('',#7411,#7412,#7413);
#7411 = CARTESIAN_POINT('',(-0.277,-0.15,2.3E-02));
#7412 = DIRECTION('',(0.,-1.,0.));
#7413 = DIRECTION('',(0.,0.,1.));
#7414 = ORIENTED_EDGE('',*,*,#7358,.T.);
#7415 = ORIENTED_EDGE('',*,*,#7416,.T.);
#7416 = EDGE_CURVE('',#7361,#7417,#7419,.T.);
#7417 = VERTEX_POINT('',#7418);
#7418 = CARTESIAN_POINT('',(-0.277,-0.15,0.23));
#7419 = CIRCLE('',#7420,2.3E-02);
#7420 = AXIS2_PLACEMENT_3D('',#7421,#7422,#7423);
#7421 = CARTESIAN_POINT('',(-0.277,-0.15,0.207));
#7422 = DIRECTION('',(0.,1.,0.));
#7423 = DIRECTION('',(0.,-0.,1.));
#7424 = ORIENTED_EDGE('',*,*,#7425,.T.);
#7425 = EDGE_CURVE('',#7417,#7426,#7428,.T.);
#7426 = VERTEX_POINT('',#7427);
#7427 = CARTESIAN_POINT('',(-0.223,-0.15,0.23));
#7428 = LINE('',#7429,#7430);
#7429 = CARTESIAN_POINT('',(-0.3,-0.15,0.23));
#7430 = VECTOR('',#7431,1.);
#7431 = DIRECTION('',(1.,0.,0.));
#7432 = ORIENTED_EDGE('',*,*,#7433,.F.);
#7433 = EDGE_CURVE('',#7434,#7426,#7436,.T.);
#7434 = VERTEX_POINT('',#7435);
#7435 = CARTESIAN_POINT('',(-0.2,-0.15,0.207));
#7436 = CIRCLE('',#7437,2.3E-02);
#7437 = AXIS2_PLACEMENT_3D('',#7438,#7439,#7440);
#7438 = CARTESIAN_POINT('',(-0.223,-0.15,0.207));
#7439 = DIRECTION('',(0.,-1.,0.));
#7440 = DIRECTION('',(0.,0.,1.));
#7441 = ORIENTED_EDGE('',*,*,#7442,.F.);
#7442 = EDGE_CURVE('',#7443,#7434,#7445,.T.);
#7443 = VERTEX_POINT('',#7444);
#7444 = CARTESIAN_POINT('',(-0.277,-0.15,0.207));
#7445 = LINE('',#7446,#7447);
#7446 = CARTESIAN_POINT('',(-0.277,-0.15,0.207));
#7447 = VECTOR('',#7448,1.);
#7448 = DIRECTION('',(1.,0.,0.));
#7449 = ORIENTED_EDGE('',*,*,#7450,.F.);
#7450 = EDGE_CURVE('',#7451,#7443,#7453,.T.);
#7451 = VERTEX_POINT('',#7452);
#7452 = CARTESIAN_POINT('',(-0.277,-0.15,2.3E-02));
#7453 = LINE('',#7454,#7455);
#7454 = CARTESIAN_POINT('',(-0.277,-0.15,2.3E-02));
#7455 = VECTOR('',#7456,1.);
#7456 = DIRECTION('',(0.,0.,1.));
#7457 = ORIENTED_EDGE('',*,*,#7458,.T.);
#7458 = EDGE_CURVE('',#7451,#7459,#7461,.T.);
#7459 = VERTEX_POINT('',#7460);
#7460 = CARTESIAN_POINT('',(-0.2,-0.15,2.3E-02));
#7461 = LINE('',#7462,#7463);
#7462 = CARTESIAN_POINT('',(-0.277,-0.15,2.3E-02));
#7463 = VECTOR('',#7464,1.);
#7464 = DIRECTION('',(1.,0.,0.));
#7465 = ORIENTED_EDGE('',*,*,#7466,.T.);
#7466 = EDGE_CURVE('',#7459,#7401,#7467,.T.);
#7467 = CIRCLE('',#7468,2.3E-02);
#7468 = AXIS2_PLACEMENT_3D('',#7469,#7470,#7471);
#7469 = CARTESIAN_POINT('',(-0.223,-0.15,2.3E-02));
#7470 = DIRECTION('',(0.,1.,0.));
#7471 = DIRECTION('',(0.,-0.,1.));
#7472 = PLANE('',#7473);
#7473 = AXIS2_PLACEMENT_3D('',#7474,#7475,#7476);
#7474 = CARTESIAN_POINT('',(-0.3,-0.15,0.));
#7475 = DIRECTION('',(0.,1.,0.));
#7476 = DIRECTION('',(0.,-0.,1.));
#7477 = ADVANCED_FACE('',(#7478),#7497,.T.);
#7478 = FACE_BOUND('',#7479,.T.);
#7479 = EDGE_LOOP('',(#7480,#7481,#7490,#7496));
#7480 = ORIENTED_EDGE('',*,*,#7368,.T.);
#7481 = ORIENTED_EDGE('',*,*,#7482,.T.);
#7482 = EDGE_CURVE('',#7369,#7483,#7485,.T.);
#7483 = VERTEX_POINT('',#7484);
#7484 = CARTESIAN_POINT('',(-0.277,0.15,-1.387778780781E-17));
#7485 = CIRCLE('',#7486,2.3E-02);
#7486 = AXIS2_PLACEMENT_3D('',#7487,#7488,#7489);
#7487 = CARTESIAN_POINT('',(-0.277,0.15,2.3E-02));
#7488 = DIRECTION('',(0.,-1.,0.));
#7489 = DIRECTION('',(0.,0.,1.));
#7490 = ORIENTED_EDGE('',*,*,#7491,.F.);
#7491 = EDGE_CURVE('',#7399,#7483,#7492,.T.);
#7492 = LINE('',#7493,#7494);
#7493 = CARTESIAN_POINT('',(-0.277,-0.15,-1.387778780781E-17));
#7494 = VECTOR('',#7495,1.);
#7495 = DIRECTION('',(0.,1.,0.));
#7496 = ORIENTED_EDGE('',*,*,#7408,.F.);
#7497 = CYLINDRICAL_SURFACE('',#7498,2.3E-02);
#7498 = AXIS2_PLACEMENT_3D('',#7499,#7500,#7501);
#7499 = CARTESIAN_POINT('',(-0.277,-0.15,2.3E-02));
#7500 = DIRECTION('',(0.,1.,0.));
#7501 = DIRECTION('',(-1.,0.,0.));
#7502 = ADVANCED_FACE('',(#7503),#7522,.T.);
#7503 = FACE_BOUND('',#7504,.T.);
#7504 = EDGE_LOOP('',(#7505,#7506,#7514,#7521));
#7505 = ORIENTED_EDGE('',*,*,#7416,.T.);
#7506 = ORIENTED_EDGE('',*,*,#7507,.T.);
#7507 = EDGE_CURVE('',#7417,#7508,#7510,.T.);
#7508 = VERTEX_POINT('',#7509);
#7509 = CARTESIAN_POINT('',(-0.277,0.15,0.23));
#7510 = LINE('',#7511,#7512);
#7511 = CARTESIAN_POINT('',(-0.277,-0.15,0.23));
#7512 = VECTOR('',#7513,1.);
#7513 = DIRECTION('',(0.,1.,0.));
#7514 = ORIENTED_EDGE('',*,*,#7515,.F.);
#7515 = EDGE_CURVE('',#7377,#7508,#7516,.T.);
#7516 = CIRCLE('',#7517,2.3E-02);
#7517 = AXIS2_PLACEMENT_3D('',#7518,#7519,#7520);
#7518 = CARTESIAN_POINT('',(-0.277,0.15,0.207));
#7519 = DIRECTION('',(0.,1.,0.));
#7520 = DIRECTION('',(0.,-0.,1.));
#7521 = ORIENTED_EDGE('',*,*,#7384,.F.);
#7522 = CYLINDRICAL_SURFACE('',#7523,2.3E-02);
#7523 = AXIS2_PLACEMENT_3D('',#7524,#7525,#7526);
#7524 = CARTESIAN_POINT('',(-0.277,-0.15,0.207));
#7525 = DIRECTION('',(0.,1.,0.));
#7526 = DIRECTION('',(-1.,0.,0.));
#7527 = ADVANCED_FACE('',(#7528),#7589,.T.);
#7528 = FACE_BOUND('',#7529,.T.);
#7529 = EDGE_LOOP('',(#7530,#7538,#7539,#7540,#7541,#7549,#7558,#7566,
    #7574,#7582));
#7530 = ORIENTED_EDGE('',*,*,#7531,.F.);
#7531 = EDGE_CURVE('',#7483,#7532,#7534,.T.);
#7532 = VERTEX_POINT('',#7533);
#7533 = CARTESIAN_POINT('',(-0.223,0.15,-1.387778780781E-17));
#7534 = LINE('',#7535,#7536);
#7535 = CARTESIAN_POINT('',(-0.3,0.15,0.));
#7536 = VECTOR('',#7537,1.);
#7537 = DIRECTION('',(1.,0.,0.));
#7538 = ORIENTED_EDGE('',*,*,#7482,.F.);
#7539 = ORIENTED_EDGE('',*,*,#7376,.T.);
#7540 = ORIENTED_EDGE('',*,*,#7515,.T.);
#7541 = ORIENTED_EDGE('',*,*,#7542,.T.);
#7542 = EDGE_CURVE('',#7508,#7543,#7545,.T.);
#7543 = VERTEX_POINT('',#7544);
#7544 = CARTESIAN_POINT('',(-0.223,0.15,0.23));
#7545 = LINE('',#7546,#7547);
#7546 = CARTESIAN_POINT('',(-0.3,0.15,0.23));
#7547 = VECTOR('',#7548,1.);
#7548 = DIRECTION('',(1.,0.,0.));
#7549 = ORIENTED_EDGE('',*,*,#7550,.F.);
#7550 = EDGE_CURVE('',#7551,#7543,#7553,.T.);
#7551 = VERTEX_POINT('',#7552);
#7552 = CARTESIAN_POINT('',(-0.2,0.15,0.207));
#7553 = CIRCLE('',#7554,2.3E-02);
#7554 = AXIS2_PLACEMENT_3D('',#7555,#7556,#7557);
#7555 = CARTESIAN_POINT('',(-0.223,0.15,0.207));
#7556 = DIRECTION('',(0.,-1.,0.));
#7557 = DIRECTION('',(0.,0.,1.));
#7558 = ORIENTED_EDGE('',*,*,#7559,.F.);
#7559 = EDGE_CURVE('',#7560,#7551,#7562,.T.);
#7560 = VERTEX_POINT('',#7561);
#7561 = CARTESIAN_POINT('',(-0.277,0.15,0.207));
#7562 = LINE('',#7563,#7564);
#7563 = CARTESIAN_POINT('',(-0.277,0.15,0.207));
#7564 = VECTOR('',#7565,1.);
#7565 = DIRECTION('',(1.,0.,0.));
#7566 = ORIENTED_EDGE('',*,*,#7567,.F.);
#7567 = EDGE_CURVE('',#7568,#7560,#7570,.T.);
#7568 = VERTEX_POINT('',#7569);
#7569 = CARTESIAN_POINT('',(-0.277,0.15,2.3E-02));
#7570 = LINE('',#7571,#7572);
#7571 = CARTESIAN_POINT('',(-0.277,0.15,2.3E-02));
#7572 = VECTOR('',#7573,1.);
#7573 = DIRECTION('',(0.,0.,1.));
#7574 = ORIENTED_EDGE('',*,*,#7575,.T.);
#7575 = EDGE_CURVE('',#7568,#7576,#7578,.T.);
#7576 = VERTEX_POINT('',#7577);
#7577 = CARTESIAN_POINT('',(-0.2,0.15,2.3E-02));
#7578 = LINE('',#7579,#7580);
#7579 = CARTESIAN_POINT('',(-0.277,0.15,2.3E-02));
#7580 = VECTOR('',#7581,1.);
#7581 = DIRECTION('',(1.,0.,0.));
#7582 = ORIENTED_EDGE('',*,*,#7583,.T.);
#7583 = EDGE_CURVE('',#7576,#7532,#7584,.T.);
#7584 = CIRCLE('',#7585,2.3E-02);
#7585 = AXIS2_PLACEMENT_3D('',#7586,#7587,#7588);
#7586 = CARTESIAN_POINT('',(-0.223,0.15,2.3E-02));
#7587 = DIRECTION('',(0.,1.,0.));
#7588 = DIRECTION('',(0.,-0.,1.));
#7589 = PLANE('',#7590);
#7590 = AXIS2_PLACEMENT_3D('',#7591,#7592,#7593);
#7591 = CARTESIAN_POINT('',(-0.3,0.15,0.));
#7592 = DIRECTION('',(0.,1.,0.));
#7593 = DIRECTION('',(0.,-0.,1.));
#7594 = ADVANCED_FACE('',(#7595),#7606,.F.);
#7595 = FACE_BOUND('',#7596,.F.);
#7596 = EDGE_LOOP('',(#7597,#7598,#7599,#7600));
#7597 = ORIENTED_EDGE('',*,*,#7531,.F.);
#7598 = ORIENTED_EDGE('',*,*,#7491,.F.);
#7599 = ORIENTED_EDGE('',*,*,#7398,.T.);
#7600 = ORIENTED_EDGE('',*,*,#7601,.T.);
#7601 = EDGE_CURVE('',#7401,#7532,#7602,.T.);
#7602 = LINE('',#7603,#7604);
#7603 = CARTESIAN_POINT('',(-0.223,-0.15,-1.387778780781E-17));
#7604 = VECTOR('',#7605,1.);
#7605 = DIRECTION('',(0.,1.,0.));
#7606 = PLANE('',#7607);
#7607 = AXIS2_PLACEMENT_3D('',#7608,#7609,#7610);
#7608 = CARTESIAN_POINT('',(-0.3,-0.15,0.));
#7609 = DIRECTION('',(0.,0.,1.));
#7610 = DIRECTION('',(1.,0.,-0.));
#7611 = ADVANCED_FACE('',(#7612),#7623,.T.);
#7612 = FACE_BOUND('',#7613,.T.);
#7613 = EDGE_LOOP('',(#7614,#7615,#7616,#7617));
#7614 = ORIENTED_EDGE('',*,*,#7466,.T.);
#7615 = ORIENTED_EDGE('',*,*,#7601,.T.);
#7616 = ORIENTED_EDGE('',*,*,#7583,.F.);
#7617 = ORIENTED_EDGE('',*,*,#7618,.F.);
#7618 = EDGE_CURVE('',#7459,#7576,#7619,.T.);
#7619 = LINE('',#7620,#7621);
#7620 = CARTESIAN_POINT('',(-0.2,-0.15,2.3E-02));
#7621 = VECTOR('',#7622,1.);
#7622 = DIRECTION('',(0.,1.,0.));
#7623 = CYLINDRICAL_SURFACE('',#7624,2.3E-02);
#7624 = AXIS2_PLACEMENT_3D('',#7625,#7626,#7627);
#7625 = CARTESIAN_POINT('',(-0.223,-0.15,2.3E-02));
#7626 = DIRECTION('',(0.,1.,0.));
#7627 = DIRECTION('',(1.,0.,0.));
#7628 = ADVANCED_FACE('',(#7629),#7672,.F.);
#7629 = FACE_BOUND('',#7630,.F.);
#7630 = EDGE_LOOP('',(#7631,#7632,#7633,#7634,#7642,#7650,#7658,#7666));
#7631 = ORIENTED_EDGE('',*,*,#7458,.F.);
#7632 = ORIENTED_EDGE('',*,*,#7450,.T.);
#7633 = ORIENTED_EDGE('',*,*,#7442,.T.);
#7634 = ORIENTED_EDGE('',*,*,#7635,.T.);
#7635 = EDGE_CURVE('',#7434,#7636,#7638,.T.);
#7636 = VERTEX_POINT('',#7637);
#7637 = CARTESIAN_POINT('',(0.2,-0.15,0.207));
#7638 = LINE('',#7639,#7640);
#7639 = CARTESIAN_POINT('',(-0.2,-0.15,0.207));
#7640 = VECTOR('',#7641,1.);
#7641 = DIRECTION('',(1.,0.,0.));
#7642 = ORIENTED_EDGE('',*,*,#7643,.T.);
#7643 = EDGE_CURVE('',#7636,#7644,#7646,.T.);
#7644 = VERTEX_POINT('',#7645);
#7645 = CARTESIAN_POINT('',(0.277,-0.15,0.207));
#7646 = LINE('',#7647,#7648);
#7647 = CARTESIAN_POINT('',(-0.277,-0.15,0.207));
#7648 = VECTOR('',#7649,1.);
#7649 = DIRECTION('',(1.,0.,0.));
#7650 = ORIENTED_EDGE('',*,*,#7651,.F.);
#7651 = EDGE_CURVE('',#7652,#7644,#7654,.T.);
#7652 = VERTEX_POINT('',#7653);
#7653 = CARTESIAN_POINT('',(0.277,-0.15,2.3E-02));
#7654 = LINE('',#7655,#7656);
#7655 = CARTESIAN_POINT('',(0.277,-0.15,2.3E-02));
#7656 = VECTOR('',#7657,1.);
#7657 = DIRECTION('',(0.,0.,1.));
#7658 = ORIENTED_EDGE('',*,*,#7659,.F.);
#7659 = EDGE_CURVE('',#7660,#7652,#7662,.T.);
#7660 = VERTEX_POINT('',#7661);
#7661 = CARTESIAN_POINT('',(0.2,-0.15,2.3E-02));
#7662 = LINE('',#7663,#7664);
#7663 = CARTESIAN_POINT('',(-0.277,-0.15,2.3E-02));
#7664 = VECTOR('',#7665,1.);
#7665 = DIRECTION('',(1.,0.,0.));
#7666 = ORIENTED_EDGE('',*,*,#7667,.F.);
#7667 = EDGE_CURVE('',#7459,#7660,#7668,.T.);
#7668 = LINE('',#7669,#7670);
#7669 = CARTESIAN_POINT('',(-0.277,-0.15,2.3E-02));
#7670 = VECTOR('',#7671,1.);
#7671 = DIRECTION('',(1.,0.,0.));
#7672 = PLANE('',#7673);
#7673 = AXIS2_PLACEMENT_3D('',#7674,#7675,#7676);
#7674 = CARTESIAN_POINT('',(-0.277,-0.15,2.3E-02));
#7675 = DIRECTION('',(0.,1.,0.));
#7676 = DIRECTION('',(0.,-0.,1.));
#7677 = ADVANCED_FACE('',(#7678),#7689,.T.);
#7678 = FACE_BOUND('',#7679,.T.);
#7679 = EDGE_LOOP('',(#7680,#7681,#7682,#7683));
#7680 = ORIENTED_EDGE('',*,*,#7542,.F.);
#7681 = ORIENTED_EDGE('',*,*,#7507,.F.);
#7682 = ORIENTED_EDGE('',*,*,#7425,.T.);
#7683 = ORIENTED_EDGE('',*,*,#7684,.T.);
#7684 = EDGE_CURVE('',#7426,#7543,#7685,.T.);
#7685 = LINE('',#7686,#7687);
#7686 = CARTESIAN_POINT('',(-0.223,-0.15,0.23));
#7687 = VECTOR('',#7688,1.);
#7688 = DIRECTION('',(0.,1.,0.));
#7689 = PLANE('',#7690);
#7690 = AXIS2_PLACEMENT_3D('',#7691,#7692,#7693);
#7691 = CARTESIAN_POINT('',(-0.3,-0.15,0.23));
#7692 = DIRECTION('',(0.,0.,1.));
#7693 = DIRECTION('',(1.,0.,-0.));
#7694 = ADVANCED_FACE('',(#7695),#7706,.T.);
#7695 = FACE_BOUND('',#7696,.T.);
#7696 = EDGE_LOOP('',(#7697,#7703,#7704,#7705));
#7697 = ORIENTED_EDGE('',*,*,#7698,.T.);
#7698 = EDGE_CURVE('',#7434,#7551,#7699,.T.);
#7699 = LINE('',#7700,#7701);
#7700 = CARTESIAN_POINT('',(-0.2,-0.15,0.207));
#7701 = VECTOR('',#7702,1.);
#7702 = DIRECTION('',(0.,1.,0.));
#7703 = ORIENTED_EDGE('',*,*,#7550,.T.);
#7704 = ORIENTED_EDGE('',*,*,#7684,.F.);
#7705 = ORIENTED_EDGE('',*,*,#7433,.F.);
#7706 = CYLINDRICAL_SURFACE('',#7707,2.3E-02);
#7707 = AXIS2_PLACEMENT_3D('',#7708,#7709,#7710);
#7708 = CARTESIAN_POINT('',(-0.223,-0.15,0.207));
#7709 = DIRECTION('',(0.,1.,0.));
#7710 = DIRECTION('',(1.,0.,0.));
#7711 = ADVANCED_FACE('',(#7712),#7755,.T.);
#7712 = FACE_BOUND('',#7713,.T.);
#7713 = EDGE_LOOP('',(#7714,#7715,#7716,#7717,#7725,#7733,#7741,#7749));
#7714 = ORIENTED_EDGE('',*,*,#7575,.F.);
#7715 = ORIENTED_EDGE('',*,*,#7567,.T.);
#7716 = ORIENTED_EDGE('',*,*,#7559,.T.);
#7717 = ORIENTED_EDGE('',*,*,#7718,.T.);
#7718 = EDGE_CURVE('',#7551,#7719,#7721,.T.);
#7719 = VERTEX_POINT('',#7720);
#7720 = CARTESIAN_POINT('',(0.2,0.15,0.207));
#7721 = LINE('',#7722,#7723);
#7722 = CARTESIAN_POINT('',(-0.2,0.15,0.207));
#7723 = VECTOR('',#7724,1.);
#7724 = DIRECTION('',(1.,0.,0.));
#7725 = ORIENTED_EDGE('',*,*,#7726,.T.);
#7726 = EDGE_CURVE('',#7719,#7727,#7729,.T.);
#7727 = VERTEX_POINT('',#7728);
#7728 = CARTESIAN_POINT('',(0.277,0.15,0.207));
#7729 = LINE('',#7730,#7731);
#7730 = CARTESIAN_POINT('',(-0.277,0.15,0.207));
#7731 = VECTOR('',#7732,1.);
#7732 = DIRECTION('',(1.,0.,0.));
#7733 = ORIENTED_EDGE('',*,*,#7734,.F.);
#7734 = EDGE_CURVE('',#7735,#7727,#7737,.T.);
#7735 = VERTEX_POINT('',#7736);
#7736 = CARTESIAN_POINT('',(0.277,0.15,2.3E-02));
#7737 = LINE('',#7738,#7739);
#7738 = CARTESIAN_POINT('',(0.277,0.15,2.3E-02));
#7739 = VECTOR('',#7740,1.);
#7740 = DIRECTION('',(0.,0.,1.));
#7741 = ORIENTED_EDGE('',*,*,#7742,.F.);
#7742 = EDGE_CURVE('',#7743,#7735,#7745,.T.);
#7743 = VERTEX_POINT('',#7744);
#7744 = CARTESIAN_POINT('',(0.2,0.15,2.3E-02));
#7745 = LINE('',#7746,#7747);
#7746 = CARTESIAN_POINT('',(-0.277,0.15,2.3E-02));
#7747 = VECTOR('',#7748,1.);
#7748 = DIRECTION('',(1.,0.,0.));
#7749 = ORIENTED_EDGE('',*,*,#7750,.F.);
#7750 = EDGE_CURVE('',#7576,#7743,#7751,.T.);
#7751 = LINE('',#7752,#7753);
#7752 = CARTESIAN_POINT('',(-0.277,0.15,2.3E-02));
#7753 = VECTOR('',#7754,1.);
#7754 = DIRECTION('',(1.,0.,0.));
#7755 = PLANE('',#7756);
#7756 = AXIS2_PLACEMENT_3D('',#7757,#7758,#7759);
#7757 = CARTESIAN_POINT('',(-0.277,0.15,2.3E-02));
#7758 = DIRECTION('',(0.,1.,0.));
#7759 = DIRECTION('',(0.,-0.,1.));
#7760 = ADVANCED_FACE('',(#7761),#7772,.F.);
#7761 = FACE_BOUND('',#7762,.F.);
#7762 = EDGE_LOOP('',(#7763,#7764,#7765,#7771));
#7763 = ORIENTED_EDGE('',*,*,#7618,.F.);
#7764 = ORIENTED_EDGE('',*,*,#7667,.T.);
#7765 = ORIENTED_EDGE('',*,*,#7766,.T.);
#7766 = EDGE_CURVE('',#7660,#7743,#7767,.T.);
#7767 = LINE('',#7768,#7769);
#7768 = CARTESIAN_POINT('',(0.2,-0.15,2.3E-02));
#7769 = VECTOR('',#7770,1.);
#7770 = DIRECTION('',(0.,1.,0.));
#7771 = ORIENTED_EDGE('',*,*,#7750,.F.);
#7772 = PLANE('',#7773);
#7773 = AXIS2_PLACEMENT_3D('',#7774,#7775,#7776);
#7774 = CARTESIAN_POINT('',(-0.277,-0.15,2.3E-02));
#7775 = DIRECTION('',(0.,0.,1.));
#7776 = DIRECTION('',(1.,0.,-0.));
#7777 = ADVANCED_FACE('',(#7778),#7841,.F.);
#7778 = FACE_BOUND('',#7779,.F.);
#7779 = EDGE_LOOP('',(#7780,#7790,#7797,#7798,#7799,#7800,#7809,#7817,
    #7826,#7834));
#7780 = ORIENTED_EDGE('',*,*,#7781,.F.);
#7781 = EDGE_CURVE('',#7782,#7784,#7786,.T.);
#7782 = VERTEX_POINT('',#7783);
#7783 = CARTESIAN_POINT('',(0.223,-0.15,-1.387778780781E-17));
#7784 = VERTEX_POINT('',#7785);
#7785 = CARTESIAN_POINT('',(0.277,-0.15,-1.387778780781E-17));
#7786 = LINE('',#7787,#7788);
#7787 = CARTESIAN_POINT('',(0.2,-0.15,0.));
#7788 = VECTOR('',#7789,1.);
#7789 = DIRECTION('',(1.,0.,0.));
#7790 = ORIENTED_EDGE('',*,*,#7791,.F.);
#7791 = EDGE_CURVE('',#7660,#7782,#7792,.T.);
#7792 = CIRCLE('',#7793,2.3E-02);
#7793 = AXIS2_PLACEMENT_3D('',#7794,#7795,#7796);
#7794 = CARTESIAN_POINT('',(0.223,-0.15,2.3E-02));
#7795 = DIRECTION('',(0.,-1.,0.));
#7796 = DIRECTION('',(0.,0.,1.));
#7797 = ORIENTED_EDGE('',*,*,#7659,.T.);
#7798 = ORIENTED_EDGE('',*,*,#7651,.T.);
#7799 = ORIENTED_EDGE('',*,*,#7643,.F.);
#7800 = ORIENTED_EDGE('',*,*,#7801,.T.);
#7801 = EDGE_CURVE('',#7636,#7802,#7804,.T.);
#7802 = VERTEX_POINT('',#7803);
#7803 = CARTESIAN_POINT('',(0.223,-0.15,0.23));
#7804 = CIRCLE('',#7805,2.3E-02);
#7805 = AXIS2_PLACEMENT_3D('',#7806,#7807,#7808);
#7806 = CARTESIAN_POINT('',(0.223,-0.15,0.207));
#7807 = DIRECTION('',(0.,1.,0.));
#7808 = DIRECTION('',(0.,-0.,1.));
#7809 = ORIENTED_EDGE('',*,*,#7810,.T.);
#7810 = EDGE_CURVE('',#7802,#7811,#7813,.T.);
#7811 = VERTEX_POINT('',#7812);
#7812 = CARTESIAN_POINT('',(0.277,-0.15,0.23));
#7813 = LINE('',#7814,#7815);
#7814 = CARTESIAN_POINT('',(0.2,-0.15,0.23));
#7815 = VECTOR('',#7816,1.);
#7816 = DIRECTION('',(1.,0.,0.));
#7817 = ORIENTED_EDGE('',*,*,#7818,.F.);
#7818 = EDGE_CURVE('',#7819,#7811,#7821,.T.);
#7819 = VERTEX_POINT('',#7820);
#7820 = CARTESIAN_POINT('',(0.3,-0.15,0.207));
#7821 = CIRCLE('',#7822,2.3E-02);
#7822 = AXIS2_PLACEMENT_3D('',#7823,#7824,#7825);
#7823 = CARTESIAN_POINT('',(0.277,-0.15,0.207));
#7824 = DIRECTION('',(0.,-1.,0.));
#7825 = DIRECTION('',(0.,0.,1.));
#7826 = ORIENTED_EDGE('',*,*,#7827,.F.);
#7827 = EDGE_CURVE('',#7828,#7819,#7830,.T.);
#7828 = VERTEX_POINT('',#7829);
#7829 = CARTESIAN_POINT('',(0.3,-0.15,2.3E-02));
#7830 = LINE('',#7831,#7832);
#7831 = CARTESIAN_POINT('',(0.3,-0.15,0.));
#7832 = VECTOR('',#7833,1.);
#7833 = DIRECTION('',(0.,0.,1.));
#7834 = ORIENTED_EDGE('',*,*,#7835,.T.);
#7835 = EDGE_CURVE('',#7828,#7784,#7836,.T.);
#7836 = CIRCLE('',#7837,2.3E-02);
#7837 = AXIS2_PLACEMENT_3D('',#7838,#7839,#7840);
#7838 = CARTESIAN_POINT('',(0.277,-0.15,2.3E-02));
#7839 = DIRECTION('',(0.,1.,0.));
#7840 = DIRECTION('',(0.,-0.,1.));
#7841 = PLANE('',#7842);
#7842 = AXIS2_PLACEMENT_3D('',#7843,#7844,#7845);
#7843 = CARTESIAN_POINT('',(0.2,-0.15,0.));
#7844 = DIRECTION('',(0.,1.,0.));
#7845 = DIRECTION('',(0.,-0.,1.));
#7846 = ADVANCED_FACE('',(#7847),#7872,.F.);
#7847 = FACE_BOUND('',#7848,.F.);
#7848 = EDGE_LOOP('',(#7849,#7850,#7858,#7866));
#7849 = ORIENTED_EDGE('',*,*,#7635,.F.);
#7850 = ORIENTED_EDGE('',*,*,#7851,.T.);
#7851 = EDGE_CURVE('',#7434,#7852,#7854,.T.);
#7852 = VERTEX_POINT('',#7853);
#7853 = CARTESIAN_POINT('',(-0.2,-0.15,0.23));
#7854 = LINE('',#7855,#7856);
#7855 = CARTESIAN_POINT('',(-0.2,-0.15,0.207));
#7856 = VECTOR('',#7857,1.);
#7857 = DIRECTION('',(0.,0.,1.));
#7858 = ORIENTED_EDGE('',*,*,#7859,.T.);
#7859 = EDGE_CURVE('',#7852,#7860,#7862,.T.);
#7860 = VERTEX_POINT('',#7861);
#7861 = CARTESIAN_POINT('',(0.2,-0.15,0.23));
#7862 = LINE('',#7863,#7864);
#7863 = CARTESIAN_POINT('',(-0.2,-0.15,0.23));
#7864 = VECTOR('',#7865,1.);
#7865 = DIRECTION('',(1.,0.,0.));
#7866 = ORIENTED_EDGE('',*,*,#7867,.F.);
#7867 = EDGE_CURVE('',#7636,#7860,#7868,.T.);
#7868 = LINE('',#7869,#7870);
#7869 = CARTESIAN_POINT('',(0.2,-0.15,0.207));
#7870 = VECTOR('',#7871,1.);
#7871 = DIRECTION('',(0.,0.,1.));
#7872 = PLANE('',#7873);
#7873 = AXIS2_PLACEMENT_3D('',#7874,#7875,#7876);
#7874 = CARTESIAN_POINT('',(-0.2,-0.15,0.207));
#7875 = DIRECTION('',(0.,1.,0.));
#7876 = DIRECTION('',(0.,-0.,1.));
#7877 = ADVANCED_FACE('',(#7878),#7896,.F.);
#7878 = FACE_BOUND('',#7879,.F.);
#7879 = EDGE_LOOP('',(#7880,#7881,#7882,#7890));
#7880 = ORIENTED_EDGE('',*,*,#7851,.F.);
#7881 = ORIENTED_EDGE('',*,*,#7698,.T.);
#7882 = ORIENTED_EDGE('',*,*,#7883,.T.);
#7883 = EDGE_CURVE('',#7551,#7884,#7886,.T.);
#7884 = VERTEX_POINT('',#7885);
#7885 = CARTESIAN_POINT('',(-0.2,0.15,0.23));
#7886 = LINE('',#7887,#7888);
#7887 = CARTESIAN_POINT('',(-0.2,0.15,0.207));
#7888 = VECTOR('',#7889,1.);
#7889 = DIRECTION('',(0.,0.,1.));
#7890 = ORIENTED_EDGE('',*,*,#7891,.F.);
#7891 = EDGE_CURVE('',#7852,#7884,#7892,.T.);
#7892 = LINE('',#7893,#7894);
#7893 = CARTESIAN_POINT('',(-0.2,-0.15,0.23));
#7894 = VECTOR('',#7895,1.);
#7895 = DIRECTION('',(0.,1.,0.));
#7896 = PLANE('',#7897);
#7897 = AXIS2_PLACEMENT_3D('',#7898,#7899,#7900);
#7898 = CARTESIAN_POINT('',(-0.2,-0.15,0.207));
#7899 = DIRECTION('',(1.,0.,0.));
#7900 = DIRECTION('',(0.,0.,1.));
#7901 = ADVANCED_FACE('',(#7902),#7965,.T.);
#7902 = FACE_BOUND('',#7903,.T.);
#7903 = EDGE_LOOP('',(#7904,#7914,#7921,#7922,#7923,#7924,#7933,#7941,
    #7950,#7958));
#7904 = ORIENTED_EDGE('',*,*,#7905,.F.);
#7905 = EDGE_CURVE('',#7906,#7908,#7910,.T.);
#7906 = VERTEX_POINT('',#7907);
#7907 = CARTESIAN_POINT('',(0.223,0.15,-1.387778780781E-17));
#7908 = VERTEX_POINT('',#7909);
#7909 = CARTESIAN_POINT('',(0.277,0.15,-1.387778780781E-17));
#7910 = LINE('',#7911,#7912);
#7911 = CARTESIAN_POINT('',(0.2,0.15,0.));
#7912 = VECTOR('',#7913,1.);
#7913 = DIRECTION('',(1.,0.,0.));
#7914 = ORIENTED_EDGE('',*,*,#7915,.F.);
#7915 = EDGE_CURVE('',#7743,#7906,#7916,.T.);
#7916 = CIRCLE('',#7917,2.3E-02);
#7917 = AXIS2_PLACEMENT_3D('',#7918,#7919,#7920);
#7918 = CARTESIAN_POINT('',(0.223,0.15,2.3E-02));
#7919 = DIRECTION('',(0.,-1.,0.));
#7920 = DIRECTION('',(0.,0.,1.));
#7921 = ORIENTED_EDGE('',*,*,#7742,.T.);
#7922 = ORIENTED_EDGE('',*,*,#7734,.T.);
#7923 = ORIENTED_EDGE('',*,*,#7726,.F.);
#7924 = ORIENTED_EDGE('',*,*,#7925,.T.);
#7925 = EDGE_CURVE('',#7719,#7926,#7928,.T.);
#7926 = VERTEX_POINT('',#7927);
#7927 = CARTESIAN_POINT('',(0.223,0.15,0.23));
#7928 = CIRCLE('',#7929,2.3E-02);
#7929 = AXIS2_PLACEMENT_3D('',#7930,#7931,#7932);
#7930 = CARTESIAN_POINT('',(0.223,0.15,0.207));
#7931 = DIRECTION('',(0.,1.,0.));
#7932 = DIRECTION('',(0.,-0.,1.));
#7933 = ORIENTED_EDGE('',*,*,#7934,.T.);
#7934 = EDGE_CURVE('',#7926,#7935,#7937,.T.);
#7935 = VERTEX_POINT('',#7936);
#7936 = CARTESIAN_POINT('',(0.277,0.15,0.23));
#7937 = LINE('',#7938,#7939);
#7938 = CARTESIAN_POINT('',(0.2,0.15,0.23));
#7939 = VECTOR('',#7940,1.);
#7940 = DIRECTION('',(1.,0.,0.));
#7941 = ORIENTED_EDGE('',*,*,#7942,.F.);
#7942 = EDGE_CURVE('',#7943,#7935,#7945,.T.);
#7943 = VERTEX_POINT('',#7944);
#7944 = CARTESIAN_POINT('',(0.3,0.15,0.207));
#7945 = CIRCLE('',#7946,2.3E-02);
#7946 = AXIS2_PLACEMENT_3D('',#7947,#7948,#7949);
#7947 = CARTESIAN_POINT('',(0.277,0.15,0.207));
#7948 = DIRECTION('',(0.,-1.,0.));
#7949 = DIRECTION('',(0.,0.,1.));
#7950 = ORIENTED_EDGE('',*,*,#7951,.F.);
#7951 = EDGE_CURVE('',#7952,#7943,#7954,.T.);
#7952 = VERTEX_POINT('',#7953);
#7953 = CARTESIAN_POINT('',(0.3,0.15,2.3E-02));
#7954 = LINE('',#7955,#7956);
#7955 = CARTESIAN_POINT('',(0.3,0.15,0.));
#7956 = VECTOR('',#7957,1.);
#7957 = DIRECTION('',(0.,0.,1.));
#7958 = ORIENTED_EDGE('',*,*,#7959,.T.);
#7959 = EDGE_CURVE('',#7952,#7908,#7960,.T.);
#7960 = CIRCLE('',#7961,2.3E-02);
#7961 = AXIS2_PLACEMENT_3D('',#7962,#7963,#7964);
#7962 = CARTESIAN_POINT('',(0.277,0.15,2.3E-02));
#7963 = DIRECTION('',(0.,1.,0.));
#7964 = DIRECTION('',(0.,-0.,1.));
#7965 = PLANE('',#7966);
#7966 = AXIS2_PLACEMENT_3D('',#7967,#7968,#7969);
#7967 = CARTESIAN_POINT('',(0.2,0.15,0.));
#7968 = DIRECTION('',(0.,1.,0.));
#7969 = DIRECTION('',(0.,-0.,1.));
#7970 = ADVANCED_FACE('',(#7971),#7989,.T.);
#7971 = FACE_BOUND('',#7972,.T.);
#7972 = EDGE_LOOP('',(#7973,#7974,#7975,#7983));
#7973 = ORIENTED_EDGE('',*,*,#7718,.F.);
#7974 = ORIENTED_EDGE('',*,*,#7883,.T.);
#7975 = ORIENTED_EDGE('',*,*,#7976,.T.);
#7976 = EDGE_CURVE('',#7884,#7977,#7979,.T.);
#7977 = VERTEX_POINT('',#7978);
#7978 = CARTESIAN_POINT('',(0.2,0.15,0.23));
#7979 = LINE('',#7980,#7981);
#7980 = CARTESIAN_POINT('',(-0.2,0.15,0.23));
#7981 = VECTOR('',#7982,1.);
#7982 = DIRECTION('',(1.,0.,0.));
#7983 = ORIENTED_EDGE('',*,*,#7984,.F.);
#7984 = EDGE_CURVE('',#7719,#7977,#7985,.T.);
#7985 = LINE('',#7986,#7987);
#7986 = CARTESIAN_POINT('',(0.2,0.15,0.207));
#7987 = VECTOR('',#7988,1.);
#7988 = DIRECTION('',(0.,0.,1.));
#7989 = PLANE('',#7990);
#7990 = AXIS2_PLACEMENT_3D('',#7991,#7992,#7993);
#7991 = CARTESIAN_POINT('',(-0.2,0.15,0.207));
#7992 = DIRECTION('',(0.,1.,0.));
#7993 = DIRECTION('',(0.,-0.,1.));
#7994 = ADVANCED_FACE('',(#7995),#8006,.T.);
#7995 = FACE_BOUND('',#7996,.T.);
#7996 = EDGE_LOOP('',(#7997,#7998,#7999,#8005));
#7997 = ORIENTED_EDGE('',*,*,#7766,.T.);
#7998 = ORIENTED_EDGE('',*,*,#7915,.T.);
#7999 = ORIENTED_EDGE('',*,*,#8000,.F.);
#8000 = EDGE_CURVE('',#7782,#7906,#8001,.T.);
#8001 = LINE('',#8002,#8003);
#8002 = CARTESIAN_POINT('',(0.223,-0.15,-1.387778780781E-17));
#8003 = VECTOR('',#8004,1.);
#8004 = DIRECTION('',(0.,1.,0.));
#8005 = ORIENTED_EDGE('',*,*,#7791,.F.);
#8006 = CYLINDRICAL_SURFACE('',#8007,2.3E-02);
#8007 = AXIS2_PLACEMENT_3D('',#8008,#8009,#8010);
#8008 = CARTESIAN_POINT('',(0.223,-0.15,2.3E-02));
#8009 = DIRECTION('',(0.,1.,0.));
#8010 = DIRECTION('',(-1.,0.,0.));
#8011 = ADVANCED_FACE('',(#8012),#8023,.F.);
#8012 = FACE_BOUND('',#8013,.F.);
#8013 = EDGE_LOOP('',(#8014,#8015,#8016,#8017));
#8014 = ORIENTED_EDGE('',*,*,#7905,.F.);
#8015 = ORIENTED_EDGE('',*,*,#8000,.F.);
#8016 = ORIENTED_EDGE('',*,*,#7781,.T.);
#8017 = ORIENTED_EDGE('',*,*,#8018,.T.);
#8018 = EDGE_CURVE('',#7784,#7908,#8019,.T.);
#8019 = LINE('',#8020,#8021);
#8020 = CARTESIAN_POINT('',(0.277,-0.15,-1.387778780781E-17));
#8021 = VECTOR('',#8022,1.);
#8022 = DIRECTION('',(0.,1.,0.));
#8023 = PLANE('',#8024);
#8024 = AXIS2_PLACEMENT_3D('',#8025,#8026,#8027);
#8025 = CARTESIAN_POINT('',(0.2,-0.15,0.));
#8026 = DIRECTION('',(0.,0.,1.));
#8027 = DIRECTION('',(1.,0.,-0.));
#8028 = ADVANCED_FACE('',(#8029),#8040,.T.);
#8029 = FACE_BOUND('',#8030,.T.);
#8030 = EDGE_LOOP('',(#8031,#8032,#8033,#8034));
#8031 = ORIENTED_EDGE('',*,*,#7835,.T.);
#8032 = ORIENTED_EDGE('',*,*,#8018,.T.);
#8033 = ORIENTED_EDGE('',*,*,#7959,.F.);
#8034 = ORIENTED_EDGE('',*,*,#8035,.F.);
#8035 = EDGE_CURVE('',#7828,#7952,#8036,.T.);
#8036 = LINE('',#8037,#8038);
#8037 = CARTESIAN_POINT('',(0.3,-0.15,2.3E-02));
#8038 = VECTOR('',#8039,1.);
#8039 = DIRECTION('',(0.,1.,0.));
#8040 = CYLINDRICAL_SURFACE('',#8041,2.3E-02);
#8041 = AXIS2_PLACEMENT_3D('',#8042,#8043,#8044);
#8042 = CARTESIAN_POINT('',(0.277,-0.15,2.3E-02));
#8043 = DIRECTION('',(0.,1.,0.));
#8044 = DIRECTION('',(1.,0.,0.));
#8045 = ADVANCED_FACE('',(#8046),#8057,.T.);
#8046 = FACE_BOUND('',#8047,.T.);
#8047 = EDGE_LOOP('',(#8048,#8049,#8050,#8051));
#8048 = ORIENTED_EDGE('',*,*,#7827,.F.);
#8049 = ORIENTED_EDGE('',*,*,#8035,.T.);
#8050 = ORIENTED_EDGE('',*,*,#7951,.T.);
#8051 = ORIENTED_EDGE('',*,*,#8052,.F.);
#8052 = EDGE_CURVE('',#7819,#7943,#8053,.T.);
#8053 = LINE('',#8054,#8055);
#8054 = CARTESIAN_POINT('',(0.3,-0.15,0.207));
#8055 = VECTOR('',#8056,1.);
#8056 = DIRECTION('',(0.,1.,0.));
#8057 = PLANE('',#8058);
#8058 = AXIS2_PLACEMENT_3D('',#8059,#8060,#8061);
#8059 = CARTESIAN_POINT('',(0.3,-0.15,0.));
#8060 = DIRECTION('',(1.,0.,0.));
#8061 = DIRECTION('',(0.,0.,1.));
#8062 = ADVANCED_FACE('',(#8063),#8074,.T.);
#8063 = FACE_BOUND('',#8064,.T.);
#8064 = EDGE_LOOP('',(#8065,#8066,#8067,#8073));
#8065 = ORIENTED_EDGE('',*,*,#8052,.T.);
#8066 = ORIENTED_EDGE('',*,*,#7942,.T.);
#8067 = ORIENTED_EDGE('',*,*,#8068,.F.);
#8068 = EDGE_CURVE('',#7811,#7935,#8069,.T.);
#8069 = LINE('',#8070,#8071);
#8070 = CARTESIAN_POINT('',(0.277,-0.15,0.23));
#8071 = VECTOR('',#8072,1.);
#8072 = DIRECTION('',(0.,1.,0.));
#8073 = ORIENTED_EDGE('',*,*,#7818,.F.);
#8074 = CYLINDRICAL_SURFACE('',#8075,2.3E-02);
#8075 = AXIS2_PLACEMENT_3D('',#8076,#8077,#8078);
#8076 = CARTESIAN_POINT('',(0.277,-0.15,0.207));
#8077 = DIRECTION('',(0.,1.,0.));
#8078 = DIRECTION('',(1.,0.,0.));
#8079 = ADVANCED_FACE('',(#8080),#8091,.T.);
#8080 = FACE_BOUND('',#8081,.T.);
#8081 = EDGE_LOOP('',(#8082,#8083,#8089,#8090));
#8082 = ORIENTED_EDGE('',*,*,#7934,.F.);
#8083 = ORIENTED_EDGE('',*,*,#8084,.F.);
#8084 = EDGE_CURVE('',#7802,#7926,#8085,.T.);
#8085 = LINE('',#8086,#8087);
#8086 = CARTESIAN_POINT('',(0.223,-0.15,0.23));
#8087 = VECTOR('',#8088,1.);
#8088 = DIRECTION('',(0.,1.,0.));
#8089 = ORIENTED_EDGE('',*,*,#7810,.T.);
#8090 = ORIENTED_EDGE('',*,*,#8068,.T.);
#8091 = PLANE('',#8092);
#8092 = AXIS2_PLACEMENT_3D('',#8093,#8094,#8095);
#8093 = CARTESIAN_POINT('',(0.2,-0.15,0.23));
#8094 = DIRECTION('',(0.,0.,1.));
#8095 = DIRECTION('',(1.,0.,-0.));
#8096 = ADVANCED_FACE('',(#8097),#8108,.T.);
#8097 = FACE_BOUND('',#8098,.T.);
#8098 = EDGE_LOOP('',(#8099,#8100,#8101,#8102));
#8099 = ORIENTED_EDGE('',*,*,#7801,.T.);
#8100 = ORIENTED_EDGE('',*,*,#8084,.T.);
#8101 = ORIENTED_EDGE('',*,*,#7925,.F.);
#8102 = ORIENTED_EDGE('',*,*,#8103,.F.);
#8103 = EDGE_CURVE('',#7636,#7719,#8104,.T.);
#8104 = LINE('',#8105,#8106);
#8105 = CARTESIAN_POINT('',(0.2,-0.15,0.207));
#8106 = VECTOR('',#8107,1.);
#8107 = DIRECTION('',(0.,1.,0.));
#8108 = CYLINDRICAL_SURFACE('',#8109,2.3E-02);
#8109 = AXIS2_PLACEMENT_3D('',#8110,#8111,#8112);
#8110 = CARTESIAN_POINT('',(0.223,-0.15,0.207));
#8111 = DIRECTION('',(0.,1.,0.));
#8112 = DIRECTION('',(-1.,0.,0.));
#8113 = ADVANCED_FACE('',(#8114),#8125,.T.);
#8114 = FACE_BOUND('',#8115,.T.);
#8115 = EDGE_LOOP('',(#8116,#8117,#8118,#8119));
#8116 = ORIENTED_EDGE('',*,*,#7867,.F.);
#8117 = ORIENTED_EDGE('',*,*,#8103,.T.);
#8118 = ORIENTED_EDGE('',*,*,#7984,.T.);
#8119 = ORIENTED_EDGE('',*,*,#8120,.F.);
#8120 = EDGE_CURVE('',#7860,#7977,#8121,.T.);
#8121 = LINE('',#8122,#8123);
#8122 = CARTESIAN_POINT('',(0.2,-0.15,0.23));
#8123 = VECTOR('',#8124,1.);
#8124 = DIRECTION('',(0.,1.,0.));
#8125 = PLANE('',#8126);
#8126 = AXIS2_PLACEMENT_3D('',#8127,#8128,#8129);
#8127 = CARTESIAN_POINT('',(0.2,-0.15,0.207));
#8128 = DIRECTION('',(1.,0.,0.));
#8129 = DIRECTION('',(0.,0.,1.));
#8130 = ADVANCED_FACE('',(#8131),#8137,.T.);
#8131 = FACE_BOUND('',#8132,.T.);
#8132 = EDGE_LOOP('',(#8133,#8134,#8135,#8136));
#8133 = ORIENTED_EDGE('',*,*,#7891,.F.);
#8134 = ORIENTED_EDGE('',*,*,#7859,.T.);
#8135 = ORIENTED_EDGE('',*,*,#8120,.T.);
#8136 = ORIENTED_EDGE('',*,*,#7976,.F.);
#8137 = PLANE('',#8138);
#8138 = AXIS2_PLACEMENT_3D('',#8139,#8140,#8141);
#8139 = CARTESIAN_POINT('',(-0.2,-0.15,0.23));
#8140 = DIRECTION('',(0.,0.,1.));
#8141 = DIRECTION('',(1.,0.,-0.));
#8142 = ( GEOMETRIC_REPRESENTATION_CONTEXT(3) 
GLOBAL_UNCERTAINTY_ASSIGNED_CONTEXT((#8146)) 
GLOBAL_UNIT_ASSIGNED_CONTEXT((#8143,#8144,#8145)) REPRESENTATION_CONTEXT
('Context #1','3D Context with UNIT and UNCERTAINTY') );
#8143 = ( LENGTH_UNIT() NAMED_UNIT(*) SI_UNIT(.MILLI.,.METRE.) );
#8144 = ( NAMED_UNIT(*) PLANE_ANGLE_UNIT() SI_UNIT($,.RADIAN.) );
#8145 = ( NAMED_UNIT(*) SI_UNIT($,.STERADIAN.) SOLID_ANGLE_UNIT() );
#8146 = UNCERTAINTY_MEASURE_WITH_UNIT(LENGTH_MEASURE(1.E-07),#8143,
  'distance_accuracy_value','confusion accuracy');
#8147 = CONTEXT_DEPENDENT_SHAPE_REPRESENTATION(#8148,#8150);
#8148 = ( REPRESENTATION_RELATIONSHIP('','',#7351,#10) 
REPRESENTATION_RELATIONSHIP_WITH_TRANSFORMATION(#8149) 
SHAPE_REPRESENTATION_RELATIONSHIP() );
#8149 = ITEM_DEFINED_TRANSFORMATION('','',#11,#1055);
#8150 = PRODUCT_DEFINITION_SHAPE('Placement','Placement of an item',
  #8151);
#8151 = NEXT_ASSEMBLY_USAGE_OCCURRENCE('261','R21','',#5,#7346,$);
#8152 = PRODUCT_RELATED_PRODUCT_CATEGORY('part',$,(#7348));
#8153 = CONTEXT_DEPENDENT_SHAPE_REPRESENTATION(#8154,#8156);
#8154 = ( REPRESENTATION_RELATIONSHIP('','',#7351,#10) 
REPRESENTATION_RELATIONSHIP_WITH_TRANSFORMATION(#8155) 
SHAPE_REPRESENTATION_RELATIONSHIP() );
#8155 = ITEM_DEFINED_TRANSFORMATION('','',#11,#1059);
#8156 = PRODUCT_DEFINITION_SHAPE('Placement','Placement of an item',
  #8157);
#8157 = NEXT_ASSEMBLY_USAGE_OCCURRENCE('262','R66','',#5,#7346,$);
#8158 = CONTEXT_DEPENDENT_SHAPE_REPRESENTATION(#8159,#8161);
#8159 = ( REPRESENTATION_RELATIONSHIP('','',#7351,#10) 
REPRESENTATION_RELATIONSHIP_WITH_TRANSFORMATION(#8160) 
SHAPE_REPRESENTATION_RELATIONSHIP() );
#8160 = ITEM_DEFINED_TRANSFORMATION('','',#11,#1063);
#8161 = PRODUCT_DEFINITION_SHAPE('Placement','Placement of an item',
  #8162);
#8162 = NEXT_ASSEMBLY_USAGE_OCCURRENCE('263','R92','',#5,#7346,$);
#8163 = CONTEXT_DEPENDENT_SHAPE_REPRESENTATION(#8164,#8166);
#8164 = ( REPRESENTATION_RELATIONSHIP('','',#7351,#10) 
REPRESENTATION_RELATIONSHIP_WITH_TRANSFORMATION(#8165) 
SHAPE_REPRESENTATION_RELATIONSHIP() );
#8165 = ITEM_DEFINED_TRANSFORMATION('','',#11,#1067);
#8166 = PRODUCT_DEFINITION_SHAPE('Placement','Placement of an item',
  #8167);
#8167 = NEXT_ASSEMBLY_USAGE_OCCURRENCE('264','R45','',#5,#7346,$);
#8168 = SHAPE_DEFINITION_REPRESENTATION(#8169,#8175);
#8169 = PRODUCT_DEFINITION_SHAPE('','',#8170);
#8170 = PRODUCT_DEFINITION('design','',#8171,#8174);
#8171 = PRODUCT_DEFINITION_FORMATION('','',#8172);
#8172 = PRODUCT('SOT-563','SOT-563','',(#8173));
#8173 = PRODUCT_CONTEXT('',#2,'mechanical');
#8174 = PRODUCT_DEFINITION_CONTEXT('part definition',#2,'design');
#8175 = ADVANCED_BREP_SHAPE_REPRESENTATION('',(#11,#8176),#10805);
#8176 = MANIFOLD_SOLID_BREP('',#8177);
#8177 = CLOSED_SHELL('',(#8178,#8218,#8249,#8379,#8403,#8526,#8653,#8670
    ,#8693,#8815,#8943,#8960,#8991,#9218,#9249,#9476,#9507,#9538,#9765,
    #9893,#9924,#9947,#10069,#10114,#10146,#10196,#10228,#10245,#10277,
    #10294,#10326,#10358,#10375,#10407,#10439,#10456,#10488,#10505,
    #10537,#10569,#10586,#10603,#10620,#10643,#10660,#10672,#10689,
    #10706,#10723,#10735,#10747,#10759,#10771,#10796));
#8178 = ADVANCED_FACE('',(#8179),#8213,.F.);
#8179 = FACE_BOUND('',#8180,.F.);
#8180 = EDGE_LOOP('',(#8181,#8191,#8199,#8207));
#8181 = ORIENTED_EDGE('',*,*,#8182,.F.);
#8182 = EDGE_CURVE('',#8183,#8185,#8187,.T.);
#8183 = VERTEX_POINT('',#8184);
#8184 = CARTESIAN_POINT('',(0.595807377657,0.39,0.));
#8185 = VERTEX_POINT('',#8186);
#8186 = CARTESIAN_POINT('',(0.595807377657,0.61,0.));
#8187 = LINE('',#8188,#8189);
#8188 = CARTESIAN_POINT('',(0.595807377657,0.39,0.));
#8189 = VECTOR('',#8190,1.);
#8190 = DIRECTION('',(-1.110223024625E-16,1.,0.));
#8191 = ORIENTED_EDGE('',*,*,#8192,.T.);
#8192 = EDGE_CURVE('',#8183,#8193,#8195,.T.);
#8193 = VERTEX_POINT('',#8194);
#8194 = CARTESIAN_POINT('',(0.8,0.39,0.));
#8195 = LINE('',#8196,#8197);
#8196 = CARTESIAN_POINT('',(0.595807377657,0.39,0.));
#8197 = VECTOR('',#8198,1.);
#8198 = DIRECTION('',(1.,1.110223024625E-16,0.));
#8199 = ORIENTED_EDGE('',*,*,#8200,.T.);
#8200 = EDGE_CURVE('',#8193,#8201,#8203,.T.);
#8201 = VERTEX_POINT('',#8202);
#8202 = CARTESIAN_POINT('',(0.8,0.61,0.));
#8203 = LINE('',#8204,#8205);
#8204 = CARTESIAN_POINT('',(0.8,0.39,0.));
#8205 = VECTOR('',#8206,1.);
#8206 = DIRECTION('',(-1.110223024625E-16,1.,0.));
#8207 = ORIENTED_EDGE('',*,*,#8208,.F.);
#8208 = EDGE_CURVE('',#8185,#8201,#8209,.T.);
#8209 = LINE('',#8210,#8211);
#8210 = CARTESIAN_POINT('',(0.595807377657,0.61,0.));
#8211 = VECTOR('',#8212,1.);
#8212 = DIRECTION('',(1.,1.110223024625E-16,0.));
#8213 = PLANE('',#8214);
#8214 = AXIS2_PLACEMENT_3D('',#8215,#8216,#8217);
#8215 = CARTESIAN_POINT('',(0.595807377657,0.39,0.));
#8216 = DIRECTION('',(0.,0.,1.));
#8217 = DIRECTION('',(1.,1.110223024625E-16,-0.));
#8218 = ADVANCED_FACE('',(#8219),#8244,.F.);
#8219 = FACE_BOUND('',#8220,.F.);
#8220 = EDGE_LOOP('',(#8221,#8229,#8230,#8238));
#8221 = ORIENTED_EDGE('',*,*,#8222,.F.);
#8222 = EDGE_CURVE('',#8183,#8223,#8225,.T.);
#8223 = VERTEX_POINT('',#8224);
#8224 = CARTESIAN_POINT('',(0.595807377657,0.39,3.E-02));
#8225 = LINE('',#8226,#8227);
#8226 = CARTESIAN_POINT('',(0.595807377657,0.39,0.));
#8227 = VECTOR('',#8228,1.);
#8228 = DIRECTION('',(0.,0.,1.));
#8229 = ORIENTED_EDGE('',*,*,#8182,.T.);
#8230 = ORIENTED_EDGE('',*,*,#8231,.T.);
#8231 = EDGE_CURVE('',#8185,#8232,#8234,.T.);
#8232 = VERTEX_POINT('',#8233);
#8233 = CARTESIAN_POINT('',(0.595807377657,0.61,3.E-02));
#8234 = LINE('',#8235,#8236);
#8235 = CARTESIAN_POINT('',(0.595807377657,0.61,0.));
#8236 = VECTOR('',#8237,1.);
#8237 = DIRECTION('',(0.,0.,1.));
#8238 = ORIENTED_EDGE('',*,*,#8239,.F.);
#8239 = EDGE_CURVE('',#8223,#8232,#8240,.T.);
#8240 = LINE('',#8241,#8242);
#8241 = CARTESIAN_POINT('',(0.595807377657,-0.795807377657,3.E-02));
#8242 = VECTOR('',#8243,1.);
#8243 = DIRECTION('',(-2.22044604925E-16,1.,0.));
#8244 = PLANE('',#8245);
#8245 = AXIS2_PLACEMENT_3D('',#8246,#8247,#8248);
#8246 = CARTESIAN_POINT('',(0.595807377657,0.39,0.));
#8247 = DIRECTION('',(1.,1.110223024625E-16,0.));
#8248 = DIRECTION('',(0.,-0.,1.));
#8249 = ADVANCED_FACE('',(#8250),#8374,.T.);
#8250 = FACE_BOUND('',#8251,.T.);
#8251 = EDGE_LOOP('',(#8252,#8260,#8261,#8262,#8368));
#8252 = ORIENTED_EDGE('',*,*,#8253,.F.);
#8253 = EDGE_CURVE('',#8201,#8254,#8256,.T.);
#8254 = VERTEX_POINT('',#8255);
#8255 = CARTESIAN_POINT('',(0.8,0.61,0.11));
#8256 = LINE('',#8257,#8258);
#8257 = CARTESIAN_POINT('',(0.8,0.61,0.));
#8258 = VECTOR('',#8259,1.);
#8259 = DIRECTION('',(0.,0.,1.));
#8260 = ORIENTED_EDGE('',*,*,#8208,.F.);
#8261 = ORIENTED_EDGE('',*,*,#8231,.T.);
#8262 = ORIENTED_EDGE('',*,*,#8263,.T.);
#8263 = EDGE_CURVE('',#8232,#8264,#8266,.T.);
#8264 = VERTEX_POINT('',#8265);
#8265 = CARTESIAN_POINT('',(0.6,0.61,0.11));
#8266 = B_SPLINE_CURVE_WITH_KNOTS('',4,(#8267,#8268,#8269,#8270,#8271,
    #8272,#8273,#8274,#8275,#8276,#8277,#8278,#8279,#8280,#8281,#8282,
    #8283,#8284,#8285,#8286,#8287,#8288,#8289,#8290,#8291,#8292,#8293,
    #8294,#8295,#8296,#8297,#8298,#8299,#8300,#8301,#8302,#8303,#8304,
    #8305,#8306,#8307,#8308,#8309,#8310,#8311,#8312,#8313,#8314,#8315,
    #8316,#8317,#8318,#8319,#8320,#8321,#8322,#8323,#8324,#8325,#8326,
    #8327,#8328,#8329,#8330,#8331,#8332,#8333,#8334,#8335,#8336,#8337,
    #8338,#8339,#8340,#8341,#8342,#8343,#8344,#8345,#8346,#8347,#8348,
    #8349,#8350,#8351,#8352,#8353,#8354,#8355,#8356,#8357,#8358,#8359,
    #8360,#8361,#8362,#8363,#8364,#8365,#8366,#8367),.UNSPECIFIED.,.F.,
  .F.,(5,3,3,3,3,3,3,3,3,3,3,3,3,3,3,3,3,3,3,3,3,3,3,3,3,3,3,3,3,3,3,3,3
    ,5),(0.,3.000088527397E-02,6.000171535369E-02,9.000249028111E-02,
    0.120003210098,0.150003874847,0.180004484568,0.210005039305,
    0.240005539099,0.270005983992,0.300006374024,0.330006709239,
    0.360006989677,0.39000721538,0.42000738639,0.450007502748,
    0.480007564495,0.510007571674,0.540007524325,0.570007422489,
    0.600007266209,0.630007055525,0.660006790478,0.69000647111,
    0.720006097462,0.750005669576,0.780005187491,0.810004651249,
    0.840004060892,0.87000341646,0.900002717994,0.930001965535,
    0.960001159124,1.),.UNSPECIFIED.);
#8267 = CARTESIAN_POINT('',(0.595807377657,0.61,3.E-02));
#8268 = CARTESIAN_POINT('',(0.595838822296,0.61,3.059999944783E-02));
#8269 = CARTESIAN_POINT('',(0.595870266954,0.61,3.119999926388E-02));
#8270 = CARTESIAN_POINT('',(0.595901711631,0.61,3.179999944803E-02));
#8271 = CARTESIAN_POINT('',(0.595964600966,0.61,3.299999944838E-02));
#8272 = CARTESIAN_POINT('',(0.595996045624,0.61,3.359999926458E-02));
#8273 = CARTESIAN_POINT('',(0.596027490301,0.61,3.419999944858E-02));
#8274 = CARTESIAN_POINT('',(0.596090379637,0.61,3.539999944893E-02));
#8275 = CARTESIAN_POINT('',(0.596121824295,0.61,3.599999926526E-02));
#8276 = CARTESIAN_POINT('',(0.596153268972,0.61,3.659999944913E-02));
#8277 = CARTESIAN_POINT('',(0.596216158307,0.61,3.779999944948E-02));
#8278 = CARTESIAN_POINT('',(0.596247602965,0.61,3.839999926595E-02));
#8279 = CARTESIAN_POINT('',(0.596279047642,0.61,3.899999944968E-02));
#8280 = CARTESIAN_POINT('',(0.596341936977,0.61,4.019999945003E-02));
#8281 = CARTESIAN_POINT('',(0.596373381635,0.61,4.079999926664E-02));
#8282 = CARTESIAN_POINT('',(0.596404826312,0.61,4.139999945023E-02));
#8283 = CARTESIAN_POINT('',(0.596467715648,0.61,4.259999945058E-02));
#8284 = CARTESIAN_POINT('',(0.596499160305,0.61,4.319999926733E-02));
#8285 = CARTESIAN_POINT('',(0.596530604983,0.61,4.379999945078E-02));
#8286 = CARTESIAN_POINT('',(0.596593494318,0.61,4.499999945112E-02));
#8287 = CARTESIAN_POINT('',(0.596624938976,0.61,4.559999926801E-02));
#8288 = CARTESIAN_POINT('',(0.596656383653,0.61,4.619999945133E-02));
#8289 = CARTESIAN_POINT('',(0.596719272988,0.61,4.739999945167E-02));
#8290 = CARTESIAN_POINT('',(0.596750717646,0.61,4.79999992687E-02));
#8291 = CARTESIAN_POINT('',(0.596782162323,0.61,4.859999945188E-02));
#8292 = CARTESIAN_POINT('',(0.596845051658,0.61,4.979999945222E-02));
#8293 = CARTESIAN_POINT('',(0.596876496316,0.61,5.039999926939E-02));
#8294 = CARTESIAN_POINT('',(0.596907940994,0.61,5.099999945242E-02));
#8295 = CARTESIAN_POINT('',(0.596970830329,0.61,5.219999945277E-02));
#8296 = CARTESIAN_POINT('',(0.597002274987,0.61,5.279999927007E-02));
#8297 = CARTESIAN_POINT('',(0.597033719664,0.61,5.339999945297E-02));
#8298 = CARTESIAN_POINT('',(0.597096608999,0.61,5.459999945331E-02));
#8299 = CARTESIAN_POINT('',(0.597128053657,0.61,5.519999927076E-02));
#8300 = CARTESIAN_POINT('',(0.597159498334,0.61,5.579999945351E-02));
#8301 = CARTESIAN_POINT('',(0.597222387669,0.61,5.699999945386E-02));
#8302 = CARTESIAN_POINT('',(0.597253832327,0.61,5.759999927144E-02));
#8303 = CARTESIAN_POINT('',(0.597285277005,0.61,5.819999945406E-02));
#8304 = CARTESIAN_POINT('',(0.59734816634,0.61,5.93999994544E-02));
#8305 = CARTESIAN_POINT('',(0.597379610998,0.61,5.999999927213E-02));
#8306 = CARTESIAN_POINT('',(0.597411055675,0.61,6.059999945461E-02));
#8307 = CARTESIAN_POINT('',(0.59747394501,0.61,6.179999945495E-02));
#8308 = CARTESIAN_POINT('',(0.597505389668,0.61,6.239999927281E-02));
#8309 = CARTESIAN_POINT('',(0.597536834345,0.61,6.299999945515E-02));
#8310 = CARTESIAN_POINT('',(0.59759972368,0.61,6.419999945549E-02));
#8311 = CARTESIAN_POINT('',(0.597631168338,0.61,6.479999927349E-02));
#8312 = CARTESIAN_POINT('',(0.597662613015,0.61,6.539999945569E-02));
#8313 = CARTESIAN_POINT('',(0.597725502351,0.61,6.659999945604E-02));
#8314 = CARTESIAN_POINT('',(0.597756947009,0.61,6.719999927417E-02));
#8315 = CARTESIAN_POINT('',(0.597788391686,0.61,6.779999945624E-02));
#8316 = CARTESIAN_POINT('',(0.597851281021,0.61,6.899999945658E-02));
#8317 = CARTESIAN_POINT('',(0.597882725679,0.61,6.959999927485E-02));
#8318 = CARTESIAN_POINT('',(0.597914170356,0.61,7.019999945678E-02));
#8319 = CARTESIAN_POINT('',(0.597977059691,0.61,7.139999945712E-02));
#8320 = CARTESIAN_POINT('',(0.598008504349,0.61,7.199999927553E-02));
#8321 = CARTESIAN_POINT('',(0.598039949026,0.61,7.259999945732E-02));
#8322 = CARTESIAN_POINT('',(0.598102838362,0.61,7.379999945766E-02));
#8323 = CARTESIAN_POINT('',(0.59813428302,0.61,7.439999927621E-02));
#8324 = CARTESIAN_POINT('',(0.598165727697,0.61,7.499999945787E-02));
#8325 = CARTESIAN_POINT('',(0.598228617032,0.61,7.619999945821E-02));
#8326 = CARTESIAN_POINT('',(0.59826006169,0.61,7.679999927689E-02));
#8327 = CARTESIAN_POINT('',(0.598291506367,0.61,7.739999945841E-02));
#8328 = CARTESIAN_POINT('',(0.598354395702,0.61,7.859999945875E-02));
#8329 = CARTESIAN_POINT('',(0.59838584036,0.61,7.919999927757E-02));
#8330 = CARTESIAN_POINT('',(0.598417285037,0.61,7.979999945895E-02));
#8331 = CARTESIAN_POINT('',(0.598480174372,0.61,8.099999945929E-02));
#8332 = CARTESIAN_POINT('',(0.598511619031,0.61,8.159999927825E-02));
#8333 = CARTESIAN_POINT('',(0.598543063708,0.61,8.219999945949E-02));
#8334 = CARTESIAN_POINT('',(0.598605953043,0.61,8.339999945983E-02));
#8335 = CARTESIAN_POINT('',(0.598637397701,0.61,8.399999927893E-02));
#8336 = CARTESIAN_POINT('',(0.598668842378,0.61,8.459999946003E-02));
#8337 = CARTESIAN_POINT('',(0.598731731713,0.61,8.579999946037E-02));
#8338 = CARTESIAN_POINT('',(0.598763176371,0.61,8.63999992796E-02));
#8339 = CARTESIAN_POINT('',(0.598794621048,0.61,8.699999946057E-02));
#8340 = CARTESIAN_POINT('',(0.598857510383,0.61,8.819999946091E-02));
#8341 = CARTESIAN_POINT('',(0.598888955041,0.61,8.879999928028E-02));
#8342 = CARTESIAN_POINT('',(0.598920399719,0.61,8.939999946111E-02));
#8343 = CARTESIAN_POINT('',(0.598983289054,0.61,9.059999946145E-02));
#8344 = CARTESIAN_POINT('',(0.599014733712,0.61,9.119999928096E-02));
#8345 = CARTESIAN_POINT('',(0.599046178389,0.61,9.179999946165E-02));
#8346 = CARTESIAN_POINT('',(0.599109067724,0.61,9.299999946199E-02));
#8347 = CARTESIAN_POINT('',(0.599140512382,0.61,9.359999928163E-02));
#8348 = CARTESIAN_POINT('',(0.599171957059,0.61,9.419999946219E-02));
#8349 = CARTESIAN_POINT('',(0.599234846394,0.61,9.539999946253E-02));
#8350 = CARTESIAN_POINT('',(0.599266291052,0.61,9.599999928231E-02));
#8351 = CARTESIAN_POINT('',(0.599297735729,0.61,9.659999946273E-02));
#8352 = CARTESIAN_POINT('',(0.599360625065,0.61,9.779999946306E-02));
#8353 = CARTESIAN_POINT('',(0.599392069723,0.61,9.839999928298E-02));
#8354 = CARTESIAN_POINT('',(0.5994235144,0.61,9.899999946326E-02));
#8355 = CARTESIAN_POINT('',(0.599486403735,0.61,0.100199999464));
#8356 = CARTESIAN_POINT('',(0.599517848393,0.61,0.100799999284));
#8357 = CARTESIAN_POINT('',(0.59954929307,0.61,0.101399999464));
#8358 = CARTESIAN_POINT('',(0.599612182405,0.61,0.102599999464));
#8359 = CARTESIAN_POINT('',(0.599643627063,0.61,0.103199999284));
#8360 = CARTESIAN_POINT('',(0.59967507174,0.61,0.103799999464));
#8361 = CARTESIAN_POINT('',(0.599737961076,0.61,0.104999999465));
#8362 = CARTESIAN_POINT('',(0.599769405734,0.61,0.105599999285));
#8363 = CARTESIAN_POINT('',(0.599800850411,0.61,0.106199999465));
#8364 = CARTESIAN_POINT('',(0.59987422128,0.61,0.107599999045));
#8365 = CARTESIAN_POINT('',(0.599916147486,0.61,0.108399998725));
#8366 = CARTESIAN_POINT('',(0.599958073726,0.61,0.109199999043));
#8367 = CARTESIAN_POINT('',(0.6,0.61,0.11));
#8368 = ORIENTED_EDGE('',*,*,#8369,.T.);
#8369 = EDGE_CURVE('',#8264,#8254,#8370,.T.);
#8370 = LINE('',#8371,#8372);
#8371 = CARTESIAN_POINT('',(0.595807377657,0.61,0.11));
#8372 = VECTOR('',#8373,1.);
#8373 = DIRECTION('',(1.,1.110223024625E-16,0.));
#8374 = PLANE('',#8375);
#8375 = AXIS2_PLACEMENT_3D('',#8376,#8377,#8378);
#8376 = CARTESIAN_POINT('',(0.595807377657,0.61,0.));
#8377 = DIRECTION('',(-1.110223024625E-16,1.,0.));
#8378 = DIRECTION('',(0.,0.,1.));
#8379 = ADVANCED_FACE('',(#8380),#8398,.T.);
#8380 = FACE_BOUND('',#8381,.T.);
#8381 = EDGE_LOOP('',(#8382,#8390,#8391,#8392));
#8382 = ORIENTED_EDGE('',*,*,#8383,.F.);
#8383 = EDGE_CURVE('',#8193,#8384,#8386,.T.);
#8384 = VERTEX_POINT('',#8385);
#8385 = CARTESIAN_POINT('',(0.8,0.39,0.11));
#8386 = LINE('',#8387,#8388);
#8387 = CARTESIAN_POINT('',(0.8,0.39,0.));
#8388 = VECTOR('',#8389,1.);
#8389 = DIRECTION('',(0.,0.,1.));
#8390 = ORIENTED_EDGE('',*,*,#8200,.T.);
#8391 = ORIENTED_EDGE('',*,*,#8253,.T.);
#8392 = ORIENTED_EDGE('',*,*,#8393,.F.);
#8393 = EDGE_CURVE('',#8384,#8254,#8394,.T.);
#8394 = LINE('',#8395,#8396);
#8395 = CARTESIAN_POINT('',(0.8,0.39,0.11));
#8396 = VECTOR('',#8397,1.);
#8397 = DIRECTION('',(-1.110223024625E-16,1.,0.));
#8398 = PLANE('',#8399);
#8399 = AXIS2_PLACEMENT_3D('',#8400,#8401,#8402);
#8400 = CARTESIAN_POINT('',(0.8,0.39,0.));
#8401 = DIRECTION('',(1.,1.110223024625E-16,0.));
#8402 = DIRECTION('',(0.,-0.,1.));
#8403 = ADVANCED_FACE('',(#8404),#8521,.F.);
#8404 = FACE_BOUND('',#8405,.F.);
#8405 = EDGE_LOOP('',(#8406,#8407,#8408,#8409,#8515));
#8406 = ORIENTED_EDGE('',*,*,#8383,.F.);
#8407 = ORIENTED_EDGE('',*,*,#8192,.F.);
#8408 = ORIENTED_EDGE('',*,*,#8222,.T.);
#8409 = ORIENTED_EDGE('',*,*,#8410,.T.);
#8410 = EDGE_CURVE('',#8223,#8411,#8413,.T.);
#8411 = VERTEX_POINT('',#8412);
#8412 = CARTESIAN_POINT('',(0.6,0.39,0.11));
#8413 = B_SPLINE_CURVE_WITH_KNOTS('',4,(#8414,#8415,#8416,#8417,#8418,
    #8419,#8420,#8421,#8422,#8423,#8424,#8425,#8426,#8427,#8428,#8429,
    #8430,#8431,#8432,#8433,#8434,#8435,#8436,#8437,#8438,#8439,#8440,
    #8441,#8442,#8443,#8444,#8445,#8446,#8447,#8448,#8449,#8450,#8451,
    #8452,#8453,#8454,#8455,#8456,#8457,#8458,#8459,#8460,#8461,#8462,
    #8463,#8464,#8465,#8466,#8467,#8468,#8469,#8470,#8471,#8472,#8473,
    #8474,#8475,#8476,#8477,#8478,#8479,#8480,#8481,#8482,#8483,#8484,
    #8485,#8486,#8487,#8488,#8489,#8490,#8491,#8492,#8493,#8494,#8495,
    #8496,#8497,#8498,#8499,#8500,#8501,#8502,#8503,#8504,#8505,#8506,
    #8507,#8508,#8509,#8510,#8511,#8512,#8513,#8514),.UNSPECIFIED.,.F.,
  .F.,(5,3,3,3,3,3,3,3,3,3,3,3,3,3,3,3,3,3,3,3,3,3,3,3,3,3,3,3,3,3,3,3,3
    ,5),(0.,3.00003729932E-02,6.000072272729E-02,9.000104922036E-02,
    0.12000135249,0.150001632556,0.180001889434,0.210002123143,
    0.240002333701,0.270002521127,0.300002685437,0.33000282665,
    0.360002944784,0.390003039857,0.420003111886,0.45000316089,
    0.480003186886,0.510003189893,0.540003169927,0.570003127007,
    0.600003061151,0.630002972377,0.660002860701,0.690002726142,
    0.720002568718,0.750002388446,0.780002185344,0.810001959429,
    0.84000171072,0.870001439234,0.900001144989,0.930000828001,
    0.960000488289,1.),.UNSPECIFIED.);
#8414 = CARTESIAN_POINT('',(0.595807377657,0.39,3.E-02));
#8415 = CARTESIAN_POINT('',(0.595838822313,0.39,3.059999976731E-02));
#8416 = CARTESIAN_POINT('',(0.595870266976,0.39,3.119999968979E-02));
#8417 = CARTESIAN_POINT('',(0.595901711648,0.39,3.179999976739E-02));
#8418 = CARTESIAN_POINT('',(0.595964600983,0.39,3.299999976754E-02));
#8419 = CARTESIAN_POINT('',(0.595996045647,0.39,3.359999969008E-02));
#8420 = CARTESIAN_POINT('',(0.596027490318,0.39,3.419999976763E-02));
#8421 = CARTESIAN_POINT('',(0.596090379653,0.39,3.539999976777E-02));
#8422 = CARTESIAN_POINT('',(0.596121824317,0.39,3.599999969038E-02));
#8423 = CARTESIAN_POINT('',(0.596153268988,0.39,3.659999976786E-02));
#8424 = CARTESIAN_POINT('',(0.596216158324,0.39,3.779999976801E-02));
#8425 = CARTESIAN_POINT('',(0.596247602987,0.39,3.839999969067E-02));
#8426 = CARTESIAN_POINT('',(0.596279047659,0.39,3.899999976809E-02));
#8427 = CARTESIAN_POINT('',(0.596341936994,0.39,4.019999976824E-02));
#8428 = CARTESIAN_POINT('',(0.596373381657,0.39,4.079999969097E-02));
#8429 = CARTESIAN_POINT('',(0.596404826329,0.39,4.139999976833E-02));
#8430 = CARTESIAN_POINT('',(0.596467715664,0.39,4.259999976848E-02));
#8431 = CARTESIAN_POINT('',(0.596499160328,0.39,4.319999969126E-02));
#8432 = CARTESIAN_POINT('',(0.596530604999,0.39,4.379999976856E-02));
#8433 = CARTESIAN_POINT('',(0.596593494334,0.39,4.499999976871E-02));
#8434 = CARTESIAN_POINT('',(0.596624938998,0.39,4.559999969155E-02));
#8435 = CARTESIAN_POINT('',(0.59665638367,0.39,4.61999997688E-02));
#8436 = CARTESIAN_POINT('',(0.596719273005,0.39,4.739999976894E-02));
#8437 = CARTESIAN_POINT('',(0.596750717668,0.39,4.799999969185E-02));
#8438 = CARTESIAN_POINT('',(0.59678216234,0.39,4.859999976903E-02));
#8439 = CARTESIAN_POINT('',(0.596845051675,0.39,4.979999976918E-02));
#8440 = CARTESIAN_POINT('',(0.596876496339,0.39,5.039999969214E-02));
#8441 = CARTESIAN_POINT('',(0.59690794101,0.39,5.099999976926E-02));
#8442 = CARTESIAN_POINT('',(0.596970830345,0.39,5.219999976941E-02));
#8443 = CARTESIAN_POINT('',(0.597002275009,0.39,5.279999969243E-02));
#8444 = CARTESIAN_POINT('',(0.59703371968,0.39,5.339999976949E-02));
#8445 = CARTESIAN_POINT('',(0.597096609016,0.39,5.459999976964E-02));
#8446 = CARTESIAN_POINT('',(0.597128053679,0.39,5.519999969272E-02));
#8447 = CARTESIAN_POINT('',(0.597159498351,0.39,5.579999976973E-02));
#8448 = CARTESIAN_POINT('',(0.597222387686,0.39,5.699999976987E-02));
#8449 = CARTESIAN_POINT('',(0.597253832349,0.39,5.759999969302E-02));
#8450 = CARTESIAN_POINT('',(0.597285277021,0.39,5.819999976996E-02));
#8451 = CARTESIAN_POINT('',(0.597348166356,0.39,5.939999977011E-02));
#8452 = CARTESIAN_POINT('',(0.59737961102,0.39,5.999999969331E-02));
#8453 = CARTESIAN_POINT('',(0.597411055691,0.39,6.059999977019E-02));
#8454 = CARTESIAN_POINT('',(0.597473945027,0.39,6.179999977034E-02));
#8455 = CARTESIAN_POINT('',(0.59750538969,0.39,6.23999996936E-02));
#8456 = CARTESIAN_POINT('',(0.597536834362,0.39,6.299999977042E-02));
#8457 = CARTESIAN_POINT('',(0.597599723697,0.39,6.419999977057E-02));
#8458 = CARTESIAN_POINT('',(0.59763116836,0.39,6.479999969389E-02));
#8459 = CARTESIAN_POINT('',(0.597662613032,0.39,6.539999977066E-02));
#8460 = CARTESIAN_POINT('',(0.597725502367,0.39,6.65999997708E-02));
#8461 = CARTESIAN_POINT('',(0.597756947031,0.39,6.719999969418E-02));
#8462 = CARTESIAN_POINT('',(0.597788391702,0.39,6.779999977089E-02));
#8463 = CARTESIAN_POINT('',(0.597851281037,0.39,6.899999977103E-02));
#8464 = CARTESIAN_POINT('',(0.597882725701,0.39,6.959999969447E-02));
#8465 = CARTESIAN_POINT('',(0.597914170373,0.39,7.019999977112E-02));
#8466 = CARTESIAN_POINT('',(0.597977059708,0.39,7.139999977126E-02));
#8467 = CARTESIAN_POINT('',(0.598008504371,0.39,7.199999969476E-02));
#8468 = CARTESIAN_POINT('',(0.598039949043,0.39,7.259999977135E-02));
#8469 = CARTESIAN_POINT('',(0.598102838378,0.39,7.379999977149E-02));
#8470 = CARTESIAN_POINT('',(0.598134283042,0.39,7.439999969505E-02));
#8471 = CARTESIAN_POINT('',(0.598165727713,0.39,7.499999977158E-02));
#8472 = CARTESIAN_POINT('',(0.598228617048,0.39,7.619999977173E-02));
#8473 = CARTESIAN_POINT('',(0.598260061712,0.39,7.679999969534E-02));
#8474 = CARTESIAN_POINT('',(0.598291506383,0.39,7.739999977181E-02));
#8475 = CARTESIAN_POINT('',(0.598354395719,0.39,7.859999977196E-02));
#8476 = CARTESIAN_POINT('',(0.598385840382,0.39,7.919999969563E-02));
#8477 = CARTESIAN_POINT('',(0.598417285054,0.39,7.979999977204E-02));
#8478 = CARTESIAN_POINT('',(0.598480174389,0.39,8.099999977219E-02));
#8479 = CARTESIAN_POINT('',(0.598511619052,0.39,8.159999969592E-02));
#8480 = CARTESIAN_POINT('',(0.598543063724,0.39,8.219999977227E-02));
#8481 = CARTESIAN_POINT('',(0.598605953059,0.39,8.339999977242E-02));
#8482 = CARTESIAN_POINT('',(0.598637397723,0.39,8.399999969621E-02));
#8483 = CARTESIAN_POINT('',(0.598668842394,0.39,8.45999997725E-02));
#8484 = CARTESIAN_POINT('',(0.598731731729,0.39,8.579999977265E-02));
#8485 = CARTESIAN_POINT('',(0.598763176393,0.39,8.63999996965E-02));
#8486 = CARTESIAN_POINT('',(0.598794621065,0.39,8.699999977273E-02));
#8487 = CARTESIAN_POINT('',(0.5988575104,0.39,8.819999977288E-02));
#8488 = CARTESIAN_POINT('',(0.598888955063,0.39,8.879999969679E-02));
#8489 = CARTESIAN_POINT('',(0.598920399735,0.39,8.939999977296E-02));
#8490 = CARTESIAN_POINT('',(0.59898328907,0.39,9.059999977311E-02));
#8491 = CARTESIAN_POINT('',(0.599014733734,0.39,9.119999969708E-02));
#8492 = CARTESIAN_POINT('',(0.599046178405,0.39,9.179999977319E-02));
#8493 = CARTESIAN_POINT('',(0.59910906774,0.39,9.299999977334E-02));
#8494 = CARTESIAN_POINT('',(0.599140512404,0.39,9.359999969737E-02));
#8495 = CARTESIAN_POINT('',(0.599171957075,0.39,9.419999977342E-02));
#8496 = CARTESIAN_POINT('',(0.599234846411,0.39,9.539999977356E-02));
#8497 = CARTESIAN_POINT('',(0.599266291074,0.39,9.599999969765E-02));
#8498 = CARTESIAN_POINT('',(0.599297735746,0.39,9.659999977365E-02));
#8499 = CARTESIAN_POINT('',(0.599360625081,0.39,9.779999977379E-02));
#8500 = CARTESIAN_POINT('',(0.599392069744,0.39,9.839999969794E-02));
#8501 = CARTESIAN_POINT('',(0.599423514416,0.39,9.899999977388E-02));
#8502 = CARTESIAN_POINT('',(0.599486403751,0.39,0.100199999774));
#8503 = CARTESIAN_POINT('',(0.599517848415,0.39,0.100799999698));
#8504 = CARTESIAN_POINT('',(0.599549293086,0.39,0.101399999774));
#8505 = CARTESIAN_POINT('',(0.599612182421,0.39,0.102599999774));
#8506 = CARTESIAN_POINT('',(0.599643627085,0.39,0.103199999699));
#8507 = CARTESIAN_POINT('',(0.599675071757,0.39,0.103799999774));
#8508 = CARTESIAN_POINT('',(0.599737961092,0.39,0.104999999774));
#8509 = CARTESIAN_POINT('',(0.599769405755,0.39,0.105599999699));
#8510 = CARTESIAN_POINT('',(0.599800850427,0.39,0.106199999775));
#8511 = CARTESIAN_POINT('',(0.599874221309,0.39,0.107599999598));
#8512 = CARTESIAN_POINT('',(0.599916147525,0.39,0.108399999463));
#8513 = CARTESIAN_POINT('',(0.599958073755,0.39,0.109199999597));
#8514 = CARTESIAN_POINT('',(0.6,0.39,0.11));
#8515 = ORIENTED_EDGE('',*,*,#8516,.T.);
#8516 = EDGE_CURVE('',#8411,#8384,#8517,.T.);
#8517 = LINE('',#8518,#8519);
#8518 = CARTESIAN_POINT('',(0.595807377657,0.39,0.11));
#8519 = VECTOR('',#8520,1.);
#8520 = DIRECTION('',(1.,1.110223024625E-16,0.));
#8521 = PLANE('',#8522);
#8522 = AXIS2_PLACEMENT_3D('',#8523,#8524,#8525);
#8523 = CARTESIAN_POINT('',(0.595807377657,0.39,0.));
#8524 = DIRECTION('',(-1.110223024625E-16,1.,0.));
#8525 = DIRECTION('',(0.,0.,1.));
#8526 = ADVANCED_FACE('',(#8527),#8648,.T.);
#8527 = FACE_BOUND('',#8528,.T.);
#8528 = EDGE_LOOP('',(#8529,#8539,#8547,#8553,#8554,#8562,#8570,#8578,
    #8586,#8594,#8602,#8610,#8618,#8626,#8634,#8642));
#8529 = ORIENTED_EDGE('',*,*,#8530,.F.);
#8530 = EDGE_CURVE('',#8531,#8533,#8535,.T.);
#8531 = VERTEX_POINT('',#8532);
#8532 = CARTESIAN_POINT('',(-0.595807377657,0.795807377657,3.E-02));
#8533 = VERTEX_POINT('',#8534);
#8534 = CARTESIAN_POINT('',(-0.595807377657,0.61,3.E-02));
#8535 = LINE('',#8536,#8537);
#8536 = CARTESIAN_POINT('',(-0.595807377657,0.795807377657,3.E-02));
#8537 = VECTOR('',#8538,1.);
#8538 = DIRECTION('',(2.22044604925E-16,-1.,0.));
#8539 = ORIENTED_EDGE('',*,*,#8540,.F.);
#8540 = EDGE_CURVE('',#8541,#8531,#8543,.T.);
#8541 = VERTEX_POINT('',#8542);
#8542 = CARTESIAN_POINT('',(0.595807377657,0.795807377657,3.E-02));
#8543 = LINE('',#8544,#8545);
#8544 = CARTESIAN_POINT('',(0.595807377657,0.795807377657,3.E-02));
#8545 = VECTOR('',#8546,1.);
#8546 = DIRECTION('',(-1.,-2.22044604925E-16,0.));
#8547 = ORIENTED_EDGE('',*,*,#8548,.F.);
#8548 = EDGE_CURVE('',#8232,#8541,#8549,.T.);
#8549 = LINE('',#8550,#8551);
#8550 = CARTESIAN_POINT('',(0.595807377657,-0.795807377657,3.E-02));
#8551 = VECTOR('',#8552,1.);
#8552 = DIRECTION('',(-2.22044604925E-16,1.,0.));
#8553 = ORIENTED_EDGE('',*,*,#8239,.F.);
#8554 = ORIENTED_EDGE('',*,*,#8555,.F.);
#8555 = EDGE_CURVE('',#8556,#8223,#8558,.T.);
#8556 = VERTEX_POINT('',#8557);
#8557 = CARTESIAN_POINT('',(0.595807377657,0.11,3.E-02));
#8558 = LINE('',#8559,#8560);
#8559 = CARTESIAN_POINT('',(0.595807377657,-0.795807377657,3.E-02));
#8560 = VECTOR('',#8561,1.);
#8561 = DIRECTION('',(-2.22044604925E-16,1.,0.));
#8562 = ORIENTED_EDGE('',*,*,#8563,.F.);
#8563 = EDGE_CURVE('',#8564,#8556,#8566,.T.);
#8564 = VERTEX_POINT('',#8565);
#8565 = CARTESIAN_POINT('',(0.595807377657,-0.11,3.E-02));
#8566 = LINE('',#8567,#8568);
#8567 = CARTESIAN_POINT('',(0.595807377657,-0.795807377657,3.E-02));
#8568 = VECTOR('',#8569,1.);
#8569 = DIRECTION('',(-2.22044604925E-16,1.,0.));
#8570 = ORIENTED_EDGE('',*,*,#8571,.F.);
#8571 = EDGE_CURVE('',#8572,#8564,#8574,.T.);
#8572 = VERTEX_POINT('',#8573);
#8573 = CARTESIAN_POINT('',(0.595807377657,-0.39,3.E-02));
#8574 = LINE('',#8575,#8576);
#8575 = CARTESIAN_POINT('',(0.595807377657,-0.795807377657,3.E-02));
#8576 = VECTOR('',#8577,1.);
#8577 = DIRECTION('',(-2.22044604925E-16,1.,0.));
#8578 = ORIENTED_EDGE('',*,*,#8579,.F.);
#8579 = EDGE_CURVE('',#8580,#8572,#8582,.T.);
#8580 = VERTEX_POINT('',#8581);
#8581 = CARTESIAN_POINT('',(0.595807377657,-0.61,3.E-02));
#8582 = LINE('',#8583,#8584);
#8583 = CARTESIAN_POINT('',(0.595807377657,-0.795807377657,3.E-02));
#8584 = VECTOR('',#8585,1.);
#8585 = DIRECTION('',(-2.22044604925E-16,1.,0.));
#8586 = ORIENTED_EDGE('',*,*,#8587,.F.);
#8587 = EDGE_CURVE('',#8588,#8580,#8590,.T.);
#8588 = VERTEX_POINT('',#8589);
#8589 = CARTESIAN_POINT('',(0.595807377657,-0.795807377657,3.E-02));
#8590 = LINE('',#8591,#8592);
#8591 = CARTESIAN_POINT('',(0.595807377657,-0.795807377657,3.E-02));
#8592 = VECTOR('',#8593,1.);
#8593 = DIRECTION('',(-2.22044604925E-16,1.,0.));
#8594 = ORIENTED_EDGE('',*,*,#8595,.F.);
#8595 = EDGE_CURVE('',#8596,#8588,#8598,.T.);
#8596 = VERTEX_POINT('',#8597);
#8597 = CARTESIAN_POINT('',(-0.595807377657,-0.795807377657,3.E-02));
#8598 = LINE('',#8599,#8600);
#8599 = CARTESIAN_POINT('',(-0.595807377657,-0.795807377657,3.E-02));
#8600 = VECTOR('',#8601,1.);
#8601 = DIRECTION('',(1.,2.22044604925E-16,0.));
#8602 = ORIENTED_EDGE('',*,*,#8603,.F.);
#8603 = EDGE_CURVE('',#8604,#8596,#8606,.T.);
#8604 = VERTEX_POINT('',#8605);
#8605 = CARTESIAN_POINT('',(-0.595807377657,-0.61,3.E-02));
#8606 = LINE('',#8607,#8608);
#8607 = CARTESIAN_POINT('',(-0.595807377657,0.795807377657,3.E-02));
#8608 = VECTOR('',#8609,1.);
#8609 = DIRECTION('',(2.22044604925E-16,-1.,0.));
#8610 = ORIENTED_EDGE('',*,*,#8611,.F.);
#8611 = EDGE_CURVE('',#8612,#8604,#8614,.T.);
#8612 = VERTEX_POINT('',#8613);
#8613 = CARTESIAN_POINT('',(-0.595807377657,-0.39,3.E-02));
#8614 = LINE('',#8615,#8616);
#8615 = CARTESIAN_POINT('',(-0.595807377657,0.795807377657,3.E-02));
#8616 = VECTOR('',#8617,1.);
#8617 = DIRECTION('',(2.22044604925E-16,-1.,0.));
#8618 = ORIENTED_EDGE('',*,*,#8619,.F.);
#8619 = EDGE_CURVE('',#8620,#8612,#8622,.T.);
#8620 = VERTEX_POINT('',#8621);
#8621 = CARTESIAN_POINT('',(-0.595807377657,-0.11,3.E-02));
#8622 = LINE('',#8623,#8624);
#8623 = CARTESIAN_POINT('',(-0.595807377657,0.795807377657,3.E-02));
#8624 = VECTOR('',#8625,1.);
#8625 = DIRECTION('',(2.22044604925E-16,-1.,0.));
#8626 = ORIENTED_EDGE('',*,*,#8627,.F.);
#8627 = EDGE_CURVE('',#8628,#8620,#8630,.T.);
#8628 = VERTEX_POINT('',#8629);
#8629 = CARTESIAN_POINT('',(-0.595807377657,0.11,3.E-02));
#8630 = LINE('',#8631,#8632);
#8631 = CARTESIAN_POINT('',(-0.595807377657,0.795807377657,3.E-02));
#8632 = VECTOR('',#8633,1.);
#8633 = DIRECTION('',(2.22044604925E-16,-1.,0.));
#8634 = ORIENTED_EDGE('',*,*,#8635,.F.);
#8635 = EDGE_CURVE('',#8636,#8628,#8638,.T.);
#8636 = VERTEX_POINT('',#8637);
#8637 = CARTESIAN_POINT('',(-0.595807377657,0.39,3.E-02));
#8638 = LINE('',#8639,#8640);
#8639 = CARTESIAN_POINT('',(-0.595807377657,0.795807377657,3.E-02));
#8640 = VECTOR('',#8641,1.);
#8641 = DIRECTION('',(2.22044604925E-16,-1.,0.));
#8642 = ORIENTED_EDGE('',*,*,#8643,.F.);
#8643 = EDGE_CURVE('',#8533,#8636,#8644,.T.);
#8644 = LINE('',#8645,#8646);
#8645 = CARTESIAN_POINT('',(-0.595807377657,0.795807377657,3.E-02));
#8646 = VECTOR('',#8647,1.);
#8647 = DIRECTION('',(2.22044604925E-16,-1.,0.));
#8648 = PLANE('',#8649);
#8649 = AXIS2_PLACEMENT_3D('',#8650,#8651,#8652);
#8650 = CARTESIAN_POINT('',(-0.595807377657,0.795807377657,3.E-02));
#8651 = DIRECTION('',(0.,0.,-1.));
#8652 = DIRECTION('',(0.599325006491,-0.800505800475,0.));
#8653 = ADVANCED_FACE('',(#8654),#8665,.T.);
#8654 = FACE_BOUND('',#8655,.T.);
#8655 = EDGE_LOOP('',(#8656,#8662,#8663,#8664));
#8656 = ORIENTED_EDGE('',*,*,#8657,.F.);
#8657 = EDGE_CURVE('',#8411,#8264,#8658,.T.);
#8658 = LINE('',#8659,#8660);
#8659 = CARTESIAN_POINT('',(0.6,-0.8,0.11));
#8660 = VECTOR('',#8661,1.);
#8661 = DIRECTION('',(-2.22044604925E-16,1.,0.));
#8662 = ORIENTED_EDGE('',*,*,#8516,.T.);
#8663 = ORIENTED_EDGE('',*,*,#8393,.T.);
#8664 = ORIENTED_EDGE('',*,*,#8369,.F.);
#8665 = PLANE('',#8666);
#8666 = AXIS2_PLACEMENT_3D('',#8667,#8668,#8669);
#8667 = CARTESIAN_POINT('',(0.595807377657,0.39,0.11));
#8668 = DIRECTION('',(0.,0.,1.));
#8669 = DIRECTION('',(1.,1.110223024625E-16,-0.));
#8670 = ADVANCED_FACE('',(#8671),#8688,.T.);
#8671 = FACE_BOUND('',#8672,.T.);
#8672 = EDGE_LOOP('',(#8673,#8674,#8675,#8682));
#8673 = ORIENTED_EDGE('',*,*,#8263,.F.);
#8674 = ORIENTED_EDGE('',*,*,#8548,.T.);
#8675 = ORIENTED_EDGE('',*,*,#8676,.T.);
#8676 = EDGE_CURVE('',#8541,#8677,#8679,.T.);
#8677 = VERTEX_POINT('',#8678);
#8678 = CARTESIAN_POINT('',(0.6,0.8,0.11));
#8679 = B_SPLINE_CURVE_WITH_KNOTS('',1,(#8680,#8681),.UNSPECIFIED.,.F.,
  .F.,(2,2),(0.,1.),.PIECEWISE_BEZIER_KNOTS.);
#8680 = CARTESIAN_POINT('',(0.595807377657,0.795807377657,3.E-02));
#8681 = CARTESIAN_POINT('',(0.6,0.8,0.11));
#8682 = ORIENTED_EDGE('',*,*,#8683,.F.);
#8683 = EDGE_CURVE('',#8264,#8677,#8684,.T.);
#8684 = LINE('',#8685,#8686);
#8685 = CARTESIAN_POINT('',(0.6,-0.8,0.11));
#8686 = VECTOR('',#8687,1.);
#8687 = DIRECTION('',(-2.22044604925E-16,1.,0.));
#8688 = B_SPLINE_SURFACE_WITH_KNOTS('',1,1,(
    (#8689,#8690)
    ,(#8691,#8692
    )),.UNSPECIFIED.,.F.,.F.,.F.,(2,2),(2,2),(0.,1.6),(0.,1.),
  .PIECEWISE_BEZIER_KNOTS.);
#8689 = CARTESIAN_POINT('',(0.595807377657,-0.795807377657,3.E-02));
#8690 = CARTESIAN_POINT('',(0.6,-0.8,0.11));
#8691 = CARTESIAN_POINT('',(0.595807377657,0.795807377657,3.E-02));
#8692 = CARTESIAN_POINT('',(0.6,0.8,0.11));
#8693 = ADVANCED_FACE('',(#8694),#8810,.T.);
#8694 = FACE_BOUND('',#8695,.T.);
#8695 = EDGE_LOOP('',(#8696,#8802,#8803,#8804));
#8696 = ORIENTED_EDGE('',*,*,#8697,.F.);
#8697 = EDGE_CURVE('',#8556,#8698,#8700,.T.);
#8698 = VERTEX_POINT('',#8699);
#8699 = CARTESIAN_POINT('',(0.6,0.11,0.11));
#8700 = B_SPLINE_CURVE_WITH_KNOTS('',4,(#8701,#8702,#8703,#8704,#8705,
    #8706,#8707,#8708,#8709,#8710,#8711,#8712,#8713,#8714,#8715,#8716,
    #8717,#8718,#8719,#8720,#8721,#8722,#8723,#8724,#8725,#8726,#8727,
    #8728,#8729,#8730,#8731,#8732,#8733,#8734,#8735,#8736,#8737,#8738,
    #8739,#8740,#8741,#8742,#8743,#8744,#8745,#8746,#8747,#8748,#8749,
    #8750,#8751,#8752,#8753,#8754,#8755,#8756,#8757,#8758,#8759,#8760,
    #8761,#8762,#8763,#8764,#8765,#8766,#8767,#8768,#8769,#8770,#8771,
    #8772,#8773,#8774,#8775,#8776,#8777,#8778,#8779,#8780,#8781,#8782,
    #8783,#8784,#8785,#8786,#8787,#8788,#8789,#8790,#8791,#8792,#8793,
    #8794,#8795,#8796,#8797,#8798,#8799,#8800,#8801),.UNSPECIFIED.,.F.,
  .F.,(5,3,3,3,3,3,3,3,3,3,3,3,3,3,3,3,3,3,3,3,3,3,3,3,3,3,3,3,3,3,3,3,3
    ,5),(0.,3.000003027794E-02,6.000005866755E-02,9.000008517035E-02,
    0.120000109788,0.150000132521,0.180000153373,0.210000172343,
    0.240000189434,0.270000204647,0.300000217984,0.330000229446,
    0.360000239034,0.39000024675,0.420000252596,0.450000256573,
    0.480000258682,0.510000258925,0.540000257303,0.570000253818,
    0.600000248472,0.630000241265,0.660000232199,0.690000221276,
    0.720000208498,0.750000193864,0.780000177378,0.810000159041,
    0.840000138853,0.870000116817,0.900000092934,0.930000067205,
    0.960000039632,1.),.UNSPECIFIED.);
#8701 = CARTESIAN_POINT('',(0.595807377657,0.11,3.E-02));
#8702 = CARTESIAN_POINT('',(0.595838822324,0.11,3.059999998111E-02));
#8703 = CARTESIAN_POINT('',(0.595870266991,0.11,3.119999997481E-02));
#8704 = CARTESIAN_POINT('',(0.595901711659,0.11,3.179999998111E-02));
#8705 = CARTESIAN_POINT('',(0.595964600994,0.11,3.299999998113E-02));
#8706 = CARTESIAN_POINT('',(0.595996045661,0.11,3.359999997484E-02));
#8707 = CARTESIAN_POINT('',(0.596027490329,0.11,3.419999998113E-02));
#8708 = CARTESIAN_POINT('',(0.596090379664,0.11,3.539999998115E-02));
#8709 = CARTESIAN_POINT('',(0.596121824332,0.11,3.599999997486E-02));
#8710 = CARTESIAN_POINT('',(0.596153269,0.11,3.659999998115E-02));
#8711 = CARTESIAN_POINT('',(0.596216158335,0.11,3.779999998117E-02));
#8712 = CARTESIAN_POINT('',(0.596247603002,0.11,3.839999997489E-02));
#8713 = CARTESIAN_POINT('',(0.59627904767,0.11,3.899999998117E-02));
#8714 = CARTESIAN_POINT('',(0.596341937005,0.11,4.019999998118E-02));
#8715 = CARTESIAN_POINT('',(0.596373381672,0.11,4.079999997491E-02));
#8716 = CARTESIAN_POINT('',(0.59640482634,0.11,4.139999998119E-02));
#8717 = CARTESIAN_POINT('',(0.596467715675,0.11,4.25999999812E-02));
#8718 = CARTESIAN_POINT('',(0.596499160343,0.11,4.319999997494E-02));
#8719 = CARTESIAN_POINT('',(0.59653060501,0.11,4.379999998121E-02));
#8720 = CARTESIAN_POINT('',(0.596593494346,0.11,4.499999998122E-02));
#8721 = CARTESIAN_POINT('',(0.596624939013,0.11,4.559999997496E-02));
#8722 = CARTESIAN_POINT('',(0.596656383681,0.11,4.619999998123E-02));
#8723 = CARTESIAN_POINT('',(0.596719273016,0.11,4.739999998124E-02));
#8724 = CARTESIAN_POINT('',(0.596750717683,0.11,4.799999997498E-02));
#8725 = CARTESIAN_POINT('',(0.596782162351,0.11,4.859999998125E-02));
#8726 = CARTESIAN_POINT('',(0.596845051686,0.11,4.979999998126E-02));
#8727 = CARTESIAN_POINT('',(0.596876496353,0.11,5.039999997501E-02));
#8728 = CARTESIAN_POINT('',(0.596907941021,0.11,5.099999998127E-02));
#8729 = CARTESIAN_POINT('',(0.596970830356,0.11,5.219999998128E-02));
#8730 = CARTESIAN_POINT('',(0.597002275024,0.11,5.279999997503E-02));
#8731 = CARTESIAN_POINT('',(0.597033719692,0.11,5.339999998129E-02));
#8732 = CARTESIAN_POINT('',(0.597096609027,0.11,5.45999999813E-02));
#8733 = CARTESIAN_POINT('',(0.597128053694,0.11,5.519999997506E-02));
#8734 = CARTESIAN_POINT('',(0.597159498362,0.11,5.579999998131E-02));
#8735 = CARTESIAN_POINT('',(0.597222387697,0.11,5.699999998132E-02));
#8736 = CARTESIAN_POINT('',(0.597253832364,0.11,5.759999997508E-02));
#8737 = CARTESIAN_POINT('',(0.597285277032,0.11,5.819999998133E-02));
#8738 = CARTESIAN_POINT('',(0.597348166367,0.11,5.939999998134E-02));
#8739 = CARTESIAN_POINT('',(0.597379611035,0.11,5.99999999751E-02));
#8740 = CARTESIAN_POINT('',(0.597411055702,0.11,6.059999998134E-02));
#8741 = CARTESIAN_POINT('',(0.597473945038,0.11,6.179999998136E-02));
#8742 = CARTESIAN_POINT('',(0.597505389705,0.11,6.239999997513E-02));
#8743 = CARTESIAN_POINT('',(0.597536834373,0.11,6.299999998136E-02));
#8744 = CARTESIAN_POINT('',(0.597599723708,0.11,6.419999998138E-02));
#8745 = CARTESIAN_POINT('',(0.597631168375,0.11,6.479999997515E-02));
#8746 = CARTESIAN_POINT('',(0.597662613043,0.11,6.539999998138E-02));
#8747 = CARTESIAN_POINT('',(0.597725502378,0.11,6.659999998139E-02));
#8748 = CARTESIAN_POINT('',(0.597756947045,0.11,6.719999997518E-02));
#8749 = CARTESIAN_POINT('',(0.597788391713,0.11,6.77999999814E-02));
#8750 = CARTESIAN_POINT('',(0.597851281048,0.11,6.899999998141E-02));
#8751 = CARTESIAN_POINT('',(0.597882725716,0.11,6.95999999752E-02));
#8752 = CARTESIAN_POINT('',(0.597914170384,0.11,7.019999998142E-02));
#8753 = CARTESIAN_POINT('',(0.597977059719,0.11,7.139999998143E-02));
#8754 = CARTESIAN_POINT('',(0.598008504386,0.11,7.199999997522E-02));
#8755 = CARTESIAN_POINT('',(0.598039949054,0.11,7.259999998144E-02));
#8756 = CARTESIAN_POINT('',(0.598102838389,0.11,7.379999998145E-02));
#8757 = CARTESIAN_POINT('',(0.598134283056,0.11,7.439999997525E-02));
#8758 = CARTESIAN_POINT('',(0.598165727724,0.11,7.499999998146E-02));
#8759 = CARTESIAN_POINT('',(0.598228617059,0.11,7.619999998147E-02));
#8760 = CARTESIAN_POINT('',(0.598260061727,0.11,7.679999997527E-02));
#8761 = CARTESIAN_POINT('',(0.598291506394,0.11,7.739999998148E-02));
#8762 = CARTESIAN_POINT('',(0.59835439573,0.11,7.859999998149E-02));
#8763 = CARTESIAN_POINT('',(0.598385840397,0.11,7.919999997529E-02));
#8764 = CARTESIAN_POINT('',(0.598417285065,0.11,7.97999999815E-02));
#8765 = CARTESIAN_POINT('',(0.5984801744,0.11,8.099999998151E-02));
#8766 = CARTESIAN_POINT('',(0.598511619067,0.11,8.159999997532E-02));
#8767 = CARTESIAN_POINT('',(0.598543063735,0.11,8.219999998151E-02));
#8768 = CARTESIAN_POINT('',(0.59860595307,0.11,8.339999998153E-02));
#8769 = CARTESIAN_POINT('',(0.598637397737,0.11,8.399999997534E-02));
#8770 = CARTESIAN_POINT('',(0.598668842405,0.11,8.459999998153E-02));
#8771 = CARTESIAN_POINT('',(0.59873173174,0.11,8.579999998155E-02));
#8772 = CARTESIAN_POINT('',(0.598763176408,0.11,8.639999997537E-02));
#8773 = CARTESIAN_POINT('',(0.598794621076,0.11,8.699999998155E-02));
#8774 = CARTESIAN_POINT('',(0.598857510411,0.11,8.819999998156E-02));
#8775 = CARTESIAN_POINT('',(0.598888955078,0.11,8.879999997539E-02));
#8776 = CARTESIAN_POINT('',(0.598920399746,0.11,8.939999998157E-02));
#8777 = CARTESIAN_POINT('',(0.598983289081,0.11,9.059999998158E-02));
#8778 = CARTESIAN_POINT('',(0.599014733748,0.11,9.119999997541E-02));
#8779 = CARTESIAN_POINT('',(0.599046178416,0.11,9.179999998159E-02));
#8780 = CARTESIAN_POINT('',(0.599109067751,0.11,9.29999999816E-02));
#8781 = CARTESIAN_POINT('',(0.599140512418,0.11,9.359999997544E-02));
#8782 = CARTESIAN_POINT('',(0.599171957086,0.11,9.419999998161E-02));
#8783 = CARTESIAN_POINT('',(0.599234846422,0.11,9.539999998162E-02));
#8784 = CARTESIAN_POINT('',(0.599266291089,0.11,9.599999997546E-02));
#8785 = CARTESIAN_POINT('',(0.599297735757,0.11,9.659999998163E-02));
#8786 = CARTESIAN_POINT('',(0.599360625092,0.11,9.779999998164E-02));
#8787 = CARTESIAN_POINT('',(0.599392069759,0.11,9.839999997548E-02));
#8788 = CARTESIAN_POINT('',(0.599423514427,0.11,9.899999998165E-02));
#8789 = CARTESIAN_POINT('',(0.599486403762,0.11,0.100199999982));
#8790 = CARTESIAN_POINT('',(0.599517848429,0.11,0.100799999976));
#8791 = CARTESIAN_POINT('',(0.599549293097,0.11,0.101399999982));
#8792 = CARTESIAN_POINT('',(0.599612182432,0.11,0.102599999982));
#8793 = CARTESIAN_POINT('',(0.5996436271,0.11,0.103199999976));
#8794 = CARTESIAN_POINT('',(0.599675071767,0.11,0.103799999982));
#8795 = CARTESIAN_POINT('',(0.599737961103,0.11,0.104999999982));
#8796 = CARTESIAN_POINT('',(0.59976940577,0.11,0.105599999976));
#8797 = CARTESIAN_POINT('',(0.599800850438,0.11,0.106199999982));
#8798 = CARTESIAN_POINT('',(0.599874221328,0.11,0.107599999967));
#8799 = CARTESIAN_POINT('',(0.599916147551,0.11,0.108399999956));
#8800 = CARTESIAN_POINT('',(0.599958073775,0.11,0.109199999967));
#8801 = CARTESIAN_POINT('',(0.6,0.11,0.11));
#8802 = ORIENTED_EDGE('',*,*,#8555,.T.);
#8803 = ORIENTED_EDGE('',*,*,#8410,.T.);
#8804 = ORIENTED_EDGE('',*,*,#8805,.F.);
#8805 = EDGE_CURVE('',#8698,#8411,#8806,.T.);
#8806 = LINE('',#8807,#8808);
#8807 = CARTESIAN_POINT('',(0.6,-0.8,0.11));
#8808 = VECTOR('',#8809,1.);
#8809 = DIRECTION('',(-2.22044604925E-16,1.,0.));
#8810 = B_SPLINE_SURFACE_WITH_KNOTS('',1,1,(
    (#8811,#8812)
    ,(#8813,#8814
    )),.UNSPECIFIED.,.F.,.F.,.F.,(2,2),(2,2),(0.,1.6),(0.,1.),
  .PIECEWISE_BEZIER_KNOTS.);
#8811 = CARTESIAN_POINT('',(0.595807377657,-0.795807377657,3.E-02));
#8812 = CARTESIAN_POINT('',(0.6,-0.8,0.11));
#8813 = CARTESIAN_POINT('',(0.595807377657,0.795807377657,3.E-02));
#8814 = CARTESIAN_POINT('',(0.6,0.8,0.11));
#8815 = ADVANCED_FACE('',(#8816),#8938,.T.);
#8816 = FACE_BOUND('',#8817,.T.);
#8817 = EDGE_LOOP('',(#8818,#8825,#8826,#8932));
#8818 = ORIENTED_EDGE('',*,*,#8819,.F.);
#8819 = EDGE_CURVE('',#8531,#8820,#8822,.T.);
#8820 = VERTEX_POINT('',#8821);
#8821 = CARTESIAN_POINT('',(-0.6,0.8,0.11));
#8822 = B_SPLINE_CURVE_WITH_KNOTS('',1,(#8823,#8824),.UNSPECIFIED.,.F.,
  .F.,(2,2),(0.,1.),.PIECEWISE_BEZIER_KNOTS.);
#8823 = CARTESIAN_POINT('',(-0.595807377657,0.795807377657,3.E-02));
#8824 = CARTESIAN_POINT('',(-0.6,0.8,0.11));
#8825 = ORIENTED_EDGE('',*,*,#8530,.T.);
#8826 = ORIENTED_EDGE('',*,*,#8827,.T.);
#8827 = EDGE_CURVE('',#8533,#8828,#8830,.T.);
#8828 = VERTEX_POINT('',#8829);
#8829 = CARTESIAN_POINT('',(-0.6,0.61,0.11));
#8830 = B_SPLINE_CURVE_WITH_KNOTS('',4,(#8831,#8832,#8833,#8834,#8835,
    #8836,#8837,#8838,#8839,#8840,#8841,#8842,#8843,#8844,#8845,#8846,
    #8847,#8848,#8849,#8850,#8851,#8852,#8853,#8854,#8855,#8856,#8857,
    #8858,#8859,#8860,#8861,#8862,#8863,#8864,#8865,#8866,#8867,#8868,
    #8869,#8870,#8871,#8872,#8873,#8874,#8875,#8876,#8877,#8878,#8879,
    #8880,#8881,#8882,#8883,#8884,#8885,#8886,#8887,#8888,#8889,#8890,
    #8891,#8892,#8893,#8894,#8895,#8896,#8897,#8898,#8899,#8900,#8901,
    #8902,#8903,#8904,#8905,#8906,#8907,#8908,#8909,#8910,#8911,#8912,
    #8913,#8914,#8915,#8916,#8917,#8918,#8919,#8920,#8921,#8922,#8923,
    #8924,#8925,#8926,#8927,#8928,#8929,#8930,#8931),.UNSPECIFIED.,.F.,
  .F.,(5,3,3,3,3,3,3,3,3,3,3,3,3,3,3,3,3,3,3,3,3,3,3,3,3,3,3,3,3,3,3,3,3
    ,5),(0.,3.000088527395E-02,6.000171535364E-02,9.000249028103E-02,
    0.120003210098,0.150003874847,0.180004484568,0.210005039305,
    0.240005539099,0.270005983991,0.300006374024,0.330006709239,
    0.360006989677,0.39000721538,0.42000738639,0.450007502748,
    0.480007564495,0.510007571673,0.540007524324,0.570007422489,
    0.600007266208,0.630007055524,0.660006790478,0.69000647111,
    0.720006097462,0.750005669575,0.780005187491,0.810004651249,
    0.840004060892,0.87000341646,0.900002717994,0.930001965535,
    0.960001159124,1.),.UNSPECIFIED.);
#8831 = CARTESIAN_POINT('',(-0.595807377657,0.61,3.E-02));
#8832 = CARTESIAN_POINT('',(-0.595838822296,0.61,3.059999944783E-02));
#8833 = CARTESIAN_POINT('',(-0.595870266954,0.61,3.119999926388E-02));
#8834 = CARTESIAN_POINT('',(-0.595901711631,0.61,3.179999944803E-02));
#8835 = CARTESIAN_POINT('',(-0.595964600966,0.61,3.299999944838E-02));
#8836 = CARTESIAN_POINT('',(-0.595996045624,0.61,3.359999926458E-02));
#8837 = CARTESIAN_POINT('',(-0.596027490301,0.61,3.419999944858E-02));
#8838 = CARTESIAN_POINT('',(-0.596090379637,0.61,3.539999944893E-02));
#8839 = CARTESIAN_POINT('',(-0.596121824295,0.61,3.599999926526E-02));
#8840 = CARTESIAN_POINT('',(-0.596153268972,0.61,3.659999944913E-02));
#8841 = CARTESIAN_POINT('',(-0.596216158307,0.61,3.779999944948E-02));
#8842 = CARTESIAN_POINT('',(-0.596247602965,0.61,3.839999926595E-02));
#8843 = CARTESIAN_POINT('',(-0.596279047642,0.61,3.899999944968E-02));
#8844 = CARTESIAN_POINT('',(-0.596341936977,0.61,4.019999945003E-02));
#8845 = CARTESIAN_POINT('',(-0.596373381635,0.61,4.079999926664E-02));
#8846 = CARTESIAN_POINT('',(-0.596404826312,0.61,4.139999945023E-02));
#8847 = CARTESIAN_POINT('',(-0.596467715648,0.61,4.259999945058E-02));
#8848 = CARTESIAN_POINT('',(-0.596499160305,0.61,4.319999926733E-02));
#8849 = CARTESIAN_POINT('',(-0.596530604983,0.61,4.379999945078E-02));
#8850 = CARTESIAN_POINT('',(-0.596593494318,0.61,4.499999945112E-02));
#8851 = CARTESIAN_POINT('',(-0.596624938976,0.61,4.559999926801E-02));
#8852 = CARTESIAN_POINT('',(-0.596656383653,0.61,4.619999945133E-02));
#8853 = CARTESIAN_POINT('',(-0.596719272988,0.61,4.739999945167E-02));
#8854 = CARTESIAN_POINT('',(-0.596750717646,0.61,4.79999992687E-02));
#8855 = CARTESIAN_POINT('',(-0.596782162323,0.61,4.859999945188E-02));
#8856 = CARTESIAN_POINT('',(-0.596845051658,0.61,4.979999945222E-02));
#8857 = CARTESIAN_POINT('',(-0.596876496316,0.61,5.039999926939E-02));
#8858 = CARTESIAN_POINT('',(-0.596907940994,0.61,5.099999945242E-02));
#8859 = CARTESIAN_POINT('',(-0.596970830329,0.61,5.219999945277E-02));
#8860 = CARTESIAN_POINT('',(-0.597002274987,0.61,5.279999927007E-02));
#8861 = CARTESIAN_POINT('',(-0.597033719664,0.61,5.339999945297E-02));
#8862 = CARTESIAN_POINT('',(-0.597096608999,0.61,5.459999945331E-02));
#8863 = CARTESIAN_POINT('',(-0.597128053657,0.61,5.519999927076E-02));
#8864 = CARTESIAN_POINT('',(-0.597159498334,0.61,5.579999945351E-02));
#8865 = CARTESIAN_POINT('',(-0.597222387669,0.61,5.699999945386E-02));
#8866 = CARTESIAN_POINT('',(-0.597253832327,0.61,5.759999927144E-02));
#8867 = CARTESIAN_POINT('',(-0.597285277005,0.61,5.819999945406E-02));
#8868 = CARTESIAN_POINT('',(-0.59734816634,0.61,5.93999994544E-02));
#8869 = CARTESIAN_POINT('',(-0.597379610998,0.61,5.999999927213E-02));
#8870 = CARTESIAN_POINT('',(-0.597411055675,0.61,6.059999945461E-02));
#8871 = CARTESIAN_POINT('',(-0.59747394501,0.61,6.179999945495E-02));
#8872 = CARTESIAN_POINT('',(-0.597505389668,0.61,6.239999927281E-02));
#8873 = CARTESIAN_POINT('',(-0.597536834345,0.61,6.299999945515E-02));
#8874 = CARTESIAN_POINT('',(-0.59759972368,0.61,6.419999945549E-02));
#8875 = CARTESIAN_POINT('',(-0.597631168338,0.61,6.479999927349E-02));
#8876 = CARTESIAN_POINT('',(-0.597662613015,0.61,6.539999945569E-02));
#8877 = CARTESIAN_POINT('',(-0.597725502351,0.61,6.659999945604E-02));
#8878 = CARTESIAN_POINT('',(-0.597756947009,0.61,6.719999927417E-02));
#8879 = CARTESIAN_POINT('',(-0.597788391686,0.61,6.779999945624E-02));
#8880 = CARTESIAN_POINT('',(-0.597851281021,0.61,6.899999945658E-02));
#8881 = CARTESIAN_POINT('',(-0.597882725679,0.61,6.959999927485E-02));
#8882 = CARTESIAN_POINT('',(-0.597914170356,0.61,7.019999945678E-02));
#8883 = CARTESIAN_POINT('',(-0.597977059691,0.61,7.139999945712E-02));
#8884 = CARTESIAN_POINT('',(-0.598008504349,0.61,7.199999927553E-02));
#8885 = CARTESIAN_POINT('',(-0.598039949026,0.61,7.259999945732E-02));
#8886 = CARTESIAN_POINT('',(-0.598102838362,0.61,7.379999945766E-02));
#8887 = CARTESIAN_POINT('',(-0.59813428302,0.61,7.439999927621E-02));
#8888 = CARTESIAN_POINT('',(-0.598165727697,0.61,7.499999945787E-02));
#8889 = CARTESIAN_POINT('',(-0.598228617032,0.61,7.619999945821E-02));
#8890 = CARTESIAN_POINT('',(-0.59826006169,0.61,7.679999927689E-02));
#8891 = CARTESIAN_POINT('',(-0.598291506367,0.61,7.739999945841E-02));
#8892 = CARTESIAN_POINT('',(-0.598354395702,0.61,7.859999945875E-02));
#8893 = CARTESIAN_POINT('',(-0.59838584036,0.61,7.919999927757E-02));
#8894 = CARTESIAN_POINT('',(-0.598417285037,0.61,7.979999945895E-02));
#8895 = CARTESIAN_POINT('',(-0.598480174372,0.61,8.099999945929E-02));
#8896 = CARTESIAN_POINT('',(-0.598511619031,0.61,8.159999927825E-02));
#8897 = CARTESIAN_POINT('',(-0.598543063708,0.61,8.219999945949E-02));
#8898 = CARTESIAN_POINT('',(-0.598605953043,0.61,8.339999945983E-02));
#8899 = CARTESIAN_POINT('',(-0.598637397701,0.61,8.399999927893E-02));
#8900 = CARTESIAN_POINT('',(-0.598668842378,0.61,8.459999946003E-02));
#8901 = CARTESIAN_POINT('',(-0.598731731713,0.61,8.579999946037E-02));
#8902 = CARTESIAN_POINT('',(-0.598763176371,0.61,8.63999992796E-02));
#8903 = CARTESIAN_POINT('',(-0.598794621048,0.61,8.699999946057E-02));
#8904 = CARTESIAN_POINT('',(-0.598857510383,0.61,8.819999946091E-02));
#8905 = CARTESIAN_POINT('',(-0.598888955041,0.61,8.879999928028E-02));
#8906 = CARTESIAN_POINT('',(-0.598920399719,0.61,8.939999946111E-02));
#8907 = CARTESIAN_POINT('',(-0.598983289054,0.61,9.059999946145E-02));
#8908 = CARTESIAN_POINT('',(-0.599014733712,0.61,9.119999928096E-02));
#8909 = CARTESIAN_POINT('',(-0.599046178389,0.61,9.179999946165E-02));
#8910 = CARTESIAN_POINT('',(-0.599109067724,0.61,9.299999946199E-02));
#8911 = CARTESIAN_POINT('',(-0.599140512382,0.61,9.359999928163E-02));
#8912 = CARTESIAN_POINT('',(-0.599171957059,0.61,9.419999946219E-02));
#8913 = CARTESIAN_POINT('',(-0.599234846394,0.61,9.539999946253E-02));
#8914 = CARTESIAN_POINT('',(-0.599266291052,0.61,9.599999928231E-02));
#8915 = CARTESIAN_POINT('',(-0.599297735729,0.61,9.659999946273E-02));
#8916 = CARTESIAN_POINT('',(-0.599360625065,0.61,9.779999946306E-02));
#8917 = CARTESIAN_POINT('',(-0.599392069723,0.61,9.839999928298E-02));
#8918 = CARTESIAN_POINT('',(-0.5994235144,0.61,9.899999946326E-02));
#8919 = CARTESIAN_POINT('',(-0.599486403735,0.61,0.100199999464));
#8920 = CARTESIAN_POINT('',(-0.599517848393,0.61,0.100799999284));
#8921 = CARTESIAN_POINT('',(-0.59954929307,0.61,0.101399999464));
#8922 = CARTESIAN_POINT('',(-0.599612182405,0.61,0.102599999464));
#8923 = CARTESIAN_POINT('',(-0.599643627063,0.61,0.103199999284));
#8924 = CARTESIAN_POINT('',(-0.59967507174,0.61,0.103799999464));
#8925 = CARTESIAN_POINT('',(-0.599737961076,0.61,0.104999999465));
#8926 = CARTESIAN_POINT('',(-0.599769405734,0.61,0.105599999285));
#8927 = CARTESIAN_POINT('',(-0.599800850411,0.61,0.106199999465));
#8928 = CARTESIAN_POINT('',(-0.59987422128,0.61,0.107599999045));
#8929 = CARTESIAN_POINT('',(-0.599916147486,0.61,0.108399998725));
#8930 = CARTESIAN_POINT('',(-0.599958073726,0.61,0.109199999043));
#8931 = CARTESIAN_POINT('',(-0.6,0.61,0.11));
#8932 = ORIENTED_EDGE('',*,*,#8933,.F.);
#8933 = EDGE_CURVE('',#8820,#8828,#8934,.T.);
#8934 = LINE('',#8935,#8936);
#8935 = CARTESIAN_POINT('',(-0.6,0.8,0.11));
#8936 = VECTOR('',#8937,1.);
#8937 = DIRECTION('',(2.22044604925E-16,-1.,0.));
#8938 = B_SPLINE_SURFACE_WITH_KNOTS('',1,1,(
    (#8939,#8940)
    ,(#8941,#8942
    )),.UNSPECIFIED.,.F.,.F.,.F.,(2,2),(2,2),(0.,1.6),(0.,1.),
  .PIECEWISE_BEZIER_KNOTS.);
#8939 = CARTESIAN_POINT('',(-0.595807377657,0.795807377657,3.E-02));
#8940 = CARTESIAN_POINT('',(-0.6,0.8,0.11));
#8941 = CARTESIAN_POINT('',(-0.595807377657,-0.795807377657,3.E-02));
#8942 = CARTESIAN_POINT('',(-0.6,-0.8,0.11));
#8943 = ADVANCED_FACE('',(#8944),#8955,.T.);
#8944 = FACE_BOUND('',#8945,.T.);
#8945 = EDGE_LOOP('',(#8946,#8947,#8948,#8954));
#8946 = ORIENTED_EDGE('',*,*,#8540,.T.);
#8947 = ORIENTED_EDGE('',*,*,#8819,.T.);
#8948 = ORIENTED_EDGE('',*,*,#8949,.F.);
#8949 = EDGE_CURVE('',#8677,#8820,#8950,.T.);
#8950 = LINE('',#8951,#8952);
#8951 = CARTESIAN_POINT('',(0.6,0.8,0.11));
#8952 = VECTOR('',#8953,1.);
#8953 = DIRECTION('',(-1.,-2.22044604925E-16,0.));
#8954 = ORIENTED_EDGE('',*,*,#8676,.F.);
#8955 = B_SPLINE_SURFACE_WITH_KNOTS('',1,1,(
    (#8956,#8957)
    ,(#8958,#8959
    )),.UNSPECIFIED.,.F.,.F.,.F.,(2,2),(2,2),(0.,1.2),(0.,1.),
  .PIECEWISE_BEZIER_KNOTS.);
#8956 = CARTESIAN_POINT('',(0.595807377657,0.795807377657,3.E-02));
#8957 = CARTESIAN_POINT('',(0.6,0.8,0.11));
#8958 = CARTESIAN_POINT('',(-0.595807377657,0.795807377657,3.E-02));
#8959 = CARTESIAN_POINT('',(-0.6,0.8,0.11));
#8960 = ADVANCED_FACE('',(#8961),#8986,.F.);
#8961 = FACE_BOUND('',#8962,.F.);
#8962 = EDGE_LOOP('',(#8963,#8971,#8979,#8985));
#8963 = ORIENTED_EDGE('',*,*,#8964,.F.);
#8964 = EDGE_CURVE('',#8965,#8533,#8967,.T.);
#8965 = VERTEX_POINT('',#8966);
#8966 = CARTESIAN_POINT('',(-0.595807377657,0.61,0.));
#8967 = LINE('',#8968,#8969);
#8968 = CARTESIAN_POINT('',(-0.595807377657,0.61,0.));
#8969 = VECTOR('',#8970,1.);
#8970 = DIRECTION('',(0.,0.,1.));
#8971 = ORIENTED_EDGE('',*,*,#8972,.T.);
#8972 = EDGE_CURVE('',#8965,#8973,#8975,.T.);
#8973 = VERTEX_POINT('',#8974);
#8974 = CARTESIAN_POINT('',(-0.595807377657,0.39,0.));
#8975 = LINE('',#8976,#8977);
#8976 = CARTESIAN_POINT('',(-0.595807377657,0.61,0.));
#8977 = VECTOR('',#8978,1.);
#8978 = DIRECTION('',(-1.144237745222E-17,-1.,0.));
#8979 = ORIENTED_EDGE('',*,*,#8980,.T.);
#8980 = EDGE_CURVE('',#8973,#8636,#8981,.T.);
#8981 = LINE('',#8982,#8983);
#8982 = CARTESIAN_POINT('',(-0.595807377657,0.39,0.));
#8983 = VECTOR('',#8984,1.);
#8984 = DIRECTION('',(0.,0.,1.));
#8985 = ORIENTED_EDGE('',*,*,#8643,.F.);
#8986 = PLANE('',#8987);
#8987 = AXIS2_PLACEMENT_3D('',#8988,#8989,#8990);
#8988 = CARTESIAN_POINT('',(-0.595807377657,0.61,0.));
#8989 = DIRECTION('',(-1.,1.144237745222E-17,0.));
#8990 = DIRECTION('',(0.,0.,1.));
#8991 = ADVANCED_FACE('',(#8992),#9213,.T.);
#8992 = FACE_BOUND('',#8993,.T.);
#8993 = EDGE_LOOP('',(#8994,#9100,#9101,#9207));
#8994 = ORIENTED_EDGE('',*,*,#8995,.F.);
#8995 = EDGE_CURVE('',#8636,#8996,#8998,.T.);
#8996 = VERTEX_POINT('',#8997);
#8997 = CARTESIAN_POINT('',(-0.6,0.39,0.11));
#8998 = B_SPLINE_CURVE_WITH_KNOTS('',4,(#8999,#9000,#9001,#9002,#9003,
    #9004,#9005,#9006,#9007,#9008,#9009,#9010,#9011,#9012,#9013,#9014,
    #9015,#9016,#9017,#9018,#9019,#9020,#9021,#9022,#9023,#9024,#9025,
    #9026,#9027,#9028,#9029,#9030,#9031,#9032,#9033,#9034,#9035,#9036,
    #9037,#9038,#9039,#9040,#9041,#9042,#9043,#9044,#9045,#9046,#9047,
    #9048,#9049,#9050,#9051,#9052,#9053,#9054,#9055,#9056,#9057,#9058,
    #9059,#9060,#9061,#9062,#9063,#9064,#9065,#9066,#9067,#9068,#9069,
    #9070,#9071,#9072,#9073,#9074,#9075,#9076,#9077,#9078,#9079,#9080,
    #9081,#9082,#9083,#9084,#9085,#9086,#9087,#9088,#9089,#9090,#9091,
    #9092,#9093,#9094,#9095,#9096,#9097,#9098,#9099),.UNSPECIFIED.,.F.,
  .F.,(5,3,3,3,3,3,3,3,3,3,3,3,3,3,3,3,3,3,3,3,3,3,3,3,3,3,3,3,3,3,3,3,3
    ,5),(0.,3.000037299324E-02,6.000072272736E-02,9.000104922047E-02,
    0.120001352491,0.150001632556,0.180001889434,0.210002123143,
    0.240002333702,0.270002521127,0.300002685437,0.33000282665,
    0.360002944785,0.390003039857,0.420003111887,0.450003160891,
    0.480003186887,0.510003189893,0.540003169928,0.570003127008,
    0.600003061152,0.630002972377,0.660002860701,0.690002726142,
    0.720002568718,0.750002388446,0.780002185344,0.81000195943,
    0.84000171072,0.870001439234,0.900001144989,0.930000828001,
    0.96000048829,1.),.UNSPECIFIED.);
#8999 = CARTESIAN_POINT('',(-0.595807377657,0.39,3.E-02));
#9000 = CARTESIAN_POINT('',(-0.595838822313,0.39,3.059999976731E-02));
#9001 = CARTESIAN_POINT('',(-0.595870266976,0.39,3.119999968979E-02));
#9002 = CARTESIAN_POINT('',(-0.595901711648,0.39,3.179999976739E-02));
#9003 = CARTESIAN_POINT('',(-0.595964600983,0.39,3.299999976754E-02));
#9004 = CARTESIAN_POINT('',(-0.595996045647,0.39,3.359999969008E-02));
#9005 = CARTESIAN_POINT('',(-0.596027490318,0.39,3.419999976763E-02));
#9006 = CARTESIAN_POINT('',(-0.596090379653,0.39,3.539999976777E-02));
#9007 = CARTESIAN_POINT('',(-0.596121824317,0.39,3.599999969038E-02));
#9008 = CARTESIAN_POINT('',(-0.596153268988,0.39,3.659999976786E-02));
#9009 = CARTESIAN_POINT('',(-0.596216158324,0.39,3.779999976801E-02));
#9010 = CARTESIAN_POINT('',(-0.596247602987,0.39,3.839999969067E-02));
#9011 = CARTESIAN_POINT('',(-0.596279047659,0.39,3.899999976809E-02));
#9012 = CARTESIAN_POINT('',(-0.596341936994,0.39,4.019999976824E-02));
#9013 = CARTESIAN_POINT('',(-0.596373381657,0.39,4.079999969097E-02));
#9014 = CARTESIAN_POINT('',(-0.596404826329,0.39,4.139999976833E-02));
#9015 = CARTESIAN_POINT('',(-0.596467715664,0.39,4.259999976848E-02));
#9016 = CARTESIAN_POINT('',(-0.596499160328,0.39,4.319999969126E-02));
#9017 = CARTESIAN_POINT('',(-0.596530604999,0.39,4.379999976856E-02));
#9018 = CARTESIAN_POINT('',(-0.596593494334,0.39,4.499999976871E-02));
#9019 = CARTESIAN_POINT('',(-0.596624938998,0.39,4.559999969155E-02));
#9020 = CARTESIAN_POINT('',(-0.59665638367,0.39,4.61999997688E-02));
#9021 = CARTESIAN_POINT('',(-0.596719273005,0.39,4.739999976894E-02));
#9022 = CARTESIAN_POINT('',(-0.596750717668,0.39,4.799999969185E-02));
#9023 = CARTESIAN_POINT('',(-0.59678216234,0.39,4.859999976903E-02));
#9024 = CARTESIAN_POINT('',(-0.596845051675,0.39,4.979999976918E-02));
#9025 = CARTESIAN_POINT('',(-0.596876496339,0.39,5.039999969214E-02));
#9026 = CARTESIAN_POINT('',(-0.59690794101,0.39,5.099999976926E-02));
#9027 = CARTESIAN_POINT('',(-0.596970830345,0.39,5.219999976941E-02));
#9028 = CARTESIAN_POINT('',(-0.597002275009,0.39,5.279999969243E-02));
#9029 = CARTESIAN_POINT('',(-0.59703371968,0.39,5.339999976949E-02));
#9030 = CARTESIAN_POINT('',(-0.597096609016,0.39,5.459999976964E-02));
#9031 = CARTESIAN_POINT('',(-0.597128053679,0.39,5.519999969272E-02));
#9032 = CARTESIAN_POINT('',(-0.597159498351,0.39,5.579999976973E-02));
#9033 = CARTESIAN_POINT('',(-0.597222387686,0.39,5.699999976987E-02));
#9034 = CARTESIAN_POINT('',(-0.597253832349,0.39,5.759999969302E-02));
#9035 = CARTESIAN_POINT('',(-0.597285277021,0.39,5.819999976996E-02));
#9036 = CARTESIAN_POINT('',(-0.597348166356,0.39,5.939999977011E-02));
#9037 = CARTESIAN_POINT('',(-0.59737961102,0.39,5.999999969331E-02));
#9038 = CARTESIAN_POINT('',(-0.597411055691,0.39,6.059999977019E-02));
#9039 = CARTESIAN_POINT('',(-0.597473945027,0.39,6.179999977034E-02));
#9040 = CARTESIAN_POINT('',(-0.59750538969,0.39,6.23999996936E-02));
#9041 = CARTESIAN_POINT('',(-0.597536834362,0.39,6.299999977042E-02));
#9042 = CARTESIAN_POINT('',(-0.597599723697,0.39,6.419999977057E-02));
#9043 = CARTESIAN_POINT('',(-0.59763116836,0.39,6.479999969389E-02));
#9044 = CARTESIAN_POINT('',(-0.597662613032,0.39,6.539999977066E-02));
#9045 = CARTESIAN_POINT('',(-0.597725502367,0.39,6.65999997708E-02));
#9046 = CARTESIAN_POINT('',(-0.597756947031,0.39,6.719999969418E-02));
#9047 = CARTESIAN_POINT('',(-0.597788391702,0.39,6.779999977089E-02));
#9048 = CARTESIAN_POINT('',(-0.597851281037,0.39,6.899999977103E-02));
#9049 = CARTESIAN_POINT('',(-0.597882725701,0.39,6.959999969447E-02));
#9050 = CARTESIAN_POINT('',(-0.597914170373,0.39,7.019999977112E-02));
#9051 = CARTESIAN_POINT('',(-0.597977059708,0.39,7.139999977126E-02));
#9052 = CARTESIAN_POINT('',(-0.598008504371,0.39,7.199999969476E-02));
#9053 = CARTESIAN_POINT('',(-0.598039949043,0.39,7.259999977135E-02));
#9054 = CARTESIAN_POINT('',(-0.598102838378,0.39,7.379999977149E-02));
#9055 = CARTESIAN_POINT('',(-0.598134283042,0.39,7.439999969505E-02));
#9056 = CARTESIAN_POINT('',(-0.598165727713,0.39,7.499999977158E-02));
#9057 = CARTESIAN_POINT('',(-0.598228617048,0.39,7.619999977173E-02));
#9058 = CARTESIAN_POINT('',(-0.598260061712,0.39,7.679999969534E-02));
#9059 = CARTESIAN_POINT('',(-0.598291506383,0.39,7.739999977181E-02));
#9060 = CARTESIAN_POINT('',(-0.598354395719,0.39,7.859999977196E-02));
#9061 = CARTESIAN_POINT('',(-0.598385840382,0.39,7.919999969563E-02));
#9062 = CARTESIAN_POINT('',(-0.598417285054,0.39,7.979999977204E-02));
#9063 = CARTESIAN_POINT('',(-0.598480174389,0.39,8.099999977219E-02));
#9064 = CARTESIAN_POINT('',(-0.598511619052,0.39,8.159999969592E-02));
#9065 = CARTESIAN_POINT('',(-0.598543063724,0.39,8.219999977227E-02));
#9066 = CARTESIAN_POINT('',(-0.598605953059,0.39,8.339999977242E-02));
#9067 = CARTESIAN_POINT('',(-0.598637397723,0.39,8.399999969621E-02));
#9068 = CARTESIAN_POINT('',(-0.598668842394,0.39,8.45999997725E-02));
#9069 = CARTESIAN_POINT('',(-0.598731731729,0.39,8.579999977265E-02));
#9070 = CARTESIAN_POINT('',(-0.598763176393,0.39,8.63999996965E-02));
#9071 = CARTESIAN_POINT('',(-0.598794621065,0.39,8.699999977273E-02));
#9072 = CARTESIAN_POINT('',(-0.5988575104,0.39,8.819999977288E-02));
#9073 = CARTESIAN_POINT('',(-0.598888955063,0.39,8.879999969679E-02));
#9074 = CARTESIAN_POINT('',(-0.598920399735,0.39,8.939999977296E-02));
#9075 = CARTESIAN_POINT('',(-0.59898328907,0.39,9.059999977311E-02));
#9076 = CARTESIAN_POINT('',(-0.599014733734,0.39,9.119999969708E-02));
#9077 = CARTESIAN_POINT('',(-0.599046178405,0.39,9.179999977319E-02));
#9078 = CARTESIAN_POINT('',(-0.59910906774,0.39,9.299999977334E-02));
#9079 = CARTESIAN_POINT('',(-0.599140512404,0.39,9.359999969737E-02));
#9080 = CARTESIAN_POINT('',(-0.599171957075,0.39,9.419999977342E-02));
#9081 = CARTESIAN_POINT('',(-0.599234846411,0.39,9.539999977356E-02));
#9082 = CARTESIAN_POINT('',(-0.599266291074,0.39,9.599999969765E-02));
#9083 = CARTESIAN_POINT('',(-0.599297735746,0.39,9.659999977365E-02));
#9084 = CARTESIAN_POINT('',(-0.599360625081,0.39,9.779999977379E-02));
#9085 = CARTESIAN_POINT('',(-0.599392069744,0.39,9.839999969794E-02));
#9086 = CARTESIAN_POINT('',(-0.599423514416,0.39,9.899999977388E-02));
#9087 = CARTESIAN_POINT('',(-0.599486403751,0.39,0.100199999774));
#9088 = CARTESIAN_POINT('',(-0.599517848415,0.39,0.100799999698));
#9089 = CARTESIAN_POINT('',(-0.599549293086,0.39,0.101399999774));
#9090 = CARTESIAN_POINT('',(-0.599612182421,0.39,0.102599999774));
#9091 = CARTESIAN_POINT('',(-0.599643627085,0.39,0.103199999699));
#9092 = CARTESIAN_POINT('',(-0.599675071757,0.39,0.103799999774));
#9093 = CARTESIAN_POINT('',(-0.599737961092,0.39,0.104999999774));
#9094 = CARTESIAN_POINT('',(-0.599769405755,0.39,0.105599999699));
#9095 = CARTESIAN_POINT('',(-0.599800850427,0.39,0.106199999775));
#9096 = CARTESIAN_POINT('',(-0.599874221309,0.39,0.107599999598));
#9097 = CARTESIAN_POINT('',(-0.599916147525,0.39,0.108399999463));
#9098 = CARTESIAN_POINT('',(-0.599958073755,0.39,0.109199999597));
#9099 = CARTESIAN_POINT('',(-0.6,0.39,0.11));
#9100 = ORIENTED_EDGE('',*,*,#8635,.T.);
#9101 = ORIENTED_EDGE('',*,*,#9102,.T.);
#9102 = EDGE_CURVE('',#8628,#9103,#9105,.T.);
#9103 = VERTEX_POINT('',#9104);
#9104 = CARTESIAN_POINT('',(-0.6,0.11,0.11));
#9105 = B_SPLINE_CURVE_WITH_KNOTS('',4,(#9106,#9107,#9108,#9109,#9110,
    #9111,#9112,#9113,#9114,#9115,#9116,#9117,#9118,#9119,#9120,#9121,
    #9122,#9123,#9124,#9125,#9126,#9127,#9128,#9129,#9130,#9131,#9132,
    #9133,#9134,#9135,#9136,#9137,#9138,#9139,#9140,#9141,#9142,#9143,
    #9144,#9145,#9146,#9147,#9148,#9149,#9150,#9151,#9152,#9153,#9154,
    #9155,#9156,#9157,#9158,#9159,#9160,#9161,#9162,#9163,#9164,#9165,
    #9166,#9167,#9168,#9169,#9170,#9171,#9172,#9173,#9174,#9175,#9176,
    #9177,#9178,#9179,#9180,#9181,#9182,#9183,#9184,#9185,#9186,#9187,
    #9188,#9189,#9190,#9191,#9192,#9193,#9194,#9195,#9196,#9197,#9198,
    #9199,#9200,#9201,#9202,#9203,#9204,#9205,#9206),.UNSPECIFIED.,.F.,
  .F.,(5,3,3,3,3,3,3,3,3,3,3,3,3,3,3,3,3,3,3,3,3,3,3,3,3,3,3,3,3,3,3,3,3
    ,5),(0.,3.000003027795E-02,6.000005866758E-02,9.00000851704E-02,
    0.120000109788,0.150000132522,0.180000153373,0.210000172343,
    0.240000189434,0.270000204647,0.300000217984,0.330000229446,
    0.360000239034,0.39000024675,0.420000252596,0.450000256573,
    0.480000258682,0.510000258925,0.540000257303,0.570000253818,
    0.600000248472,0.630000241265,0.6600002322,0.690000221277,
    0.720000208498,0.750000193865,0.780000177379,0.810000159041,
    0.840000138854,0.870000116818,0.900000092934,0.930000067205,
    0.960000039632,1.),.UNSPECIFIED.);
#9106 = CARTESIAN_POINT('',(-0.595807377657,0.11,3.E-02));
#9107 = CARTESIAN_POINT('',(-0.595838822324,0.11,3.059999998111E-02));
#9108 = CARTESIAN_POINT('',(-0.595870266991,0.11,3.119999997481E-02));
#9109 = CARTESIAN_POINT('',(-0.595901711659,0.11,3.179999998111E-02));
#9110 = CARTESIAN_POINT('',(-0.595964600994,0.11,3.299999998113E-02));
#9111 = CARTESIAN_POINT('',(-0.595996045661,0.11,3.359999997484E-02));
#9112 = CARTESIAN_POINT('',(-0.596027490329,0.11,3.419999998113E-02));
#9113 = CARTESIAN_POINT('',(-0.596090379664,0.11,3.539999998115E-02));
#9114 = CARTESIAN_POINT('',(-0.596121824332,0.11,3.599999997486E-02));
#9115 = CARTESIAN_POINT('',(-0.596153269,0.11,3.659999998115E-02));
#9116 = CARTESIAN_POINT('',(-0.596216158335,0.11,3.779999998117E-02));
#9117 = CARTESIAN_POINT('',(-0.596247603002,0.11,3.839999997489E-02));
#9118 = CARTESIAN_POINT('',(-0.59627904767,0.11,3.899999998117E-02));
#9119 = CARTESIAN_POINT('',(-0.596341937005,0.11,4.019999998118E-02));
#9120 = CARTESIAN_POINT('',(-0.596373381672,0.11,4.079999997491E-02));
#9121 = CARTESIAN_POINT('',(-0.59640482634,0.11,4.139999998119E-02));
#9122 = CARTESIAN_POINT('',(-0.596467715675,0.11,4.25999999812E-02));
#9123 = CARTESIAN_POINT('',(-0.596499160343,0.11,4.319999997494E-02));
#9124 = CARTESIAN_POINT('',(-0.59653060501,0.11,4.379999998121E-02));
#9125 = CARTESIAN_POINT('',(-0.596593494346,0.11,4.499999998122E-02));
#9126 = CARTESIAN_POINT('',(-0.596624939013,0.11,4.559999997496E-02));
#9127 = CARTESIAN_POINT('',(-0.596656383681,0.11,4.619999998123E-02));
#9128 = CARTESIAN_POINT('',(-0.596719273016,0.11,4.739999998124E-02));
#9129 = CARTESIAN_POINT('',(-0.596750717683,0.11,4.799999997498E-02));
#9130 = CARTESIAN_POINT('',(-0.596782162351,0.11,4.859999998125E-02));
#9131 = CARTESIAN_POINT('',(-0.596845051686,0.11,4.979999998126E-02));
#9132 = CARTESIAN_POINT('',(-0.596876496353,0.11,5.039999997501E-02));
#9133 = CARTESIAN_POINT('',(-0.596907941021,0.11,5.099999998127E-02));
#9134 = CARTESIAN_POINT('',(-0.596970830356,0.11,5.219999998128E-02));
#9135 = CARTESIAN_POINT('',(-0.597002275024,0.11,5.279999997503E-02));
#9136 = CARTESIAN_POINT('',(-0.597033719692,0.11,5.339999998129E-02));
#9137 = CARTESIAN_POINT('',(-0.597096609027,0.11,5.45999999813E-02));
#9138 = CARTESIAN_POINT('',(-0.597128053694,0.11,5.519999997506E-02));
#9139 = CARTESIAN_POINT('',(-0.597159498362,0.11,5.579999998131E-02));
#9140 = CARTESIAN_POINT('',(-0.597222387697,0.11,5.699999998132E-02));
#9141 = CARTESIAN_POINT('',(-0.597253832364,0.11,5.759999997508E-02));
#9142 = CARTESIAN_POINT('',(-0.597285277032,0.11,5.819999998133E-02));
#9143 = CARTESIAN_POINT('',(-0.597348166367,0.11,5.939999998134E-02));
#9144 = CARTESIAN_POINT('',(-0.597379611035,0.11,5.99999999751E-02));
#9145 = CARTESIAN_POINT('',(-0.597411055702,0.11,6.059999998134E-02));
#9146 = CARTESIAN_POINT('',(-0.597473945038,0.11,6.179999998136E-02));
#9147 = CARTESIAN_POINT('',(-0.597505389705,0.11,6.239999997513E-02));
#9148 = CARTESIAN_POINT('',(-0.597536834373,0.11,6.299999998136E-02));
#9149 = CARTESIAN_POINT('',(-0.597599723708,0.11,6.419999998138E-02));
#9150 = CARTESIAN_POINT('',(-0.597631168375,0.11,6.479999997515E-02));
#9151 = CARTESIAN_POINT('',(-0.597662613043,0.11,6.539999998138E-02));
#9152 = CARTESIAN_POINT('',(-0.597725502378,0.11,6.659999998139E-02));
#9153 = CARTESIAN_POINT('',(-0.597756947045,0.11,6.719999997518E-02));
#9154 = CARTESIAN_POINT('',(-0.597788391713,0.11,6.77999999814E-02));
#9155 = CARTESIAN_POINT('',(-0.597851281048,0.11,6.899999998141E-02));
#9156 = CARTESIAN_POINT('',(-0.597882725716,0.11,6.95999999752E-02));
#9157 = CARTESIAN_POINT('',(-0.597914170384,0.11,7.019999998142E-02));
#9158 = CARTESIAN_POINT('',(-0.597977059719,0.11,7.139999998143E-02));
#9159 = CARTESIAN_POINT('',(-0.598008504386,0.11,7.199999997522E-02));
#9160 = CARTESIAN_POINT('',(-0.598039949054,0.11,7.259999998144E-02));
#9161 = CARTESIAN_POINT('',(-0.598102838389,0.11,7.379999998145E-02));
#9162 = CARTESIAN_POINT('',(-0.598134283056,0.11,7.439999997525E-02));
#9163 = CARTESIAN_POINT('',(-0.598165727724,0.11,7.499999998146E-02));
#9164 = CARTESIAN_POINT('',(-0.598228617059,0.11,7.619999998147E-02));
#9165 = CARTESIAN_POINT('',(-0.598260061727,0.11,7.679999997527E-02));
#9166 = CARTESIAN_POINT('',(-0.598291506394,0.11,7.739999998148E-02));
#9167 = CARTESIAN_POINT('',(-0.59835439573,0.11,7.859999998149E-02));
#9168 = CARTESIAN_POINT('',(-0.598385840397,0.11,7.919999997529E-02));
#9169 = CARTESIAN_POINT('',(-0.598417285065,0.11,7.97999999815E-02));
#9170 = CARTESIAN_POINT('',(-0.5984801744,0.11,8.099999998151E-02));
#9171 = CARTESIAN_POINT('',(-0.598511619067,0.11,8.159999997532E-02));
#9172 = CARTESIAN_POINT('',(-0.598543063735,0.11,8.219999998151E-02));
#9173 = CARTESIAN_POINT('',(-0.59860595307,0.11,8.339999998153E-02));
#9174 = CARTESIAN_POINT('',(-0.598637397737,0.11,8.399999997534E-02));
#9175 = CARTESIAN_POINT('',(-0.598668842405,0.11,8.459999998153E-02));
#9176 = CARTESIAN_POINT('',(-0.59873173174,0.11,8.579999998155E-02));
#9177 = CARTESIAN_POINT('',(-0.598763176408,0.11,8.639999997537E-02));
#9178 = CARTESIAN_POINT('',(-0.598794621076,0.11,8.699999998155E-02));
#9179 = CARTESIAN_POINT('',(-0.598857510411,0.11,8.819999998156E-02));
#9180 = CARTESIAN_POINT('',(-0.598888955078,0.11,8.879999997539E-02));
#9181 = CARTESIAN_POINT('',(-0.598920399746,0.11,8.939999998157E-02));
#9182 = CARTESIAN_POINT('',(-0.598983289081,0.11,9.059999998158E-02));
#9183 = CARTESIAN_POINT('',(-0.599014733748,0.11,9.119999997541E-02));
#9184 = CARTESIAN_POINT('',(-0.599046178416,0.11,9.179999998159E-02));
#9185 = CARTESIAN_POINT('',(-0.599109067751,0.11,9.29999999816E-02));
#9186 = CARTESIAN_POINT('',(-0.599140512418,0.11,9.359999997544E-02));
#9187 = CARTESIAN_POINT('',(-0.599171957086,0.11,9.419999998161E-02));
#9188 = CARTESIAN_POINT('',(-0.599234846422,0.11,9.539999998162E-02));
#9189 = CARTESIAN_POINT('',(-0.599266291089,0.11,9.599999997546E-02));
#9190 = CARTESIAN_POINT('',(-0.599297735757,0.11,9.659999998163E-02));
#9191 = CARTESIAN_POINT('',(-0.599360625092,0.11,9.779999998164E-02));
#9192 = CARTESIAN_POINT('',(-0.599392069759,0.11,9.839999997548E-02));
#9193 = CARTESIAN_POINT('',(-0.599423514427,0.11,9.899999998165E-02));
#9194 = CARTESIAN_POINT('',(-0.599486403762,0.11,0.100199999982));
#9195 = CARTESIAN_POINT('',(-0.599517848429,0.11,0.100799999976));
#9196 = CARTESIAN_POINT('',(-0.599549293097,0.11,0.101399999982));
#9197 = CARTESIAN_POINT('',(-0.599612182432,0.11,0.102599999982));
#9198 = CARTESIAN_POINT('',(-0.5996436271,0.11,0.103199999976));
#9199 = CARTESIAN_POINT('',(-0.599675071767,0.11,0.103799999982));
#9200 = CARTESIAN_POINT('',(-0.599737961103,0.11,0.104999999982));
#9201 = CARTESIAN_POINT('',(-0.59976940577,0.11,0.105599999976));
#9202 = CARTESIAN_POINT('',(-0.599800850438,0.11,0.106199999982));
#9203 = CARTESIAN_POINT('',(-0.599874221328,0.11,0.107599999967));
#9204 = CARTESIAN_POINT('',(-0.599916147551,0.11,0.108399999956));
#9205 = CARTESIAN_POINT('',(-0.599958073775,0.11,0.109199999967));
#9206 = CARTESIAN_POINT('',(-0.6,0.11,0.11));
#9207 = ORIENTED_EDGE('',*,*,#9208,.F.);
#9208 = EDGE_CURVE('',#8996,#9103,#9209,.T.);
#9209 = LINE('',#9210,#9211);
#9210 = CARTESIAN_POINT('',(-0.6,0.8,0.11));
#9211 = VECTOR('',#9212,1.);
#9212 = DIRECTION('',(2.22044604925E-16,-1.,0.));
#9213 = B_SPLINE_SURFACE_WITH_KNOTS('',1,1,(
    (#9214,#9215)
    ,(#9216,#9217
    )),.UNSPECIFIED.,.F.,.F.,.F.,(2,2),(2,2),(0.,1.6),(0.,1.),
  .PIECEWISE_BEZIER_KNOTS.);
#9214 = CARTESIAN_POINT('',(-0.595807377657,0.795807377657,3.E-02));
#9215 = CARTESIAN_POINT('',(-0.6,0.8,0.11));
#9216 = CARTESIAN_POINT('',(-0.595807377657,-0.795807377657,3.E-02));
#9217 = CARTESIAN_POINT('',(-0.6,-0.8,0.11));
#9218 = ADVANCED_FACE('',(#9219),#9244,.F.);
#9219 = FACE_BOUND('',#9220,.F.);
#9220 = EDGE_LOOP('',(#9221,#9229,#9237,#9243));
#9221 = ORIENTED_EDGE('',*,*,#9222,.F.);
#9222 = EDGE_CURVE('',#9223,#8628,#9225,.T.);
#9223 = VERTEX_POINT('',#9224);
#9224 = CARTESIAN_POINT('',(-0.595807377657,0.11,0.));
#9225 = LINE('',#9226,#9227);
#9226 = CARTESIAN_POINT('',(-0.595807377657,0.11,0.));
#9227 = VECTOR('',#9228,1.);
#9228 = DIRECTION('',(0.,0.,1.));
#9229 = ORIENTED_EDGE('',*,*,#9230,.T.);
#9230 = EDGE_CURVE('',#9223,#9231,#9233,.T.);
#9231 = VERTEX_POINT('',#9232);
#9232 = CARTESIAN_POINT('',(-0.595807377657,-0.11,0.));
#9233 = LINE('',#9234,#9235);
#9234 = CARTESIAN_POINT('',(-0.595807377657,0.11,0.));
#9235 = VECTOR('',#9236,1.);
#9236 = DIRECTION('',(-1.144237745222E-17,-1.,0.));
#9237 = ORIENTED_EDGE('',*,*,#9238,.T.);
#9238 = EDGE_CURVE('',#9231,#8620,#9239,.T.);
#9239 = LINE('',#9240,#9241);
#9240 = CARTESIAN_POINT('',(-0.595807377657,-0.11,0.));
#9241 = VECTOR('',#9242,1.);
#9242 = DIRECTION('',(0.,0.,1.));
#9243 = ORIENTED_EDGE('',*,*,#8627,.F.);
#9244 = PLANE('',#9245);
#9245 = AXIS2_PLACEMENT_3D('',#9246,#9247,#9248);
#9246 = CARTESIAN_POINT('',(-0.595807377657,0.11,0.));
#9247 = DIRECTION('',(-1.,1.144237745222E-17,0.));
#9248 = DIRECTION('',(0.,0.,1.));
#9249 = ADVANCED_FACE('',(#9250),#9471,.T.);
#9250 = FACE_BOUND('',#9251,.T.);
#9251 = EDGE_LOOP('',(#9252,#9358,#9359,#9465));
#9252 = ORIENTED_EDGE('',*,*,#9253,.F.);
#9253 = EDGE_CURVE('',#8620,#9254,#9256,.T.);
#9254 = VERTEX_POINT('',#9255);
#9255 = CARTESIAN_POINT('',(-0.6,-0.11,0.11));
#9256 = B_SPLINE_CURVE_WITH_KNOTS('',4,(#9257,#9258,#9259,#9260,#9261,
    #9262,#9263,#9264,#9265,#9266,#9267,#9268,#9269,#9270,#9271,#9272,
    #9273,#9274,#9275,#9276,#9277,#9278,#9279,#9280,#9281,#9282,#9283,
    #9284,#9285,#9286,#9287,#9288,#9289,#9290,#9291,#9292,#9293,#9294,
    #9295,#9296,#9297,#9298,#9299,#9300,#9301,#9302,#9303,#9304,#9305,
    #9306,#9307,#9308,#9309,#9310,#9311,#9312,#9313,#9314,#9315,#9316,
    #9317,#9318,#9319,#9320,#9321,#9322,#9323,#9324,#9325,#9326,#9327,
    #9328,#9329,#9330,#9331,#9332,#9333,#9334,#9335,#9336,#9337,#9338,
    #9339,#9340,#9341,#9342,#9343,#9344,#9345,#9346,#9347,#9348,#9349,
    #9350,#9351,#9352,#9353,#9354,#9355,#9356,#9357),.UNSPECIFIED.,.F.,
  .F.,(5,3,3,3,3,3,3,3,3,3,3,3,3,3,3,3,3,3,3,3,3,3,3,3,3,3,3,3,3,3,3,3,3
    ,5),(0.,3.000003027796E-02,6.00000586676E-02,9.000008517042E-02,
    0.120000109788,0.150000132522,0.180000153373,0.210000172343,
    0.240000189434,0.270000204647,0.300000217984,0.330000229446,
    0.360000239034,0.39000024675,0.420000252596,0.450000256573,
    0.480000258682,0.510000258925,0.540000257303,0.570000253818,
    0.600000248472,0.630000241265,0.6600002322,0.690000221277,
    0.720000208498,0.750000193865,0.780000177379,0.810000159041,
    0.840000138854,0.870000116818,0.900000092934,0.930000067205,
    0.960000039632,1.),.UNSPECIFIED.);
#9257 = CARTESIAN_POINT('',(-0.595807377657,-0.11,3.E-02));
#9258 = CARTESIAN_POINT('',(-0.595838822324,-0.11,3.059999998111E-02));
#9259 = CARTESIAN_POINT('',(-0.595870266991,-0.11,3.119999997481E-02));
#9260 = CARTESIAN_POINT('',(-0.595901711659,-0.11,3.179999998111E-02));
#9261 = CARTESIAN_POINT('',(-0.595964600994,-0.11,3.299999998113E-02));
#9262 = CARTESIAN_POINT('',(-0.595996045661,-0.11,3.359999997484E-02));
#9263 = CARTESIAN_POINT('',(-0.596027490329,-0.11,3.419999998113E-02));
#9264 = CARTESIAN_POINT('',(-0.596090379664,-0.11,3.539999998115E-02));
#9265 = CARTESIAN_POINT('',(-0.596121824332,-0.11,3.599999997486E-02));
#9266 = CARTESIAN_POINT('',(-0.596153269,-0.11,3.659999998115E-02));
#9267 = CARTESIAN_POINT('',(-0.596216158335,-0.11,3.779999998117E-02));
#9268 = CARTESIAN_POINT('',(-0.596247603002,-0.11,3.839999997489E-02));
#9269 = CARTESIAN_POINT('',(-0.59627904767,-0.11,3.899999998117E-02));
#9270 = CARTESIAN_POINT('',(-0.596341937005,-0.11,4.019999998118E-02));
#9271 = CARTESIAN_POINT('',(-0.596373381672,-0.11,4.079999997491E-02));
#9272 = CARTESIAN_POINT('',(-0.59640482634,-0.11,4.139999998119E-02));
#9273 = CARTESIAN_POINT('',(-0.596467715675,-0.11,4.25999999812E-02));
#9274 = CARTESIAN_POINT('',(-0.596499160343,-0.11,4.319999997494E-02));
#9275 = CARTESIAN_POINT('',(-0.59653060501,-0.11,4.379999998121E-02));
#9276 = CARTESIAN_POINT('',(-0.596593494346,-0.11,4.499999998122E-02));
#9277 = CARTESIAN_POINT('',(-0.596624939013,-0.11,4.559999997496E-02));
#9278 = CARTESIAN_POINT('',(-0.596656383681,-0.11,4.619999998123E-02));
#9279 = CARTESIAN_POINT('',(-0.596719273016,-0.11,4.739999998124E-02));
#9280 = CARTESIAN_POINT('',(-0.596750717683,-0.11,4.799999997498E-02));
#9281 = CARTESIAN_POINT('',(-0.596782162351,-0.11,4.859999998125E-02));
#9282 = CARTESIAN_POINT('',(-0.596845051686,-0.11,4.979999998126E-02));
#9283 = CARTESIAN_POINT('',(-0.596876496353,-0.11,5.039999997501E-02));
#9284 = CARTESIAN_POINT('',(-0.596907941021,-0.11,5.099999998127E-02));
#9285 = CARTESIAN_POINT('',(-0.596970830356,-0.11,5.219999998128E-02));
#9286 = CARTESIAN_POINT('',(-0.597002275024,-0.11,5.279999997503E-02));
#9287 = CARTESIAN_POINT('',(-0.597033719692,-0.11,5.339999998129E-02));
#9288 = CARTESIAN_POINT('',(-0.597096609027,-0.11,5.45999999813E-02));
#9289 = CARTESIAN_POINT('',(-0.597128053694,-0.11,5.519999997506E-02));
#9290 = CARTESIAN_POINT('',(-0.597159498362,-0.11,5.579999998131E-02));
#9291 = CARTESIAN_POINT('',(-0.597222387697,-0.11,5.699999998132E-02));
#9292 = CARTESIAN_POINT('',(-0.597253832364,-0.11,5.759999997508E-02));
#9293 = CARTESIAN_POINT('',(-0.597285277032,-0.11,5.819999998133E-02));
#9294 = CARTESIAN_POINT('',(-0.597348166367,-0.11,5.939999998134E-02));
#9295 = CARTESIAN_POINT('',(-0.597379611035,-0.11,5.99999999751E-02));
#9296 = CARTESIAN_POINT('',(-0.597411055702,-0.11,6.059999998134E-02));
#9297 = CARTESIAN_POINT('',(-0.597473945038,-0.11,6.179999998136E-02));
#9298 = CARTESIAN_POINT('',(-0.597505389705,-0.11,6.239999997513E-02));
#9299 = CARTESIAN_POINT('',(-0.597536834373,-0.11,6.299999998136E-02));
#9300 = CARTESIAN_POINT('',(-0.597599723708,-0.11,6.419999998138E-02));
#9301 = CARTESIAN_POINT('',(-0.597631168375,-0.11,6.479999997515E-02));
#9302 = CARTESIAN_POINT('',(-0.597662613043,-0.11,6.539999998138E-02));
#9303 = CARTESIAN_POINT('',(-0.597725502378,-0.11,6.659999998139E-02));
#9304 = CARTESIAN_POINT('',(-0.597756947045,-0.11,6.719999997518E-02));
#9305 = CARTESIAN_POINT('',(-0.597788391713,-0.11,6.77999999814E-02));
#9306 = CARTESIAN_POINT('',(-0.597851281048,-0.11,6.899999998141E-02));
#9307 = CARTESIAN_POINT('',(-0.597882725716,-0.11,6.95999999752E-02));
#9308 = CARTESIAN_POINT('',(-0.597914170384,-0.11,7.019999998142E-02));
#9309 = CARTESIAN_POINT('',(-0.597977059719,-0.11,7.139999998143E-02));
#9310 = CARTESIAN_POINT('',(-0.598008504386,-0.11,7.199999997522E-02));
#9311 = CARTESIAN_POINT('',(-0.598039949054,-0.11,7.259999998144E-02));
#9312 = CARTESIAN_POINT('',(-0.598102838389,-0.11,7.379999998145E-02));
#9313 = CARTESIAN_POINT('',(-0.598134283056,-0.11,7.439999997525E-02));
#9314 = CARTESIAN_POINT('',(-0.598165727724,-0.11,7.499999998146E-02));
#9315 = CARTESIAN_POINT('',(-0.598228617059,-0.11,7.619999998147E-02));
#9316 = CARTESIAN_POINT('',(-0.598260061727,-0.11,7.679999997527E-02));
#9317 = CARTESIAN_POINT('',(-0.598291506394,-0.11,7.739999998148E-02));
#9318 = CARTESIAN_POINT('',(-0.59835439573,-0.11,7.859999998149E-02));
#9319 = CARTESIAN_POINT('',(-0.598385840397,-0.11,7.919999997529E-02));
#9320 = CARTESIAN_POINT('',(-0.598417285065,-0.11,7.97999999815E-02));
#9321 = CARTESIAN_POINT('',(-0.5984801744,-0.11,8.099999998151E-02));
#9322 = CARTESIAN_POINT('',(-0.598511619067,-0.11,8.159999997532E-02));
#9323 = CARTESIAN_POINT('',(-0.598543063735,-0.11,8.219999998152E-02));
#9324 = CARTESIAN_POINT('',(-0.59860595307,-0.11,8.339999998153E-02));
#9325 = CARTESIAN_POINT('',(-0.598637397737,-0.11,8.399999997534E-02));
#9326 = CARTESIAN_POINT('',(-0.598668842405,-0.11,8.459999998153E-02));
#9327 = CARTESIAN_POINT('',(-0.59873173174,-0.11,8.579999998155E-02));
#9328 = CARTESIAN_POINT('',(-0.598763176408,-0.11,8.639999997537E-02));
#9329 = CARTESIAN_POINT('',(-0.598794621076,-0.11,8.699999998155E-02));
#9330 = CARTESIAN_POINT('',(-0.598857510411,-0.11,8.819999998156E-02));
#9331 = CARTESIAN_POINT('',(-0.598888955078,-0.11,8.879999997539E-02));
#9332 = CARTESIAN_POINT('',(-0.598920399746,-0.11,8.939999998157E-02));
#9333 = CARTESIAN_POINT('',(-0.598983289081,-0.11,9.059999998158E-02));
#9334 = CARTESIAN_POINT('',(-0.599014733748,-0.11,9.119999997541E-02));
#9335 = CARTESIAN_POINT('',(-0.599046178416,-0.11,9.179999998159E-02));
#9336 = CARTESIAN_POINT('',(-0.599109067751,-0.11,9.29999999816E-02));
#9337 = CARTESIAN_POINT('',(-0.599140512418,-0.11,9.359999997544E-02));
#9338 = CARTESIAN_POINT('',(-0.599171957086,-0.11,9.419999998161E-02));
#9339 = CARTESIAN_POINT('',(-0.599234846422,-0.11,9.539999998162E-02));
#9340 = CARTESIAN_POINT('',(-0.599266291089,-0.11,9.599999997546E-02));
#9341 = CARTESIAN_POINT('',(-0.599297735757,-0.11,9.659999998163E-02));
#9342 = CARTESIAN_POINT('',(-0.599360625092,-0.11,9.779999998164E-02));
#9343 = CARTESIAN_POINT('',(-0.599392069759,-0.11,9.839999997548E-02));
#9344 = CARTESIAN_POINT('',(-0.599423514427,-0.11,9.899999998165E-02));
#9345 = CARTESIAN_POINT('',(-0.599486403762,-0.11,0.100199999982));
#9346 = CARTESIAN_POINT('',(-0.599517848429,-0.11,0.100799999976));
#9347 = CARTESIAN_POINT('',(-0.599549293097,-0.11,0.101399999982));
#9348 = CARTESIAN_POINT('',(-0.599612182432,-0.11,0.102599999982));
#9349 = CARTESIAN_POINT('',(-0.5996436271,-0.11,0.103199999976));
#9350 = CARTESIAN_POINT('',(-0.599675071767,-0.11,0.103799999982));
#9351 = CARTESIAN_POINT('',(-0.599737961103,-0.11,0.104999999982));
#9352 = CARTESIAN_POINT('',(-0.59976940577,-0.11,0.105599999976));
#9353 = CARTESIAN_POINT('',(-0.599800850438,-0.11,0.106199999982));
#9354 = CARTESIAN_POINT('',(-0.599874221328,-0.11,0.107599999967));
#9355 = CARTESIAN_POINT('',(-0.599916147551,-0.11,0.108399999956));
#9356 = CARTESIAN_POINT('',(-0.599958073775,-0.11,0.109199999967));
#9357 = CARTESIAN_POINT('',(-0.6,-0.11,0.11));
#9358 = ORIENTED_EDGE('',*,*,#8619,.T.);
#9359 = ORIENTED_EDGE('',*,*,#9360,.T.);
#9360 = EDGE_CURVE('',#8612,#9361,#9363,.T.);
#9361 = VERTEX_POINT('',#9362);
#9362 = CARTESIAN_POINT('',(-0.6,-0.39,0.11));
#9363 = B_SPLINE_CURVE_WITH_KNOTS('',4,(#9364,#9365,#9366,#9367,#9368,
    #9369,#9370,#9371,#9372,#9373,#9374,#9375,#9376,#9377,#9378,#9379,
    #9380,#9381,#9382,#9383,#9384,#9385,#9386,#9387,#9388,#9389,#9390,
    #9391,#9392,#9393,#9394,#9395,#9396,#9397,#9398,#9399,#9400,#9401,
    #9402,#9403,#9404,#9405,#9406,#9407,#9408,#9409,#9410,#9411,#9412,
    #9413,#9414,#9415,#9416,#9417,#9418,#9419,#9420,#9421,#9422,#9423,
    #9424,#9425,#9426,#9427,#9428,#9429,#9430,#9431,#9432,#9433,#9434,
    #9435,#9436,#9437,#9438,#9439,#9440,#9441,#9442,#9443,#9444,#9445,
    #9446,#9447,#9448,#9449,#9450,#9451,#9452,#9453,#9454,#9455,#9456,
    #9457,#9458,#9459,#9460,#9461,#9462,#9463,#9464),.UNSPECIFIED.,.F.,
  .F.,(5,3,3,3,3,3,3,3,3,3,3,3,3,3,3,3,3,3,3,3,3,3,3,3,3,3,3,3,3,3,3,3,3
    ,5),(0.,3.000037299323E-02,6.000072272734E-02,9.000104922043E-02,
    0.120001352491,0.150001632556,0.180001889434,0.210002123143,
    0.240002333701,0.270002521127,0.300002685437,0.33000282665,
    0.360002944785,0.390003039857,0.420003111887,0.450003160891,
    0.480003186887,0.510003189893,0.540003169928,0.570003127008,
    0.600003061152,0.630002972377,0.660002860701,0.690002726142,
    0.720002568718,0.750002388446,0.780002185344,0.810001959429,
    0.84000171072,0.870001439234,0.900001144989,0.930000828001,
    0.96000048829,1.),.UNSPECIFIED.);
#9364 = CARTESIAN_POINT('',(-0.595807377657,-0.39,3.E-02));
#9365 = CARTESIAN_POINT('',(-0.595838822313,-0.39,3.05999997673E-02));
#9366 = CARTESIAN_POINT('',(-0.595870266976,-0.39,3.119999968979E-02));
#9367 = CARTESIAN_POINT('',(-0.595901711648,-0.39,3.179999976739E-02));
#9368 = CARTESIAN_POINT('',(-0.595964600983,-0.39,3.299999976754E-02));
#9369 = CARTESIAN_POINT('',(-0.595996045647,-0.39,3.359999969008E-02));
#9370 = CARTESIAN_POINT('',(-0.596027490318,-0.39,3.419999976763E-02));
#9371 = CARTESIAN_POINT('',(-0.596090379653,-0.39,3.539999976777E-02));
#9372 = CARTESIAN_POINT('',(-0.596121824317,-0.39,3.599999969038E-02));
#9373 = CARTESIAN_POINT('',(-0.596153268988,-0.39,3.659999976786E-02));
#9374 = CARTESIAN_POINT('',(-0.596216158324,-0.39,3.779999976801E-02));
#9375 = CARTESIAN_POINT('',(-0.596247602987,-0.39,3.839999969067E-02));
#9376 = CARTESIAN_POINT('',(-0.596279047659,-0.39,3.899999976809E-02));
#9377 = CARTESIAN_POINT('',(-0.596341936994,-0.39,4.019999976824E-02));
#9378 = CARTESIAN_POINT('',(-0.596373381657,-0.39,4.079999969097E-02));
#9379 = CARTESIAN_POINT('',(-0.596404826329,-0.39,4.139999976833E-02));
#9380 = CARTESIAN_POINT('',(-0.596467715664,-0.39,4.259999976848E-02));
#9381 = CARTESIAN_POINT('',(-0.596499160328,-0.39,4.319999969126E-02));
#9382 = CARTESIAN_POINT('',(-0.596530604999,-0.39,4.379999976856E-02));
#9383 = CARTESIAN_POINT('',(-0.596593494334,-0.39,4.499999976871E-02));
#9384 = CARTESIAN_POINT('',(-0.596624938998,-0.39,4.559999969155E-02));
#9385 = CARTESIAN_POINT('',(-0.59665638367,-0.39,4.61999997688E-02));
#9386 = CARTESIAN_POINT('',(-0.596719273005,-0.39,4.739999976894E-02));
#9387 = CARTESIAN_POINT('',(-0.596750717668,-0.39,4.799999969185E-02));
#9388 = CARTESIAN_POINT('',(-0.59678216234,-0.39,4.859999976903E-02));
#9389 = CARTESIAN_POINT('',(-0.596845051675,-0.39,4.979999976918E-02));
#9390 = CARTESIAN_POINT('',(-0.596876496339,-0.39,5.039999969214E-02));
#9391 = CARTESIAN_POINT('',(-0.59690794101,-0.39,5.099999976926E-02));
#9392 = CARTESIAN_POINT('',(-0.596970830345,-0.39,5.219999976941E-02));
#9393 = CARTESIAN_POINT('',(-0.597002275009,-0.39,5.279999969243E-02));
#9394 = CARTESIAN_POINT('',(-0.59703371968,-0.39,5.339999976949E-02));
#9395 = CARTESIAN_POINT('',(-0.597096609016,-0.39,5.459999976964E-02));
#9396 = CARTESIAN_POINT('',(-0.597128053679,-0.39,5.519999969272E-02));
#9397 = CARTESIAN_POINT('',(-0.597159498351,-0.39,5.579999976973E-02));
#9398 = CARTESIAN_POINT('',(-0.597222387686,-0.39,5.699999976987E-02));
#9399 = CARTESIAN_POINT('',(-0.597253832349,-0.39,5.759999969302E-02));
#9400 = CARTESIAN_POINT('',(-0.597285277021,-0.39,5.819999976996E-02));
#9401 = CARTESIAN_POINT('',(-0.597348166356,-0.39,5.939999977011E-02));
#9402 = CARTESIAN_POINT('',(-0.59737961102,-0.39,5.999999969331E-02));
#9403 = CARTESIAN_POINT('',(-0.597411055691,-0.39,6.059999977019E-02));
#9404 = CARTESIAN_POINT('',(-0.597473945027,-0.39,6.179999977034E-02));
#9405 = CARTESIAN_POINT('',(-0.59750538969,-0.39,6.23999996936E-02));
#9406 = CARTESIAN_POINT('',(-0.597536834362,-0.39,6.299999977042E-02));
#9407 = CARTESIAN_POINT('',(-0.597599723697,-0.39,6.419999977057E-02));
#9408 = CARTESIAN_POINT('',(-0.59763116836,-0.39,6.479999969389E-02));
#9409 = CARTESIAN_POINT('',(-0.597662613032,-0.39,6.539999977066E-02));
#9410 = CARTESIAN_POINT('',(-0.597725502367,-0.39,6.65999997708E-02));
#9411 = CARTESIAN_POINT('',(-0.597756947031,-0.39,6.719999969418E-02));
#9412 = CARTESIAN_POINT('',(-0.597788391702,-0.39,6.779999977089E-02));
#9413 = CARTESIAN_POINT('',(-0.597851281037,-0.39,6.899999977103E-02));
#9414 = CARTESIAN_POINT('',(-0.597882725701,-0.39,6.959999969447E-02));
#9415 = CARTESIAN_POINT('',(-0.597914170373,-0.39,7.019999977112E-02));
#9416 = CARTESIAN_POINT('',(-0.597977059708,-0.39,7.139999977126E-02));
#9417 = CARTESIAN_POINT('',(-0.598008504371,-0.39,7.199999969476E-02));
#9418 = CARTESIAN_POINT('',(-0.598039949043,-0.39,7.259999977135E-02));
#9419 = CARTESIAN_POINT('',(-0.598102838378,-0.39,7.379999977149E-02));
#9420 = CARTESIAN_POINT('',(-0.598134283042,-0.39,7.439999969505E-02));
#9421 = CARTESIAN_POINT('',(-0.598165727713,-0.39,7.499999977158E-02));
#9422 = CARTESIAN_POINT('',(-0.598228617048,-0.39,7.619999977173E-02));
#9423 = CARTESIAN_POINT('',(-0.598260061712,-0.39,7.679999969534E-02));
#9424 = CARTESIAN_POINT('',(-0.598291506383,-0.39,7.739999977181E-02));
#9425 = CARTESIAN_POINT('',(-0.598354395719,-0.39,7.859999977196E-02));
#9426 = CARTESIAN_POINT('',(-0.598385840382,-0.39,7.919999969563E-02));
#9427 = CARTESIAN_POINT('',(-0.598417285054,-0.39,7.979999977204E-02));
#9428 = CARTESIAN_POINT('',(-0.598480174389,-0.39,8.099999977219E-02));
#9429 = CARTESIAN_POINT('',(-0.598511619052,-0.39,8.159999969592E-02));
#9430 = CARTESIAN_POINT('',(-0.598543063724,-0.39,8.219999977227E-02));
#9431 = CARTESIAN_POINT('',(-0.598605953059,-0.39,8.339999977242E-02));
#9432 = CARTESIAN_POINT('',(-0.598637397723,-0.39,8.399999969621E-02));
#9433 = CARTESIAN_POINT('',(-0.598668842394,-0.39,8.45999997725E-02));
#9434 = CARTESIAN_POINT('',(-0.598731731729,-0.39,8.579999977265E-02));
#9435 = CARTESIAN_POINT('',(-0.598763176393,-0.39,8.63999996965E-02));
#9436 = CARTESIAN_POINT('',(-0.598794621065,-0.39,8.699999977273E-02));
#9437 = CARTESIAN_POINT('',(-0.5988575104,-0.39,8.819999977288E-02));
#9438 = CARTESIAN_POINT('',(-0.598888955063,-0.39,8.879999969679E-02));
#9439 = CARTESIAN_POINT('',(-0.598920399735,-0.39,8.939999977296E-02));
#9440 = CARTESIAN_POINT('',(-0.59898328907,-0.39,9.059999977311E-02));
#9441 = CARTESIAN_POINT('',(-0.599014733734,-0.39,9.119999969708E-02));
#9442 = CARTESIAN_POINT('',(-0.599046178405,-0.39,9.179999977319E-02));
#9443 = CARTESIAN_POINT('',(-0.59910906774,-0.39,9.299999977334E-02));
#9444 = CARTESIAN_POINT('',(-0.599140512404,-0.39,9.359999969736E-02));
#9445 = CARTESIAN_POINT('',(-0.599171957075,-0.39,9.419999977342E-02));
#9446 = CARTESIAN_POINT('',(-0.599234846411,-0.39,9.539999977356E-02));
#9447 = CARTESIAN_POINT('',(-0.599266291074,-0.39,9.599999969765E-02));
#9448 = CARTESIAN_POINT('',(-0.599297735746,-0.39,9.659999977365E-02));
#9449 = CARTESIAN_POINT('',(-0.599360625081,-0.39,9.779999977379E-02));
#9450 = CARTESIAN_POINT('',(-0.599392069744,-0.39,9.839999969794E-02));
#9451 = CARTESIAN_POINT('',(-0.599423514416,-0.39,9.899999977388E-02));
#9452 = CARTESIAN_POINT('',(-0.599486403751,-0.39,0.100199999774));
#9453 = CARTESIAN_POINT('',(-0.599517848415,-0.39,0.100799999698));
#9454 = CARTESIAN_POINT('',(-0.599549293086,-0.39,0.101399999774));
#9455 = CARTESIAN_POINT('',(-0.599612182421,-0.39,0.102599999774));
#9456 = CARTESIAN_POINT('',(-0.599643627085,-0.39,0.103199999699));
#9457 = CARTESIAN_POINT('',(-0.599675071757,-0.39,0.103799999774));
#9458 = CARTESIAN_POINT('',(-0.599737961092,-0.39,0.104999999774));
#9459 = CARTESIAN_POINT('',(-0.599769405755,-0.39,0.105599999699));
#9460 = CARTESIAN_POINT('',(-0.599800850427,-0.39,0.106199999775));
#9461 = CARTESIAN_POINT('',(-0.599874221309,-0.39,0.107599999598));
#9462 = CARTESIAN_POINT('',(-0.599916147525,-0.39,0.108399999463));
#9463 = CARTESIAN_POINT('',(-0.599958073755,-0.39,0.109199999597));
#9464 = CARTESIAN_POINT('',(-0.6,-0.39,0.11));
#9465 = ORIENTED_EDGE('',*,*,#9466,.F.);
#9466 = EDGE_CURVE('',#9254,#9361,#9467,.T.);
#9467 = LINE('',#9468,#9469);
#9468 = CARTESIAN_POINT('',(-0.6,0.8,0.11));
#9469 = VECTOR('',#9470,1.);
#9470 = DIRECTION('',(2.22044604925E-16,-1.,0.));
#9471 = B_SPLINE_SURFACE_WITH_KNOTS('',1,1,(
    (#9472,#9473)
    ,(#9474,#9475
    )),.UNSPECIFIED.,.F.,.F.,.F.,(2,2),(2,2),(0.,1.6),(0.,1.),
  .PIECEWISE_BEZIER_KNOTS.);
#9472 = CARTESIAN_POINT('',(-0.595807377657,0.795807377657,3.E-02));
#9473 = CARTESIAN_POINT('',(-0.6,0.8,0.11));
#9474 = CARTESIAN_POINT('',(-0.595807377657,-0.795807377657,3.E-02));
#9475 = CARTESIAN_POINT('',(-0.6,-0.8,0.11));
#9476 = ADVANCED_FACE('',(#9477),#9502,.F.);
#9477 = FACE_BOUND('',#9478,.F.);
#9478 = EDGE_LOOP('',(#9479,#9487,#9495,#9501));
#9479 = ORIENTED_EDGE('',*,*,#9480,.F.);
#9480 = EDGE_CURVE('',#9481,#8564,#9483,.T.);
#9481 = VERTEX_POINT('',#9482);
#9482 = CARTESIAN_POINT('',(0.595807377657,-0.11,0.));
#9483 = LINE('',#9484,#9485);
#9484 = CARTESIAN_POINT('',(0.595807377657,-0.11,0.));
#9485 = VECTOR('',#9486,1.);
#9486 = DIRECTION('',(0.,0.,1.));
#9487 = ORIENTED_EDGE('',*,*,#9488,.T.);
#9488 = EDGE_CURVE('',#9481,#9489,#9491,.T.);
#9489 = VERTEX_POINT('',#9490);
#9490 = CARTESIAN_POINT('',(0.595807377657,0.11,0.));
#9491 = LINE('',#9492,#9493);
#9492 = CARTESIAN_POINT('',(0.595807377657,-0.11,0.));
#9493 = VECTOR('',#9494,1.);
#9494 = DIRECTION('',(-1.110223024625E-16,1.,0.));
#9495 = ORIENTED_EDGE('',*,*,#9496,.T.);
#9496 = EDGE_CURVE('',#9489,#8556,#9497,.T.);
#9497 = LINE('',#9498,#9499);
#9498 = CARTESIAN_POINT('',(0.595807377657,0.11,0.));
#9499 = VECTOR('',#9500,1.);
#9500 = DIRECTION('',(0.,0.,1.));
#9501 = ORIENTED_EDGE('',*,*,#8563,.F.);
#9502 = PLANE('',#9503);
#9503 = AXIS2_PLACEMENT_3D('',#9504,#9505,#9506);
#9504 = CARTESIAN_POINT('',(0.595807377657,-0.11,0.));
#9505 = DIRECTION('',(1.,1.110223024625E-16,0.));
#9506 = DIRECTION('',(0.,-0.,1.));
#9507 = ADVANCED_FACE('',(#9508),#9533,.F.);
#9508 = FACE_BOUND('',#9509,.F.);
#9509 = EDGE_LOOP('',(#9510,#9518,#9526,#9532));
#9510 = ORIENTED_EDGE('',*,*,#9511,.F.);
#9511 = EDGE_CURVE('',#9512,#8612,#9514,.T.);
#9512 = VERTEX_POINT('',#9513);
#9513 = CARTESIAN_POINT('',(-0.595807377657,-0.39,0.));
#9514 = LINE('',#9515,#9516);
#9515 = CARTESIAN_POINT('',(-0.595807377657,-0.39,0.));
#9516 = VECTOR('',#9517,1.);
#9517 = DIRECTION('',(0.,0.,1.));
#9518 = ORIENTED_EDGE('',*,*,#9519,.T.);
#9519 = EDGE_CURVE('',#9512,#9520,#9522,.T.);
#9520 = VERTEX_POINT('',#9521);
#9521 = CARTESIAN_POINT('',(-0.595807377657,-0.61,0.));
#9522 = LINE('',#9523,#9524);
#9523 = CARTESIAN_POINT('',(-0.595807377657,-0.39,0.));
#9524 = VECTOR('',#9525,1.);
#9525 = DIRECTION('',(-1.144237745222E-17,-1.,0.));
#9526 = ORIENTED_EDGE('',*,*,#9527,.T.);
#9527 = EDGE_CURVE('',#9520,#8604,#9528,.T.);
#9528 = LINE('',#9529,#9530);
#9529 = CARTESIAN_POINT('',(-0.595807377657,-0.61,0.));
#9530 = VECTOR('',#9531,1.);
#9531 = DIRECTION('',(0.,0.,1.));
#9532 = ORIENTED_EDGE('',*,*,#8611,.F.);
#9533 = PLANE('',#9534);
#9534 = AXIS2_PLACEMENT_3D('',#9535,#9536,#9537);
#9535 = CARTESIAN_POINT('',(-0.595807377657,-0.39,0.));
#9536 = DIRECTION('',(-1.,1.144237745222E-17,0.));
#9537 = DIRECTION('',(0.,0.,1.));
#9538 = ADVANCED_FACE('',(#9539),#9760,.T.);
#9539 = FACE_BOUND('',#9540,.T.);
#9540 = EDGE_LOOP('',(#9541,#9647,#9648,#9754));
#9541 = ORIENTED_EDGE('',*,*,#9542,.F.);
#9542 = EDGE_CURVE('',#8572,#9543,#9545,.T.);
#9543 = VERTEX_POINT('',#9544);
#9544 = CARTESIAN_POINT('',(0.6,-0.39,0.11));
#9545 = B_SPLINE_CURVE_WITH_KNOTS('',4,(#9546,#9547,#9548,#9549,#9550,
    #9551,#9552,#9553,#9554,#9555,#9556,#9557,#9558,#9559,#9560,#9561,
    #9562,#9563,#9564,#9565,#9566,#9567,#9568,#9569,#9570,#9571,#9572,
    #9573,#9574,#9575,#9576,#9577,#9578,#9579,#9580,#9581,#9582,#9583,
    #9584,#9585,#9586,#9587,#9588,#9589,#9590,#9591,#9592,#9593,#9594,
    #9595,#9596,#9597,#9598,#9599,#9600,#9601,#9602,#9603,#9604,#9605,
    #9606,#9607,#9608,#9609,#9610,#9611,#9612,#9613,#9614,#9615,#9616,
    #9617,#9618,#9619,#9620,#9621,#9622,#9623,#9624,#9625,#9626,#9627,
    #9628,#9629,#9630,#9631,#9632,#9633,#9634,#9635,#9636,#9637,#9638,
    #9639,#9640,#9641,#9642,#9643,#9644,#9645,#9646),.UNSPECIFIED.,.F.,
  .F.,(5,3,3,3,3,3,3,3,3,3,3,3,3,3,3,3,3,3,3,3,3,3,3,3,3,3,3,3,3,3,3,3,3
    ,5),(0.,3.000037299321E-02,6.00007227273E-02,9.000104922037E-02,
    0.12000135249,0.150001632556,0.180001889434,0.210002123143,
    0.240002333701,0.270002521127,0.300002685437,0.33000282665,
    0.360002944784,0.390003039857,0.420003111887,0.45000316089,
    0.480003186887,0.510003189893,0.540003169928,0.570003127008,
    0.600003061152,0.630002972377,0.660002860701,0.690002726142,
    0.720002568718,0.750002388446,0.780002185344,0.810001959429,
    0.84000171072,0.870001439234,0.900001144989,0.930000828001,
    0.960000488289,1.),.UNSPECIFIED.);
#9546 = CARTESIAN_POINT('',(0.595807377657,-0.39,3.E-02));
#9547 = CARTESIAN_POINT('',(0.595838822313,-0.39,3.059999976731E-02));
#9548 = CARTESIAN_POINT('',(0.595870266976,-0.39,3.119999968979E-02));
#9549 = CARTESIAN_POINT('',(0.595901711648,-0.39,3.179999976739E-02));
#9550 = CARTESIAN_POINT('',(0.595964600983,-0.39,3.299999976754E-02));
#9551 = CARTESIAN_POINT('',(0.595996045647,-0.39,3.359999969008E-02));
#9552 = CARTESIAN_POINT('',(0.596027490318,-0.39,3.419999976763E-02));
#9553 = CARTESIAN_POINT('',(0.596090379653,-0.39,3.539999976777E-02));
#9554 = CARTESIAN_POINT('',(0.596121824317,-0.39,3.599999969038E-02));
#9555 = CARTESIAN_POINT('',(0.596153268988,-0.39,3.659999976786E-02));
#9556 = CARTESIAN_POINT('',(0.596216158324,-0.39,3.779999976801E-02));
#9557 = CARTESIAN_POINT('',(0.596247602987,-0.39,3.839999969067E-02));
#9558 = CARTESIAN_POINT('',(0.596279047659,-0.39,3.899999976809E-02));
#9559 = CARTESIAN_POINT('',(0.596341936994,-0.39,4.019999976824E-02));
#9560 = CARTESIAN_POINT('',(0.596373381657,-0.39,4.079999969097E-02));
#9561 = CARTESIAN_POINT('',(0.596404826329,-0.39,4.139999976833E-02));
#9562 = CARTESIAN_POINT('',(0.596467715664,-0.39,4.259999976848E-02));
#9563 = CARTESIAN_POINT('',(0.596499160328,-0.39,4.319999969126E-02));
#9564 = CARTESIAN_POINT('',(0.596530604999,-0.39,4.379999976856E-02));
#9565 = CARTESIAN_POINT('',(0.596593494334,-0.39,4.499999976871E-02));
#9566 = CARTESIAN_POINT('',(0.596624938998,-0.39,4.559999969155E-02));
#9567 = CARTESIAN_POINT('',(0.59665638367,-0.39,4.61999997688E-02));
#9568 = CARTESIAN_POINT('',(0.596719273005,-0.39,4.739999976894E-02));
#9569 = CARTESIAN_POINT('',(0.596750717668,-0.39,4.799999969185E-02));
#9570 = CARTESIAN_POINT('',(0.59678216234,-0.39,4.859999976903E-02));
#9571 = CARTESIAN_POINT('',(0.596845051675,-0.39,4.979999976918E-02));
#9572 = CARTESIAN_POINT('',(0.596876496339,-0.39,5.039999969214E-02));
#9573 = CARTESIAN_POINT('',(0.59690794101,-0.39,5.099999976926E-02));
#9574 = CARTESIAN_POINT('',(0.596970830345,-0.39,5.219999976941E-02));
#9575 = CARTESIAN_POINT('',(0.597002275009,-0.39,5.279999969243E-02));
#9576 = CARTESIAN_POINT('',(0.59703371968,-0.39,5.339999976949E-02));
#9577 = CARTESIAN_POINT('',(0.597096609016,-0.39,5.459999976964E-02));
#9578 = CARTESIAN_POINT('',(0.597128053679,-0.39,5.519999969272E-02));
#9579 = CARTESIAN_POINT('',(0.597159498351,-0.39,5.579999976973E-02));
#9580 = CARTESIAN_POINT('',(0.597222387686,-0.39,5.699999976987E-02));
#9581 = CARTESIAN_POINT('',(0.597253832349,-0.39,5.759999969302E-02));
#9582 = CARTESIAN_POINT('',(0.597285277021,-0.39,5.819999976996E-02));
#9583 = CARTESIAN_POINT('',(0.597348166356,-0.39,5.939999977011E-02));
#9584 = CARTESIAN_POINT('',(0.59737961102,-0.39,5.999999969331E-02));
#9585 = CARTESIAN_POINT('',(0.597411055691,-0.39,6.059999977019E-02));
#9586 = CARTESIAN_POINT('',(0.597473945027,-0.39,6.179999977034E-02));
#9587 = CARTESIAN_POINT('',(0.59750538969,-0.39,6.23999996936E-02));
#9588 = CARTESIAN_POINT('',(0.597536834362,-0.39,6.299999977042E-02));
#9589 = CARTESIAN_POINT('',(0.597599723697,-0.39,6.419999977057E-02));
#9590 = CARTESIAN_POINT('',(0.59763116836,-0.39,6.479999969389E-02));
#9591 = CARTESIAN_POINT('',(0.597662613032,-0.39,6.539999977066E-02));
#9592 = CARTESIAN_POINT('',(0.597725502367,-0.39,6.65999997708E-02));
#9593 = CARTESIAN_POINT('',(0.597756947031,-0.39,6.719999969418E-02));
#9594 = CARTESIAN_POINT('',(0.597788391702,-0.39,6.779999977089E-02));
#9595 = CARTESIAN_POINT('',(0.597851281037,-0.39,6.899999977103E-02));
#9596 = CARTESIAN_POINT('',(0.597882725701,-0.39,6.959999969447E-02));
#9597 = CARTESIAN_POINT('',(0.597914170373,-0.39,7.019999977112E-02));
#9598 = CARTESIAN_POINT('',(0.597977059708,-0.39,7.139999977126E-02));
#9599 = CARTESIAN_POINT('',(0.598008504371,-0.39,7.199999969476E-02));
#9600 = CARTESIAN_POINT('',(0.598039949043,-0.39,7.259999977135E-02));
#9601 = CARTESIAN_POINT('',(0.598102838378,-0.39,7.379999977149E-02));
#9602 = CARTESIAN_POINT('',(0.598134283042,-0.39,7.439999969505E-02));
#9603 = CARTESIAN_POINT('',(0.598165727713,-0.39,7.499999977158E-02));
#9604 = CARTESIAN_POINT('',(0.598228617048,-0.39,7.619999977173E-02));
#9605 = CARTESIAN_POINT('',(0.598260061712,-0.39,7.679999969534E-02));
#9606 = CARTESIAN_POINT('',(0.598291506383,-0.39,7.739999977181E-02));
#9607 = CARTESIAN_POINT('',(0.598354395719,-0.39,7.859999977196E-02));
#9608 = CARTESIAN_POINT('',(0.598385840382,-0.39,7.919999969563E-02));
#9609 = CARTESIAN_POINT('',(0.598417285054,-0.39,7.979999977204E-02));
#9610 = CARTESIAN_POINT('',(0.598480174389,-0.39,8.099999977219E-02));
#9611 = CARTESIAN_POINT('',(0.598511619052,-0.39,8.159999969592E-02));
#9612 = CARTESIAN_POINT('',(0.598543063724,-0.39,8.219999977227E-02));
#9613 = CARTESIAN_POINT('',(0.598605953059,-0.39,8.339999977242E-02));
#9614 = CARTESIAN_POINT('',(0.598637397723,-0.39,8.399999969621E-02));
#9615 = CARTESIAN_POINT('',(0.598668842394,-0.39,8.45999997725E-02));
#9616 = CARTESIAN_POINT('',(0.598731731729,-0.39,8.579999977265E-02));
#9617 = CARTESIAN_POINT('',(0.598763176393,-0.39,8.63999996965E-02));
#9618 = CARTESIAN_POINT('',(0.598794621065,-0.39,8.699999977273E-02));
#9619 = CARTESIAN_POINT('',(0.5988575104,-0.39,8.819999977288E-02));
#9620 = CARTESIAN_POINT('',(0.598888955063,-0.39,8.879999969679E-02));
#9621 = CARTESIAN_POINT('',(0.598920399735,-0.39,8.939999977296E-02));
#9622 = CARTESIAN_POINT('',(0.59898328907,-0.39,9.059999977311E-02));
#9623 = CARTESIAN_POINT('',(0.599014733734,-0.39,9.119999969708E-02));
#9624 = CARTESIAN_POINT('',(0.599046178405,-0.39,9.179999977319E-02));
#9625 = CARTESIAN_POINT('',(0.59910906774,-0.39,9.299999977334E-02));
#9626 = CARTESIAN_POINT('',(0.599140512404,-0.39,9.359999969737E-02));
#9627 = CARTESIAN_POINT('',(0.599171957075,-0.39,9.419999977342E-02));
#9628 = CARTESIAN_POINT('',(0.599234846411,-0.39,9.539999977356E-02));
#9629 = CARTESIAN_POINT('',(0.599266291074,-0.39,9.599999969765E-02));
#9630 = CARTESIAN_POINT('',(0.599297735746,-0.39,9.659999977365E-02));
#9631 = CARTESIAN_POINT('',(0.599360625081,-0.39,9.779999977379E-02));
#9632 = CARTESIAN_POINT('',(0.599392069744,-0.39,9.839999969794E-02));
#9633 = CARTESIAN_POINT('',(0.599423514416,-0.39,9.899999977388E-02));
#9634 = CARTESIAN_POINT('',(0.599486403751,-0.39,0.100199999774));
#9635 = CARTESIAN_POINT('',(0.599517848415,-0.39,0.100799999698));
#9636 = CARTESIAN_POINT('',(0.599549293086,-0.39,0.101399999774));
#9637 = CARTESIAN_POINT('',(0.599612182421,-0.39,0.102599999774));
#9638 = CARTESIAN_POINT('',(0.599643627085,-0.39,0.103199999699));
#9639 = CARTESIAN_POINT('',(0.599675071757,-0.39,0.103799999774));
#9640 = CARTESIAN_POINT('',(0.599737961092,-0.39,0.104999999774));
#9641 = CARTESIAN_POINT('',(0.599769405755,-0.39,0.105599999699));
#9642 = CARTESIAN_POINT('',(0.599800850427,-0.39,0.106199999775));
#9643 = CARTESIAN_POINT('',(0.599874221309,-0.39,0.107599999598));
#9644 = CARTESIAN_POINT('',(0.599916147525,-0.39,0.108399999463));
#9645 = CARTESIAN_POINT('',(0.599958073755,-0.39,0.109199999597));
#9646 = CARTESIAN_POINT('',(0.6,-0.39,0.11));
#9647 = ORIENTED_EDGE('',*,*,#8571,.T.);
#9648 = ORIENTED_EDGE('',*,*,#9649,.T.);
#9649 = EDGE_CURVE('',#8564,#9650,#9652,.T.);
#9650 = VERTEX_POINT('',#9651);
#9651 = CARTESIAN_POINT('',(0.6,-0.11,0.11));
#9652 = B_SPLINE_CURVE_WITH_KNOTS('',4,(#9653,#9654,#9655,#9656,#9657,
    #9658,#9659,#9660,#9661,#9662,#9663,#9664,#9665,#9666,#9667,#9668,
    #9669,#9670,#9671,#9672,#9673,#9674,#9675,#9676,#9677,#9678,#9679,
    #9680,#9681,#9682,#9683,#9684,#9685,#9686,#9687,#9688,#9689,#9690,
    #9691,#9692,#9693,#9694,#9695,#9696,#9697,#9698,#9699,#9700,#9701,
    #9702,#9703,#9704,#9705,#9706,#9707,#9708,#9709,#9710,#9711,#9712,
    #9713,#9714,#9715,#9716,#9717,#9718,#9719,#9720,#9721,#9722,#9723,
    #9724,#9725,#9726,#9727,#9728,#9729,#9730,#9731,#9732,#9733,#9734,
    #9735,#9736,#9737,#9738,#9739,#9740,#9741,#9742,#9743,#9744,#9745,
    #9746,#9747,#9748,#9749,#9750,#9751,#9752,#9753),.UNSPECIFIED.,.F.,
  .F.,(5,3,3,3,3,3,3,3,3,3,3,3,3,3,3,3,3,3,3,3,3,3,3,3,3,3,3,3,3,3,3,3,3
    ,5),(0.,3.000003027794E-02,6.000005866757E-02,9.000008517037E-02,
    0.120000109788,0.150000132521,0.180000153373,0.210000172343,
    0.240000189434,0.270000204647,0.300000217984,0.330000229446,
    0.360000239034,0.39000024675,0.420000252596,0.450000256572,
    0.480000258682,0.510000258925,0.540000257303,0.570000253818,
    0.600000248471,0.630000241265,0.660000232199,0.690000221276,
    0.720000208498,0.750000193864,0.780000177378,0.810000159041,
    0.840000138853,0.870000116817,0.900000092934,0.930000067205,
    0.960000039632,1.),.UNSPECIFIED.);
#9653 = CARTESIAN_POINT('',(0.595807377657,-0.11,3.E-02));
#9654 = CARTESIAN_POINT('',(0.595838822324,-0.11,3.059999998111E-02));
#9655 = CARTESIAN_POINT('',(0.595870266991,-0.11,3.119999997481E-02));
#9656 = CARTESIAN_POINT('',(0.595901711659,-0.11,3.179999998111E-02));
#9657 = CARTESIAN_POINT('',(0.595964600994,-0.11,3.299999998113E-02));
#9658 = CARTESIAN_POINT('',(0.595996045661,-0.11,3.359999997484E-02));
#9659 = CARTESIAN_POINT('',(0.596027490329,-0.11,3.419999998113E-02));
#9660 = CARTESIAN_POINT('',(0.596090379664,-0.11,3.539999998115E-02));
#9661 = CARTESIAN_POINT('',(0.596121824332,-0.11,3.599999997486E-02));
#9662 = CARTESIAN_POINT('',(0.596153269,-0.11,3.659999998115E-02));
#9663 = CARTESIAN_POINT('',(0.596216158335,-0.11,3.779999998117E-02));
#9664 = CARTESIAN_POINT('',(0.596247603002,-0.11,3.839999997489E-02));
#9665 = CARTESIAN_POINT('',(0.59627904767,-0.11,3.899999998117E-02));
#9666 = CARTESIAN_POINT('',(0.596341937005,-0.11,4.019999998118E-02));
#9667 = CARTESIAN_POINT('',(0.596373381672,-0.11,4.079999997491E-02));
#9668 = CARTESIAN_POINT('',(0.59640482634,-0.11,4.139999998119E-02));
#9669 = CARTESIAN_POINT('',(0.596467715675,-0.11,4.25999999812E-02));
#9670 = CARTESIAN_POINT('',(0.596499160343,-0.11,4.319999997494E-02));
#9671 = CARTESIAN_POINT('',(0.59653060501,-0.11,4.379999998121E-02));
#9672 = CARTESIAN_POINT('',(0.596593494346,-0.11,4.499999998122E-02));
#9673 = CARTESIAN_POINT('',(0.596624939013,-0.11,4.559999997496E-02));
#9674 = CARTESIAN_POINT('',(0.596656383681,-0.11,4.619999998123E-02));
#9675 = CARTESIAN_POINT('',(0.596719273016,-0.11,4.739999998124E-02));
#9676 = CARTESIAN_POINT('',(0.596750717683,-0.11,4.799999997498E-02));
#9677 = CARTESIAN_POINT('',(0.596782162351,-0.11,4.859999998125E-02));
#9678 = CARTESIAN_POINT('',(0.596845051686,-0.11,4.979999998126E-02));
#9679 = CARTESIAN_POINT('',(0.596876496353,-0.11,5.039999997501E-02));
#9680 = CARTESIAN_POINT('',(0.596907941021,-0.11,5.099999998127E-02));
#9681 = CARTESIAN_POINT('',(0.596970830356,-0.11,5.219999998128E-02));
#9682 = CARTESIAN_POINT('',(0.597002275024,-0.11,5.279999997503E-02));
#9683 = CARTESIAN_POINT('',(0.597033719692,-0.11,5.339999998129E-02));
#9684 = CARTESIAN_POINT('',(0.597096609027,-0.11,5.45999999813E-02));
#9685 = CARTESIAN_POINT('',(0.597128053694,-0.11,5.519999997506E-02));
#9686 = CARTESIAN_POINT('',(0.597159498362,-0.11,5.579999998131E-02));
#9687 = CARTESIAN_POINT('',(0.597222387697,-0.11,5.699999998132E-02));
#9688 = CARTESIAN_POINT('',(0.597253832364,-0.11,5.759999997508E-02));
#9689 = CARTESIAN_POINT('',(0.597285277032,-0.11,5.819999998133E-02));
#9690 = CARTESIAN_POINT('',(0.597348166367,-0.11,5.939999998134E-02));
#9691 = CARTESIAN_POINT('',(0.597379611035,-0.11,5.99999999751E-02));
#9692 = CARTESIAN_POINT('',(0.597411055702,-0.11,6.059999998134E-02));
#9693 = CARTESIAN_POINT('',(0.597473945038,-0.11,6.179999998136E-02));
#9694 = CARTESIAN_POINT('',(0.597505389705,-0.11,6.239999997513E-02));
#9695 = CARTESIAN_POINT('',(0.597536834373,-0.11,6.299999998136E-02));
#9696 = CARTESIAN_POINT('',(0.597599723708,-0.11,6.419999998138E-02));
#9697 = CARTESIAN_POINT('',(0.597631168375,-0.11,6.479999997515E-02));
#9698 = CARTESIAN_POINT('',(0.597662613043,-0.11,6.539999998138E-02));
#9699 = CARTESIAN_POINT('',(0.597725502378,-0.11,6.659999998139E-02));
#9700 = CARTESIAN_POINT('',(0.597756947045,-0.11,6.719999997518E-02));
#9701 = CARTESIAN_POINT('',(0.597788391713,-0.11,6.77999999814E-02));
#9702 = CARTESIAN_POINT('',(0.597851281048,-0.11,6.899999998141E-02));
#9703 = CARTESIAN_POINT('',(0.597882725716,-0.11,6.95999999752E-02));
#9704 = CARTESIAN_POINT('',(0.597914170384,-0.11,7.019999998142E-02));
#9705 = CARTESIAN_POINT('',(0.597977059719,-0.11,7.139999998143E-02));
#9706 = CARTESIAN_POINT('',(0.598008504386,-0.11,7.199999997522E-02));
#9707 = CARTESIAN_POINT('',(0.598039949054,-0.11,7.259999998144E-02));
#9708 = CARTESIAN_POINT('',(0.598102838389,-0.11,7.379999998145E-02));
#9709 = CARTESIAN_POINT('',(0.598134283056,-0.11,7.439999997525E-02));
#9710 = CARTESIAN_POINT('',(0.598165727724,-0.11,7.499999998146E-02));
#9711 = CARTESIAN_POINT('',(0.598228617059,-0.11,7.619999998147E-02));
#9712 = CARTESIAN_POINT('',(0.598260061727,-0.11,7.679999997527E-02));
#9713 = CARTESIAN_POINT('',(0.598291506394,-0.11,7.739999998148E-02));
#9714 = CARTESIAN_POINT('',(0.59835439573,-0.11,7.859999998149E-02));
#9715 = CARTESIAN_POINT('',(0.598385840397,-0.11,7.919999997529E-02));
#9716 = CARTESIAN_POINT('',(0.598417285065,-0.11,7.97999999815E-02));
#9717 = CARTESIAN_POINT('',(0.5984801744,-0.11,8.099999998151E-02));
#9718 = CARTESIAN_POINT('',(0.598511619067,-0.11,8.159999997532E-02));
#9719 = CARTESIAN_POINT('',(0.598543063735,-0.11,8.219999998151E-02));
#9720 = CARTESIAN_POINT('',(0.59860595307,-0.11,8.339999998153E-02));
#9721 = CARTESIAN_POINT('',(0.598637397737,-0.11,8.399999997534E-02));
#9722 = CARTESIAN_POINT('',(0.598668842405,-0.11,8.459999998153E-02));
#9723 = CARTESIAN_POINT('',(0.59873173174,-0.11,8.579999998155E-02));
#9724 = CARTESIAN_POINT('',(0.598763176408,-0.11,8.639999997536E-02));
#9725 = CARTESIAN_POINT('',(0.598794621076,-0.11,8.699999998155E-02));
#9726 = CARTESIAN_POINT('',(0.598857510411,-0.11,8.819999998156E-02));
#9727 = CARTESIAN_POINT('',(0.598888955078,-0.11,8.879999997539E-02));
#9728 = CARTESIAN_POINT('',(0.598920399746,-0.11,8.939999998157E-02));
#9729 = CARTESIAN_POINT('',(0.598983289081,-0.11,9.059999998158E-02));
#9730 = CARTESIAN_POINT('',(0.599014733748,-0.11,9.119999997541E-02));
#9731 = CARTESIAN_POINT('',(0.599046178416,-0.11,9.179999998159E-02));
#9732 = CARTESIAN_POINT('',(0.599109067751,-0.11,9.29999999816E-02));
#9733 = CARTESIAN_POINT('',(0.599140512418,-0.11,9.359999997544E-02));
#9734 = CARTESIAN_POINT('',(0.599171957086,-0.11,9.419999998161E-02));
#9735 = CARTESIAN_POINT('',(0.599234846422,-0.11,9.539999998162E-02));
#9736 = CARTESIAN_POINT('',(0.599266291089,-0.11,9.599999997546E-02));
#9737 = CARTESIAN_POINT('',(0.599297735757,-0.11,9.659999998163E-02));
#9738 = CARTESIAN_POINT('',(0.599360625092,-0.11,9.779999998164E-02));
#9739 = CARTESIAN_POINT('',(0.599392069759,-0.11,9.839999997548E-02));
#9740 = CARTESIAN_POINT('',(0.599423514427,-0.11,9.899999998165E-02));
#9741 = CARTESIAN_POINT('',(0.599486403762,-0.11,0.100199999982));
#9742 = CARTESIAN_POINT('',(0.599517848429,-0.11,0.100799999976));
#9743 = CARTESIAN_POINT('',(0.599549293097,-0.11,0.101399999982));
#9744 = CARTESIAN_POINT('',(0.599612182432,-0.11,0.102599999982));
#9745 = CARTESIAN_POINT('',(0.5996436271,-0.11,0.103199999976));
#9746 = CARTESIAN_POINT('',(0.599675071767,-0.11,0.103799999982));
#9747 = CARTESIAN_POINT('',(0.599737961103,-0.11,0.104999999982));
#9748 = CARTESIAN_POINT('',(0.59976940577,-0.11,0.105599999976));
#9749 = CARTESIAN_POINT('',(0.599800850438,-0.11,0.106199999982));
#9750 = CARTESIAN_POINT('',(0.599874221328,-0.11,0.107599999967));
#9751 = CARTESIAN_POINT('',(0.599916147551,-0.11,0.108399999956));
#9752 = CARTESIAN_POINT('',(0.599958073775,-0.11,0.109199999967));
#9753 = CARTESIAN_POINT('',(0.6,-0.11,0.11));
#9754 = ORIENTED_EDGE('',*,*,#9755,.F.);
#9755 = EDGE_CURVE('',#9543,#9650,#9756,.T.);
#9756 = LINE('',#9757,#9758);
#9757 = CARTESIAN_POINT('',(0.6,-0.8,0.11));
#9758 = VECTOR('',#9759,1.);
#9759 = DIRECTION('',(-2.22044604925E-16,1.,0.));
#9760 = B_SPLINE_SURFACE_WITH_KNOTS('',1,1,(
    (#9761,#9762)
    ,(#9763,#9764
    )),.UNSPECIFIED.,.F.,.F.,.F.,(2,2),(2,2),(0.,1.6),(0.,1.),
  .PIECEWISE_BEZIER_KNOTS.);
#9761 = CARTESIAN_POINT('',(0.595807377657,-0.795807377657,3.E-02));
#9762 = CARTESIAN_POINT('',(0.6,-0.8,0.11));
#9763 = CARTESIAN_POINT('',(0.595807377657,0.795807377657,3.E-02));
#9764 = CARTESIAN_POINT('',(0.6,0.8,0.11));
#9765 = ADVANCED_FACE('',(#9766),#9888,.T.);
#9766 = FACE_BOUND('',#9767,.T.);
#9767 = EDGE_LOOP('',(#9768,#9874,#9875,#9882));
#9768 = ORIENTED_EDGE('',*,*,#9769,.F.);
#9769 = EDGE_CURVE('',#8604,#9770,#9772,.T.);
#9770 = VERTEX_POINT('',#9771);
#9771 = CARTESIAN_POINT('',(-0.6,-0.61,0.11));
#9772 = B_SPLINE_CURVE_WITH_KNOTS('',4,(#9773,#9774,#9775,#9776,#9777,
    #9778,#9779,#9780,#9781,#9782,#9783,#9784,#9785,#9786,#9787,#9788,
    #9789,#9790,#9791,#9792,#9793,#9794,#9795,#9796,#9797,#9798,#9799,
    #9800,#9801,#9802,#9803,#9804,#9805,#9806,#9807,#9808,#9809,#9810,
    #9811,#9812,#9813,#9814,#9815,#9816,#9817,#9818,#9819,#9820,#9821,
    #9822,#9823,#9824,#9825,#9826,#9827,#9828,#9829,#9830,#9831,#9832,
    #9833,#9834,#9835,#9836,#9837,#9838,#9839,#9840,#9841,#9842,#9843,
    #9844,#9845,#9846,#9847,#9848,#9849,#9850,#9851,#9852,#9853,#9854,
    #9855,#9856,#9857,#9858,#9859,#9860,#9861,#9862,#9863,#9864,#9865,
    #9866,#9867,#9868,#9869,#9870,#9871,#9872,#9873),.UNSPECIFIED.,.F.,
  .F.,(5,3,3,3,3,3,3,3,3,3,3,3,3,3,3,3,3,3,3,3,3,3,3,3,3,3,3,3,3,3,3,3,3
    ,5),(0.,3.000088527396E-02,6.000171535367E-02,9.000249028108E-02,
    0.120003210098,0.150003874847,0.180004484568,0.210005039305,
    0.240005539099,0.270005983992,0.300006374024,0.330006709239,
    0.360006989677,0.39000721538,0.42000738639,0.450007502748,
    0.480007564495,0.510007571674,0.540007524325,0.570007422489,
    0.600007266209,0.630007055525,0.660006790478,0.69000647111,
    0.720006097463,0.750005669576,0.780005187491,0.810004651249,
    0.840004060892,0.87000341646,0.900002717994,0.930001965535,
    0.960001159124,1.),.UNSPECIFIED.);
#9773 = CARTESIAN_POINT('',(-0.595807377657,-0.61,3.E-02));
#9774 = CARTESIAN_POINT('',(-0.595838822296,-0.61,3.059999944783E-02));
#9775 = CARTESIAN_POINT('',(-0.595870266954,-0.61,3.119999926389E-02));
#9776 = CARTESIAN_POINT('',(-0.595901711631,-0.61,3.179999944803E-02));
#9777 = CARTESIAN_POINT('',(-0.595964600966,-0.61,3.299999944838E-02));
#9778 = CARTESIAN_POINT('',(-0.595996045624,-0.61,3.359999926458E-02));
#9779 = CARTESIAN_POINT('',(-0.596027490301,-0.61,3.419999944858E-02));
#9780 = CARTESIAN_POINT('',(-0.596090379637,-0.61,3.539999944893E-02));
#9781 = CARTESIAN_POINT('',(-0.596121824295,-0.61,3.599999926526E-02));
#9782 = CARTESIAN_POINT('',(-0.596153268972,-0.61,3.659999944913E-02));
#9783 = CARTESIAN_POINT('',(-0.596216158307,-0.61,3.779999944948E-02));
#9784 = CARTESIAN_POINT('',(-0.596247602965,-0.61,3.839999926595E-02));
#9785 = CARTESIAN_POINT('',(-0.596279047642,-0.61,3.899999944968E-02));
#9786 = CARTESIAN_POINT('',(-0.596341936977,-0.61,4.019999945003E-02));
#9787 = CARTESIAN_POINT('',(-0.596373381635,-0.61,4.079999926664E-02));
#9788 = CARTESIAN_POINT('',(-0.596404826312,-0.61,4.139999945023E-02));
#9789 = CARTESIAN_POINT('',(-0.596467715648,-0.61,4.259999945058E-02));
#9790 = CARTESIAN_POINT('',(-0.596499160305,-0.61,4.319999926733E-02));
#9791 = CARTESIAN_POINT('',(-0.596530604983,-0.61,4.379999945078E-02));
#9792 = CARTESIAN_POINT('',(-0.596593494318,-0.61,4.499999945112E-02));
#9793 = CARTESIAN_POINT('',(-0.596624938976,-0.61,4.559999926801E-02));
#9794 = CARTESIAN_POINT('',(-0.596656383653,-0.61,4.619999945133E-02));
#9795 = CARTESIAN_POINT('',(-0.596719272988,-0.61,4.739999945167E-02));
#9796 = CARTESIAN_POINT('',(-0.596750717646,-0.61,4.79999992687E-02));
#9797 = CARTESIAN_POINT('',(-0.596782162323,-0.61,4.859999945188E-02));
#9798 = CARTESIAN_POINT('',(-0.596845051658,-0.61,4.979999945222E-02));
#9799 = CARTESIAN_POINT('',(-0.596876496316,-0.61,5.039999926939E-02));
#9800 = CARTESIAN_POINT('',(-0.596907940994,-0.61,5.099999945242E-02));
#9801 = CARTESIAN_POINT('',(-0.596970830329,-0.61,5.219999945277E-02));
#9802 = CARTESIAN_POINT('',(-0.597002274987,-0.61,5.279999927007E-02));
#9803 = CARTESIAN_POINT('',(-0.597033719664,-0.61,5.339999945297E-02));
#9804 = CARTESIAN_POINT('',(-0.597096608999,-0.61,5.459999945331E-02));
#9805 = CARTESIAN_POINT('',(-0.597128053657,-0.61,5.519999927076E-02));
#9806 = CARTESIAN_POINT('',(-0.597159498334,-0.61,5.579999945351E-02));
#9807 = CARTESIAN_POINT('',(-0.597222387669,-0.61,5.699999945386E-02));
#9808 = CARTESIAN_POINT('',(-0.597253832327,-0.61,5.759999927144E-02));
#9809 = CARTESIAN_POINT('',(-0.597285277005,-0.61,5.819999945406E-02));
#9810 = CARTESIAN_POINT('',(-0.59734816634,-0.61,5.93999994544E-02));
#9811 = CARTESIAN_POINT('',(-0.597379610998,-0.61,5.999999927213E-02));
#9812 = CARTESIAN_POINT('',(-0.597411055675,-0.61,6.059999945461E-02));
#9813 = CARTESIAN_POINT('',(-0.59747394501,-0.61,6.179999945495E-02));
#9814 = CARTESIAN_POINT('',(-0.597505389668,-0.61,6.239999927281E-02));
#9815 = CARTESIAN_POINT('',(-0.597536834345,-0.61,6.299999945515E-02));
#9816 = CARTESIAN_POINT('',(-0.59759972368,-0.61,6.419999945549E-02));
#9817 = CARTESIAN_POINT('',(-0.597631168338,-0.61,6.479999927349E-02));
#9818 = CARTESIAN_POINT('',(-0.597662613015,-0.61,6.539999945569E-02));
#9819 = CARTESIAN_POINT('',(-0.597725502351,-0.61,6.659999945604E-02));
#9820 = CARTESIAN_POINT('',(-0.597756947009,-0.61,6.719999927417E-02));
#9821 = CARTESIAN_POINT('',(-0.597788391686,-0.61,6.779999945624E-02));
#9822 = CARTESIAN_POINT('',(-0.597851281021,-0.61,6.899999945658E-02));
#9823 = CARTESIAN_POINT('',(-0.597882725679,-0.61,6.959999927485E-02));
#9824 = CARTESIAN_POINT('',(-0.597914170356,-0.61,7.019999945678E-02));
#9825 = CARTESIAN_POINT('',(-0.597977059691,-0.61,7.139999945712E-02));
#9826 = CARTESIAN_POINT('',(-0.598008504349,-0.61,7.199999927553E-02));
#9827 = CARTESIAN_POINT('',(-0.598039949026,-0.61,7.259999945732E-02));
#9828 = CARTESIAN_POINT('',(-0.598102838362,-0.61,7.379999945766E-02));
#9829 = CARTESIAN_POINT('',(-0.59813428302,-0.61,7.439999927621E-02));
#9830 = CARTESIAN_POINT('',(-0.598165727697,-0.61,7.499999945787E-02));
#9831 = CARTESIAN_POINT('',(-0.598228617032,-0.61,7.619999945821E-02));
#9832 = CARTESIAN_POINT('',(-0.59826006169,-0.61,7.679999927689E-02));
#9833 = CARTESIAN_POINT('',(-0.598291506367,-0.61,7.739999945841E-02));
#9834 = CARTESIAN_POINT('',(-0.598354395702,-0.61,7.859999945875E-02));
#9835 = CARTESIAN_POINT('',(-0.59838584036,-0.61,7.919999927757E-02));
#9836 = CARTESIAN_POINT('',(-0.598417285037,-0.61,7.979999945895E-02));
#9837 = CARTESIAN_POINT('',(-0.598480174372,-0.61,8.099999945929E-02));
#9838 = CARTESIAN_POINT('',(-0.598511619031,-0.61,8.159999927825E-02));
#9839 = CARTESIAN_POINT('',(-0.598543063708,-0.61,8.219999945949E-02));
#9840 = CARTESIAN_POINT('',(-0.598605953043,-0.61,8.339999945983E-02));
#9841 = CARTESIAN_POINT('',(-0.598637397701,-0.61,8.399999927893E-02));
#9842 = CARTESIAN_POINT('',(-0.598668842378,-0.61,8.459999946003E-02));
#9843 = CARTESIAN_POINT('',(-0.598731731713,-0.61,8.579999946037E-02));
#9844 = CARTESIAN_POINT('',(-0.598763176371,-0.61,8.63999992796E-02));
#9845 = CARTESIAN_POINT('',(-0.598794621048,-0.61,8.699999946057E-02));
#9846 = CARTESIAN_POINT('',(-0.598857510383,-0.61,8.819999946091E-02));
#9847 = CARTESIAN_POINT('',(-0.598888955041,-0.61,8.879999928028E-02));
#9848 = CARTESIAN_POINT('',(-0.598920399719,-0.61,8.939999946111E-02));
#9849 = CARTESIAN_POINT('',(-0.598983289054,-0.61,9.059999946145E-02));
#9850 = CARTESIAN_POINT('',(-0.599014733712,-0.61,9.119999928096E-02));
#9851 = CARTESIAN_POINT('',(-0.599046178389,-0.61,9.179999946165E-02));
#9852 = CARTESIAN_POINT('',(-0.599109067724,-0.61,9.299999946199E-02));
#9853 = CARTESIAN_POINT('',(-0.599140512382,-0.61,9.359999928163E-02));
#9854 = CARTESIAN_POINT('',(-0.599171957059,-0.61,9.419999946219E-02));
#9855 = CARTESIAN_POINT('',(-0.599234846394,-0.61,9.539999946253E-02));
#9856 = CARTESIAN_POINT('',(-0.599266291052,-0.61,9.599999928231E-02));
#9857 = CARTESIAN_POINT('',(-0.599297735729,-0.61,9.659999946273E-02));
#9858 = CARTESIAN_POINT('',(-0.599360625065,-0.61,9.779999946306E-02));
#9859 = CARTESIAN_POINT('',(-0.599392069723,-0.61,9.839999928298E-02));
#9860 = CARTESIAN_POINT('',(-0.5994235144,-0.61,9.899999946326E-02));
#9861 = CARTESIAN_POINT('',(-0.599486403735,-0.61,0.100199999464));
#9862 = CARTESIAN_POINT('',(-0.599517848393,-0.61,0.100799999284));
#9863 = CARTESIAN_POINT('',(-0.59954929307,-0.61,0.101399999464));
#9864 = CARTESIAN_POINT('',(-0.599612182405,-0.61,0.102599999464));
#9865 = CARTESIAN_POINT('',(-0.599643627063,-0.61,0.103199999284));
#9866 = CARTESIAN_POINT('',(-0.59967507174,-0.61,0.103799999464));
#9867 = CARTESIAN_POINT('',(-0.599737961076,-0.61,0.104999999465));
#9868 = CARTESIAN_POINT('',(-0.599769405734,-0.61,0.105599999285));
#9869 = CARTESIAN_POINT('',(-0.599800850411,-0.61,0.106199999465));
#9870 = CARTESIAN_POINT('',(-0.59987422128,-0.61,0.107599999045));
#9871 = CARTESIAN_POINT('',(-0.599916147486,-0.61,0.108399998725));
#9872 = CARTESIAN_POINT('',(-0.599958073726,-0.61,0.109199999043));
#9873 = CARTESIAN_POINT('',(-0.6,-0.61,0.11));
#9874 = ORIENTED_EDGE('',*,*,#8603,.T.);
#9875 = ORIENTED_EDGE('',*,*,#9876,.T.);
#9876 = EDGE_CURVE('',#8596,#9877,#9879,.T.);
#9877 = VERTEX_POINT('',#9878);
#9878 = CARTESIAN_POINT('',(-0.6,-0.8,0.11));
#9879 = B_SPLINE_CURVE_WITH_KNOTS('',1,(#9880,#9881),.UNSPECIFIED.,.F.,
  .F.,(2,2),(0.,1.),.PIECEWISE_BEZIER_KNOTS.);
#9880 = CARTESIAN_POINT('',(-0.595807377657,-0.795807377657,3.E-02));
#9881 = CARTESIAN_POINT('',(-0.6,-0.8,0.11));
#9882 = ORIENTED_EDGE('',*,*,#9883,.F.);
#9883 = EDGE_CURVE('',#9770,#9877,#9884,.T.);
#9884 = LINE('',#9885,#9886);
#9885 = CARTESIAN_POINT('',(-0.6,0.8,0.11));
#9886 = VECTOR('',#9887,1.);
#9887 = DIRECTION('',(2.22044604925E-16,-1.,0.));
#9888 = B_SPLINE_SURFACE_WITH_KNOTS('',1,1,(
    (#9889,#9890)
    ,(#9891,#9892
    )),.UNSPECIFIED.,.F.,.F.,.F.,(2,2),(2,2),(0.,1.6),(0.,1.),
  .PIECEWISE_BEZIER_KNOTS.);
#9889 = CARTESIAN_POINT('',(-0.595807377657,0.795807377657,3.E-02));
#9890 = CARTESIAN_POINT('',(-0.6,0.8,0.11));
#9891 = CARTESIAN_POINT('',(-0.595807377657,-0.795807377657,3.E-02));
#9892 = CARTESIAN_POINT('',(-0.6,-0.8,0.11));
#9893 = ADVANCED_FACE('',(#9894),#9919,.F.);
#9894 = FACE_BOUND('',#9895,.F.);
#9895 = EDGE_LOOP('',(#9896,#9904,#9912,#9918));
#9896 = ORIENTED_EDGE('',*,*,#9897,.F.);
#9897 = EDGE_CURVE('',#9898,#8580,#9900,.T.);
#9898 = VERTEX_POINT('',#9899);
#9899 = CARTESIAN_POINT('',(0.595807377657,-0.61,0.));
#9900 = LINE('',#9901,#9902);
#9901 = CARTESIAN_POINT('',(0.595807377657,-0.61,0.));
#9902 = VECTOR('',#9903,1.);
#9903 = DIRECTION('',(0.,0.,1.));
#9904 = ORIENTED_EDGE('',*,*,#9905,.T.);
#9905 = EDGE_CURVE('',#9898,#9906,#9908,.T.);
#9906 = VERTEX_POINT('',#9907);
#9907 = CARTESIAN_POINT('',(0.595807377657,-0.39,0.));
#9908 = LINE('',#9909,#9910);
#9909 = CARTESIAN_POINT('',(0.595807377657,-0.61,0.));
#9910 = VECTOR('',#9911,1.);
#9911 = DIRECTION('',(-1.110223024625E-16,1.,0.));
#9912 = ORIENTED_EDGE('',*,*,#9913,.T.);
#9913 = EDGE_CURVE('',#9906,#8572,#9914,.T.);
#9914 = LINE('',#9915,#9916);
#9915 = CARTESIAN_POINT('',(0.595807377657,-0.39,0.));
#9916 = VECTOR('',#9917,1.);
#9917 = DIRECTION('',(0.,0.,1.));
#9918 = ORIENTED_EDGE('',*,*,#8579,.F.);
#9919 = PLANE('',#9920);
#9920 = AXIS2_PLACEMENT_3D('',#9921,#9922,#9923);
#9921 = CARTESIAN_POINT('',(0.595807377657,-0.61,0.));
#9922 = DIRECTION('',(1.,1.110223024625E-16,0.));
#9923 = DIRECTION('',(0.,-0.,1.));
#9924 = ADVANCED_FACE('',(#9925),#9942,.T.);
#9925 = FACE_BOUND('',#9926,.T.);
#9926 = EDGE_LOOP('',(#9927,#9928,#9935,#9941));
#9927 = ORIENTED_EDGE('',*,*,#8595,.T.);
#9928 = ORIENTED_EDGE('',*,*,#9929,.T.);
#9929 = EDGE_CURVE('',#8588,#9930,#9932,.T.);
#9930 = VERTEX_POINT('',#9931);
#9931 = CARTESIAN_POINT('',(0.6,-0.8,0.11));
#9932 = B_SPLINE_CURVE_WITH_KNOTS('',1,(#9933,#9934),.UNSPECIFIED.,.F.,
  .F.,(2,2),(0.,1.),.PIECEWISE_BEZIER_KNOTS.);
#9933 = CARTESIAN_POINT('',(0.595807377657,-0.795807377657,3.E-02));
#9934 = CARTESIAN_POINT('',(0.6,-0.8,0.11));
#9935 = ORIENTED_EDGE('',*,*,#9936,.F.);
#9936 = EDGE_CURVE('',#9877,#9930,#9937,.T.);
#9937 = LINE('',#9938,#9939);
#9938 = CARTESIAN_POINT('',(-0.6,-0.8,0.11));
#9939 = VECTOR('',#9940,1.);
#9940 = DIRECTION('',(1.,2.22044604925E-16,0.));
#9941 = ORIENTED_EDGE('',*,*,#9876,.F.);
#9942 = B_SPLINE_SURFACE_WITH_KNOTS('',1,1,(
    (#9943,#9944)
    ,(#9945,#9946
    )),.UNSPECIFIED.,.F.,.F.,.F.,(2,2),(2,2),(0.,1.2),(0.,1.),
  .PIECEWISE_BEZIER_KNOTS.);
#9943 = CARTESIAN_POINT('',(-0.595807377657,-0.795807377657,3.E-02));
#9944 = CARTESIAN_POINT('',(-0.6,-0.8,0.11));
#9945 = CARTESIAN_POINT('',(0.595807377657,-0.795807377657,3.E-02));
#9946 = CARTESIAN_POINT('',(0.6,-0.8,0.11));
#9947 = ADVANCED_FACE('',(#9948),#10064,.T.);
#9948 = FACE_BOUND('',#9949,.T.);
#9949 = EDGE_LOOP('',(#9950,#9951,#9952,#10058));
#9950 = ORIENTED_EDGE('',*,*,#9929,.F.);
#9951 = ORIENTED_EDGE('',*,*,#8587,.T.);
#9952 = ORIENTED_EDGE('',*,*,#9953,.T.);
#9953 = EDGE_CURVE('',#8580,#9954,#9956,.T.);
#9954 = VERTEX_POINT('',#9955);
#9955 = CARTESIAN_POINT('',(0.6,-0.61,0.11));
#9956 = B_SPLINE_CURVE_WITH_KNOTS('',4,(#9957,#9958,#9959,#9960,#9961,
    #9962,#9963,#9964,#9965,#9966,#9967,#9968,#9969,#9970,#9971,#9972,
    #9973,#9974,#9975,#9976,#9977,#9978,#9979,#9980,#9981,#9982,#9983,
    #9984,#9985,#9986,#9987,#9988,#9989,#9990,#9991,#9992,#9993,#9994,
    #9995,#9996,#9997,#9998,#9999,#10000,#10001,#10002,#10003,#10004,
    #10005,#10006,#10007,#10008,#10009,#10010,#10011,#10012,#10013,
    #10014,#10015,#10016,#10017,#10018,#10019,#10020,#10021,#10022,
    #10023,#10024,#10025,#10026,#10027,#10028,#10029,#10030,#10031,
    #10032,#10033,#10034,#10035,#10036,#10037,#10038,#10039,#10040,
    #10041,#10042,#10043,#10044,#10045,#10046,#10047,#10048,#10049,
    #10050,#10051,#10052,#10053,#10054,#10055,#10056,#10057),
  .UNSPECIFIED.,.F.,.F.,(5,3,3,3,3,3,3,3,3,3,3,3,3,3,3,3,3,3,3,3,3,3,3,3
    ,3,3,3,3,3,3,3,3,3,5),(0.,3.000088527394E-02,6.000171535362E-02,
    9.0002490281E-02,0.120003210098,0.150003874846,0.180004484568,
    0.210005039305,0.240005539099,0.270005983991,0.300006374024,
    0.330006709239,0.360006989677,0.39000721538,0.420007386389,
    0.450007502747,0.480007564495,0.510007571673,0.540007524324,
    0.570007422489,0.600007266208,0.630007055524,0.660006790478,
    0.69000647111,0.720006097462,0.750005669575,0.780005187491,
    0.810004651249,0.840004060892,0.87000341646,0.900002717994,
    0.930001965535,0.960001159124,1.),.UNSPECIFIED.);
#9957 = CARTESIAN_POINT('',(0.595807377657,-0.61,3.E-02));
#9958 = CARTESIAN_POINT('',(0.595838822296,-0.61,3.059999944783E-02));
#9959 = CARTESIAN_POINT('',(0.595870266954,-0.61,3.119999926388E-02));
#9960 = CARTESIAN_POINT('',(0.595901711631,-0.61,3.179999944803E-02));
#9961 = CARTESIAN_POINT('',(0.595964600966,-0.61,3.299999944838E-02));
#9962 = CARTESIAN_POINT('',(0.595996045624,-0.61,3.359999926458E-02));
#9963 = CARTESIAN_POINT('',(0.596027490301,-0.61,3.419999944858E-02));
#9964 = CARTESIAN_POINT('',(0.596090379637,-0.61,3.539999944893E-02));
#9965 = CARTESIAN_POINT('',(0.596121824295,-0.61,3.599999926526E-02));
#9966 = CARTESIAN_POINT('',(0.596153268972,-0.61,3.659999944913E-02));
#9967 = CARTESIAN_POINT('',(0.596216158307,-0.61,3.779999944948E-02));
#9968 = CARTESIAN_POINT('',(0.596247602965,-0.61,3.839999926595E-02));
#9969 = CARTESIAN_POINT('',(0.596279047642,-0.61,3.899999944968E-02));
#9970 = CARTESIAN_POINT('',(0.596341936977,-0.61,4.019999945003E-02));
#9971 = CARTESIAN_POINT('',(0.596373381635,-0.61,4.079999926664E-02));
#9972 = CARTESIAN_POINT('',(0.596404826312,-0.61,4.139999945023E-02));
#9973 = CARTESIAN_POINT('',(0.596467715648,-0.61,4.259999945058E-02));
#9974 = CARTESIAN_POINT('',(0.596499160305,-0.61,4.319999926733E-02));
#9975 = CARTESIAN_POINT('',(0.596530604983,-0.61,4.379999945078E-02));
#9976 = CARTESIAN_POINT('',(0.596593494318,-0.61,4.499999945112E-02));
#9977 = CARTESIAN_POINT('',(0.596624938976,-0.61,4.559999926801E-02));
#9978 = CARTESIAN_POINT('',(0.596656383653,-0.61,4.619999945133E-02));
#9979 = CARTESIAN_POINT('',(0.596719272988,-0.61,4.739999945167E-02));
#9980 = CARTESIAN_POINT('',(0.596750717646,-0.61,4.79999992687E-02));
#9981 = CARTESIAN_POINT('',(0.596782162323,-0.61,4.859999945188E-02));
#9982 = CARTESIAN_POINT('',(0.596845051658,-0.61,4.979999945222E-02));
#9983 = CARTESIAN_POINT('',(0.596876496316,-0.61,5.039999926939E-02));
#9984 = CARTESIAN_POINT('',(0.596907940994,-0.61,5.099999945242E-02));
#9985 = CARTESIAN_POINT('',(0.596970830329,-0.61,5.219999945277E-02));
#9986 = CARTESIAN_POINT('',(0.597002274987,-0.61,5.279999927007E-02));
#9987 = CARTESIAN_POINT('',(0.597033719664,-0.61,5.339999945297E-02));
#9988 = CARTESIAN_POINT('',(0.597096608999,-0.61,5.459999945331E-02));
#9989 = CARTESIAN_POINT('',(0.597128053657,-0.61,5.519999927076E-02));
#9990 = CARTESIAN_POINT('',(0.597159498334,-0.61,5.579999945351E-02));
#9991 = CARTESIAN_POINT('',(0.597222387669,-0.61,5.699999945386E-02));
#9992 = CARTESIAN_POINT('',(0.597253832327,-0.61,5.759999927144E-02));
#9993 = CARTESIAN_POINT('',(0.597285277005,-0.61,5.819999945406E-02));
#9994 = CARTESIAN_POINT('',(0.59734816634,-0.61,5.93999994544E-02));
#9995 = CARTESIAN_POINT('',(0.597379610998,-0.61,5.999999927213E-02));
#9996 = CARTESIAN_POINT('',(0.597411055675,-0.61,6.059999945461E-02));
#9997 = CARTESIAN_POINT('',(0.59747394501,-0.61,6.179999945495E-02));
#9998 = CARTESIAN_POINT('',(0.597505389668,-0.61,6.239999927281E-02));
#9999 = CARTESIAN_POINT('',(0.597536834345,-0.61,6.299999945515E-02));
#10000 = CARTESIAN_POINT('',(0.59759972368,-0.61,6.419999945549E-02));
#10001 = CARTESIAN_POINT('',(0.597631168338,-0.61,6.479999927349E-02));
#10002 = CARTESIAN_POINT('',(0.597662613015,-0.61,6.539999945569E-02));
#10003 = CARTESIAN_POINT('',(0.597725502351,-0.61,6.659999945604E-02));
#10004 = CARTESIAN_POINT('',(0.597756947009,-0.61,6.719999927417E-02));
#10005 = CARTESIAN_POINT('',(0.597788391686,-0.61,6.779999945624E-02));
#10006 = CARTESIAN_POINT('',(0.597851281021,-0.61,6.899999945658E-02));
#10007 = CARTESIAN_POINT('',(0.597882725679,-0.61,6.959999927485E-02));
#10008 = CARTESIAN_POINT('',(0.597914170356,-0.61,7.019999945678E-02));
#10009 = CARTESIAN_POINT('',(0.597977059691,-0.61,7.139999945712E-02));
#10010 = CARTESIAN_POINT('',(0.598008504349,-0.61,7.199999927553E-02));
#10011 = CARTESIAN_POINT('',(0.598039949026,-0.61,7.259999945732E-02));
#10012 = CARTESIAN_POINT('',(0.598102838362,-0.61,7.379999945766E-02));
#10013 = CARTESIAN_POINT('',(0.59813428302,-0.61,7.439999927621E-02));
#10014 = CARTESIAN_POINT('',(0.598165727697,-0.61,7.499999945787E-02));
#10015 = CARTESIAN_POINT('',(0.598228617032,-0.61,7.619999945821E-02));
#10016 = CARTESIAN_POINT('',(0.59826006169,-0.61,7.679999927689E-02));
#10017 = CARTESIAN_POINT('',(0.598291506367,-0.61,7.739999945841E-02));
#10018 = CARTESIAN_POINT('',(0.598354395702,-0.61,7.859999945875E-02));
#10019 = CARTESIAN_POINT('',(0.59838584036,-0.61,7.919999927757E-02));
#10020 = CARTESIAN_POINT('',(0.598417285037,-0.61,7.979999945895E-02));
#10021 = CARTESIAN_POINT('',(0.598480174372,-0.61,8.099999945929E-02));
#10022 = CARTESIAN_POINT('',(0.598511619031,-0.61,8.159999927825E-02));
#10023 = CARTESIAN_POINT('',(0.598543063708,-0.61,8.219999945949E-02));
#10024 = CARTESIAN_POINT('',(0.598605953043,-0.61,8.339999945983E-02));
#10025 = CARTESIAN_POINT('',(0.598637397701,-0.61,8.399999927893E-02));
#10026 = CARTESIAN_POINT('',(0.598668842378,-0.61,8.459999946003E-02));
#10027 = CARTESIAN_POINT('',(0.598731731713,-0.61,8.579999946037E-02));
#10028 = CARTESIAN_POINT('',(0.598763176371,-0.61,8.63999992796E-02));
#10029 = CARTESIAN_POINT('',(0.598794621048,-0.61,8.699999946057E-02));
#10030 = CARTESIAN_POINT('',(0.598857510383,-0.61,8.819999946091E-02));
#10031 = CARTESIAN_POINT('',(0.598888955041,-0.61,8.879999928028E-02));
#10032 = CARTESIAN_POINT('',(0.598920399719,-0.61,8.939999946111E-02));
#10033 = CARTESIAN_POINT('',(0.598983289054,-0.61,9.059999946145E-02));
#10034 = CARTESIAN_POINT('',(0.599014733712,-0.61,9.119999928096E-02));
#10035 = CARTESIAN_POINT('',(0.599046178389,-0.61,9.179999946165E-02));
#10036 = CARTESIAN_POINT('',(0.599109067724,-0.61,9.299999946199E-02));
#10037 = CARTESIAN_POINT('',(0.599140512382,-0.61,9.359999928163E-02));
#10038 = CARTESIAN_POINT('',(0.599171957059,-0.61,9.419999946219E-02));
#10039 = CARTESIAN_POINT('',(0.599234846394,-0.61,9.539999946253E-02));
#10040 = CARTESIAN_POINT('',(0.599266291052,-0.61,9.599999928231E-02));
#10041 = CARTESIAN_POINT('',(0.599297735729,-0.61,9.659999946273E-02));
#10042 = CARTESIAN_POINT('',(0.599360625065,-0.61,9.779999946306E-02));
#10043 = CARTESIAN_POINT('',(0.599392069723,-0.61,9.839999928298E-02));
#10044 = CARTESIAN_POINT('',(0.5994235144,-0.61,9.899999946326E-02));
#10045 = CARTESIAN_POINT('',(0.599486403735,-0.61,0.100199999464));
#10046 = CARTESIAN_POINT('',(0.599517848393,-0.61,0.100799999284));
#10047 = CARTESIAN_POINT('',(0.59954929307,-0.61,0.101399999464));
#10048 = CARTESIAN_POINT('',(0.599612182405,-0.61,0.102599999464));
#10049 = CARTESIAN_POINT('',(0.599643627063,-0.61,0.103199999284));
#10050 = CARTESIAN_POINT('',(0.59967507174,-0.61,0.103799999464));
#10051 = CARTESIAN_POINT('',(0.599737961076,-0.61,0.104999999465));
#10052 = CARTESIAN_POINT('',(0.599769405734,-0.61,0.105599999285));
#10053 = CARTESIAN_POINT('',(0.599800850411,-0.61,0.106199999465));
#10054 = CARTESIAN_POINT('',(0.59987422128,-0.61,0.107599999045));
#10055 = CARTESIAN_POINT('',(0.599916147486,-0.61,0.108399998725));
#10056 = CARTESIAN_POINT('',(0.599958073726,-0.61,0.109199999043));
#10057 = CARTESIAN_POINT('',(0.6,-0.61,0.11));
#10058 = ORIENTED_EDGE('',*,*,#10059,.F.);
#10059 = EDGE_CURVE('',#9930,#9954,#10060,.T.);
#10060 = LINE('',#10061,#10062);
#10061 = CARTESIAN_POINT('',(0.6,-0.8,0.11));
#10062 = VECTOR('',#10063,1.);
#10063 = DIRECTION('',(-2.22044604925E-16,1.,0.));
#10064 = B_SPLINE_SURFACE_WITH_KNOTS('',1,1,(
    (#10065,#10066)
    ,(#10067,#10068
    )),.UNSPECIFIED.,.F.,.F.,.F.,(2,2),(2,2),(0.,1.6),(0.,1.),
  .PIECEWISE_BEZIER_KNOTS.);
#10065 = CARTESIAN_POINT('',(0.595807377657,-0.795807377657,3.E-02));
#10066 = CARTESIAN_POINT('',(0.6,-0.8,0.11));
#10067 = CARTESIAN_POINT('',(0.595807377657,0.795807377657,3.E-02));
#10068 = CARTESIAN_POINT('',(0.6,0.8,0.11));
#10069 = ADVANCED_FACE('',(#10070),#10109,.T.);
#10070 = FACE_BOUND('',#10071,.T.);
#10071 = EDGE_LOOP('',(#10072,#10073,#10079,#10080,#10086,#10087,#10088,
    #10089,#10096,#10104));
#10072 = ORIENTED_EDGE('',*,*,#10059,.T.);
#10073 = ORIENTED_EDGE('',*,*,#10074,.T.);
#10074 = EDGE_CURVE('',#9954,#9543,#10075,.T.);
#10075 = LINE('',#10076,#10077);
#10076 = CARTESIAN_POINT('',(0.6,-0.8,0.11));
#10077 = VECTOR('',#10078,1.);
#10078 = DIRECTION('',(-2.22044604925E-16,1.,0.));
#10079 = ORIENTED_EDGE('',*,*,#9755,.T.);
#10080 = ORIENTED_EDGE('',*,*,#10081,.T.);
#10081 = EDGE_CURVE('',#9650,#8698,#10082,.T.);
#10082 = LINE('',#10083,#10084);
#10083 = CARTESIAN_POINT('',(0.6,-0.8,0.11));
#10084 = VECTOR('',#10085,1.);
#10085 = DIRECTION('',(-2.22044604925E-16,1.,0.));
#10086 = ORIENTED_EDGE('',*,*,#8805,.T.);
#10087 = ORIENTED_EDGE('',*,*,#8657,.T.);
#10088 = ORIENTED_EDGE('',*,*,#8683,.T.);
#10089 = ORIENTED_EDGE('',*,*,#10090,.T.);
#10090 = EDGE_CURVE('',#8677,#10091,#10093,.T.);
#10091 = VERTEX_POINT('',#10092);
#10092 = CARTESIAN_POINT('',(0.572747954773,0.772747954773,0.63));
#10093 = B_SPLINE_CURVE_WITH_KNOTS('',1,(#10094,#10095),.UNSPECIFIED.,
  .F.,.F.,(2,2),(0.,1.),.PIECEWISE_BEZIER_KNOTS.);
#10094 = CARTESIAN_POINT('',(0.6,0.8,0.11));
#10095 = CARTESIAN_POINT('',(0.572747954773,0.772747954773,0.63));
#10096 = ORIENTED_EDGE('',*,*,#10097,.F.);
#10097 = EDGE_CURVE('',#10098,#10091,#10100,.T.);
#10098 = VERTEX_POINT('',#10099);
#10099 = CARTESIAN_POINT('',(0.572747954773,-0.772747954773,0.63));
#10100 = LINE('',#10101,#10102);
#10101 = CARTESIAN_POINT('',(0.572747954773,-0.772747954773,0.63));
#10102 = VECTOR('',#10103,1.);
#10103 = DIRECTION('',(-2.22044604925E-16,1.,0.));
#10104 = ORIENTED_EDGE('',*,*,#10105,.F.);
#10105 = EDGE_CURVE('',#9930,#10098,#10106,.T.);
#10106 = B_SPLINE_CURVE_WITH_KNOTS('',1,(#10107,#10108),.UNSPECIFIED.,
  .F.,.F.,(2,2),(0.,1.),.PIECEWISE_BEZIER_KNOTS.);
#10107 = CARTESIAN_POINT('',(0.6,-0.8,0.11));
#10108 = CARTESIAN_POINT('',(0.572747954773,-0.772747954773,0.63));
#10109 = B_SPLINE_SURFACE_WITH_KNOTS('',1,1,(
    (#10110,#10111)
    ,(#10112,#10113
    )),.UNSPECIFIED.,.F.,.F.,.F.,(2,2),(2,2),(0.,1.6),(0.,1.),
  .PIECEWISE_BEZIER_KNOTS.);
#10110 = CARTESIAN_POINT('',(0.6,-0.8,0.11));
#10111 = CARTESIAN_POINT('',(0.572747954773,-0.772747954773,0.63));
#10112 = CARTESIAN_POINT('',(0.6,0.8,0.11));
#10113 = CARTESIAN_POINT('',(0.572747954773,0.772747954773,0.63));
#10114 = ADVANCED_FACE('',(#10115),#10141,.T.);
#10115 = FACE_BOUND('',#10116,.T.);
#10116 = EDGE_LOOP('',(#10117,#10127,#10133,#10134,#10135));
#10117 = ORIENTED_EDGE('',*,*,#10118,.F.);
#10118 = EDGE_CURVE('',#10119,#10121,#10123,.T.);
#10119 = VERTEX_POINT('',#10120);
#10120 = CARTESIAN_POINT('',(0.8,0.11,0.));
#10121 = VERTEX_POINT('',#10122);
#10122 = CARTESIAN_POINT('',(0.8,0.11,0.11));
#10123 = LINE('',#10124,#10125);
#10124 = CARTESIAN_POINT('',(0.8,0.11,0.));
#10125 = VECTOR('',#10126,1.);
#10126 = DIRECTION('',(0.,0.,1.));
#10127 = ORIENTED_EDGE('',*,*,#10128,.F.);
#10128 = EDGE_CURVE('',#9489,#10119,#10129,.T.);
#10129 = LINE('',#10130,#10131);
#10130 = CARTESIAN_POINT('',(0.595807377657,0.11,0.));
#10131 = VECTOR('',#10132,1.);
#10132 = DIRECTION('',(1.,1.110223024625E-16,0.));
#10133 = ORIENTED_EDGE('',*,*,#9496,.T.);
#10134 = ORIENTED_EDGE('',*,*,#8697,.T.);
#10135 = ORIENTED_EDGE('',*,*,#10136,.T.);
#10136 = EDGE_CURVE('',#8698,#10121,#10137,.T.);
#10137 = LINE('',#10138,#10139);
#10138 = CARTESIAN_POINT('',(0.595807377657,0.11,0.11));
#10139 = VECTOR('',#10140,1.);
#10140 = DIRECTION('',(1.,1.110223024625E-16,0.));
#10141 = PLANE('',#10142);
#10142 = AXIS2_PLACEMENT_3D('',#10143,#10144,#10145);
#10143 = CARTESIAN_POINT('',(0.595807377657,0.11,0.));
#10144 = DIRECTION('',(-1.110223024625E-16,1.,0.));
#10145 = DIRECTION('',(0.,0.,1.));
#10146 = ADVANCED_FACE('',(#10147),#10191,.T.);
#10147 = FACE_BOUND('',#10148,.T.);
#10148 = EDGE_LOOP('',(#10149,#10150,#10156,#10157,#10163,#10164,#10170,
    #10171,#10178,#10186));
#10149 = ORIENTED_EDGE('',*,*,#8933,.T.);
#10150 = ORIENTED_EDGE('',*,*,#10151,.T.);
#10151 = EDGE_CURVE('',#8828,#8996,#10152,.T.);
#10152 = LINE('',#10153,#10154);
#10153 = CARTESIAN_POINT('',(-0.6,0.8,0.11));
#10154 = VECTOR('',#10155,1.);
#10155 = DIRECTION('',(2.22044604925E-16,-1.,0.));
#10156 = ORIENTED_EDGE('',*,*,#9208,.T.);
#10157 = ORIENTED_EDGE('',*,*,#10158,.T.);
#10158 = EDGE_CURVE('',#9103,#9254,#10159,.T.);
#10159 = LINE('',#10160,#10161);
#10160 = CARTESIAN_POINT('',(-0.6,0.8,0.11));
#10161 = VECTOR('',#10162,1.);
#10162 = DIRECTION('',(2.22044604925E-16,-1.,0.));
#10163 = ORIENTED_EDGE('',*,*,#9466,.T.);
#10164 = ORIENTED_EDGE('',*,*,#10165,.T.);
#10165 = EDGE_CURVE('',#9361,#9770,#10166,.T.);
#10166 = LINE('',#10167,#10168);
#10167 = CARTESIAN_POINT('',(-0.6,0.8,0.11));
#10168 = VECTOR('',#10169,1.);
#10169 = DIRECTION('',(2.22044604925E-16,-1.,0.));
#10170 = ORIENTED_EDGE('',*,*,#9883,.T.);
#10171 = ORIENTED_EDGE('',*,*,#10172,.T.);
#10172 = EDGE_CURVE('',#9877,#10173,#10175,.T.);
#10173 = VERTEX_POINT('',#10174);
#10174 = CARTESIAN_POINT('',(-0.572747954773,-0.772747954773,0.63));
#10175 = B_SPLINE_CURVE_WITH_KNOTS('',1,(#10176,#10177),.UNSPECIFIED.,
  .F.,.F.,(2,2),(0.,1.),.PIECEWISE_BEZIER_KNOTS.);
#10176 = CARTESIAN_POINT('',(-0.6,-0.8,0.11));
#10177 = CARTESIAN_POINT('',(-0.572747954773,-0.772747954773,0.63));
#10178 = ORIENTED_EDGE('',*,*,#10179,.F.);
#10179 = EDGE_CURVE('',#10180,#10173,#10182,.T.);
#10180 = VERTEX_POINT('',#10181);
#10181 = CARTESIAN_POINT('',(-0.572747954773,0.772747954773,0.63));
#10182 = LINE('',#10183,#10184);
#10183 = CARTESIAN_POINT('',(-0.572747954773,0.772747954773,0.63));
#10184 = VECTOR('',#10185,1.);
#10185 = DIRECTION('',(2.22044604925E-16,-1.,0.));
#10186 = ORIENTED_EDGE('',*,*,#10187,.F.);
#10187 = EDGE_CURVE('',#8820,#10180,#10188,.T.);
#10188 = B_SPLINE_CURVE_WITH_KNOTS('',1,(#10189,#10190),.UNSPECIFIED.,
  .F.,.F.,(2,2),(0.,1.),.PIECEWISE_BEZIER_KNOTS.);
#10189 = CARTESIAN_POINT('',(-0.6,0.8,0.11));
#10190 = CARTESIAN_POINT('',(-0.572747954773,0.772747954773,0.63));
#10191 = B_SPLINE_SURFACE_WITH_KNOTS('',1,1,(
    (#10192,#10193)
    ,(#10194,#10195
    )),.UNSPECIFIED.,.F.,.F.,.F.,(2,2),(2,2),(0.,1.6),(0.,1.),
  .PIECEWISE_BEZIER_KNOTS.);
#10192 = CARTESIAN_POINT('',(-0.6,0.8,0.11));
#10193 = CARTESIAN_POINT('',(-0.572747954773,0.772747954773,0.63));
#10194 = CARTESIAN_POINT('',(-0.6,-0.8,0.11));
#10195 = CARTESIAN_POINT('',(-0.572747954773,-0.772747954773,0.63));
#10196 = ADVANCED_FACE('',(#10197),#10223,.F.);
#10197 = FACE_BOUND('',#10198,.F.);
#10198 = EDGE_LOOP('',(#10199,#10209,#10215,#10216,#10217));
#10199 = ORIENTED_EDGE('',*,*,#10200,.F.);
#10200 = EDGE_CURVE('',#10201,#10203,#10205,.T.);
#10201 = VERTEX_POINT('',#10202);
#10202 = CARTESIAN_POINT('',(-0.8,0.61,0.));
#10203 = VERTEX_POINT('',#10204);
#10204 = CARTESIAN_POINT('',(-0.8,0.61,0.11));
#10205 = LINE('',#10206,#10207);
#10206 = CARTESIAN_POINT('',(-0.8,0.61,0.));
#10207 = VECTOR('',#10208,1.);
#10208 = DIRECTION('',(0.,0.,1.));
#10209 = ORIENTED_EDGE('',*,*,#10210,.F.);
#10210 = EDGE_CURVE('',#8965,#10201,#10211,.T.);
#10211 = LINE('',#10212,#10213);
#10212 = CARTESIAN_POINT('',(-0.595807377657,0.61,0.));
#10213 = VECTOR('',#10214,1.);
#10214 = DIRECTION('',(-1.,1.144237745222E-17,0.));
#10215 = ORIENTED_EDGE('',*,*,#8964,.T.);
#10216 = ORIENTED_EDGE('',*,*,#8827,.T.);
#10217 = ORIENTED_EDGE('',*,*,#10218,.T.);
#10218 = EDGE_CURVE('',#8828,#10203,#10219,.T.);
#10219 = LINE('',#10220,#10221);
#10220 = CARTESIAN_POINT('',(-0.595807377657,0.61,0.11));
#10221 = VECTOR('',#10222,1.);
#10222 = DIRECTION('',(-1.,1.144237745222E-17,0.));
#10223 = PLANE('',#10224);
#10224 = AXIS2_PLACEMENT_3D('',#10225,#10226,#10227);
#10225 = CARTESIAN_POINT('',(-0.595807377657,0.61,0.));
#10226 = DIRECTION('',(-1.144237745222E-17,-1.,0.));
#10227 = DIRECTION('',(0.,0.,1.));
#10228 = ADVANCED_FACE('',(#10229),#10240,.T.);
#10229 = FACE_BOUND('',#10230,.T.);
#10230 = EDGE_LOOP('',(#10231,#10232,#10233,#10239));
#10231 = ORIENTED_EDGE('',*,*,#8949,.T.);
#10232 = ORIENTED_EDGE('',*,*,#10187,.T.);
#10233 = ORIENTED_EDGE('',*,*,#10234,.F.);
#10234 = EDGE_CURVE('',#10091,#10180,#10235,.T.);
#10235 = LINE('',#10236,#10237);
#10236 = CARTESIAN_POINT('',(0.572747954773,0.772747954773,0.63));
#10237 = VECTOR('',#10238,1.);
#10238 = DIRECTION('',(-1.,-2.22044604925E-16,0.));
#10239 = ORIENTED_EDGE('',*,*,#10090,.F.);
#10240 = B_SPLINE_SURFACE_WITH_KNOTS('',1,1,(
    (#10241,#10242)
    ,(#10243,#10244
    )),.UNSPECIFIED.,.F.,.F.,.F.,(2,2),(2,2),(0.,1.2),(0.,1.),
  .PIECEWISE_BEZIER_KNOTS.);
#10241 = CARTESIAN_POINT('',(0.6,0.8,0.11));
#10242 = CARTESIAN_POINT('',(0.572747954773,0.772747954773,0.63));
#10243 = CARTESIAN_POINT('',(-0.6,0.8,0.11));
#10244 = CARTESIAN_POINT('',(-0.572747954773,0.772747954773,0.63));
#10245 = ADVANCED_FACE('',(#10246),#10272,.T.);
#10246 = FACE_BOUND('',#10247,.T.);
#10247 = EDGE_LOOP('',(#10248,#10258,#10264,#10265,#10266));
#10248 = ORIENTED_EDGE('',*,*,#10249,.F.);
#10249 = EDGE_CURVE('',#10250,#10252,#10254,.T.);
#10250 = VERTEX_POINT('',#10251);
#10251 = CARTESIAN_POINT('',(-0.8,0.39,0.));
#10252 = VERTEX_POINT('',#10253);
#10253 = CARTESIAN_POINT('',(-0.8,0.39,0.11));
#10254 = LINE('',#10255,#10256);
#10255 = CARTESIAN_POINT('',(-0.8,0.39,0.));
#10256 = VECTOR('',#10257,1.);
#10257 = DIRECTION('',(0.,0.,1.));
#10258 = ORIENTED_EDGE('',*,*,#10259,.F.);
#10259 = EDGE_CURVE('',#8973,#10250,#10260,.T.);
#10260 = LINE('',#10261,#10262);
#10261 = CARTESIAN_POINT('',(-0.595807377657,0.39,0.));
#10262 = VECTOR('',#10263,1.);
#10263 = DIRECTION('',(-1.,1.144237745222E-17,0.));
#10264 = ORIENTED_EDGE('',*,*,#8980,.T.);
#10265 = ORIENTED_EDGE('',*,*,#8995,.T.);
#10266 = ORIENTED_EDGE('',*,*,#10267,.T.);
#10267 = EDGE_CURVE('',#8996,#10252,#10268,.T.);
#10268 = LINE('',#10269,#10270);
#10269 = CARTESIAN_POINT('',(-0.595807377657,0.39,0.11));
#10270 = VECTOR('',#10271,1.);
#10271 = DIRECTION('',(-1.,1.144237745222E-17,0.));
#10272 = PLANE('',#10273);
#10273 = AXIS2_PLACEMENT_3D('',#10274,#10275,#10276);
#10274 = CARTESIAN_POINT('',(-0.595807377657,0.39,0.));
#10275 = DIRECTION('',(-1.144237745222E-17,-1.,0.));
#10276 = DIRECTION('',(0.,0.,1.));
#10277 = ADVANCED_FACE('',(#10278),#10289,.F.);
#10278 = FACE_BOUND('',#10279,.F.);
#10279 = EDGE_LOOP('',(#10280,#10281,#10282,#10288));
#10280 = ORIENTED_EDGE('',*,*,#8972,.F.);
#10281 = ORIENTED_EDGE('',*,*,#10210,.T.);
#10282 = ORIENTED_EDGE('',*,*,#10283,.T.);
#10283 = EDGE_CURVE('',#10201,#10250,#10284,.T.);
#10284 = LINE('',#10285,#10286);
#10285 = CARTESIAN_POINT('',(-0.8,0.61,0.));
#10286 = VECTOR('',#10287,1.);
#10287 = DIRECTION('',(-1.144237745222E-17,-1.,0.));
#10288 = ORIENTED_EDGE('',*,*,#10259,.F.);
#10289 = PLANE('',#10290);
#10290 = AXIS2_PLACEMENT_3D('',#10291,#10292,#10293);
#10291 = CARTESIAN_POINT('',(-0.595807377657,0.61,0.));
#10292 = DIRECTION('',(0.,0.,1.));
#10293 = DIRECTION('',(-1.,1.144237745222E-17,0.));
#10294 = ADVANCED_FACE('',(#10295),#10321,.F.);
#10295 = FACE_BOUND('',#10296,.F.);
#10296 = EDGE_LOOP('',(#10297,#10307,#10313,#10314,#10315));
#10297 = ORIENTED_EDGE('',*,*,#10298,.F.);
#10298 = EDGE_CURVE('',#10299,#10301,#10303,.T.);
#10299 = VERTEX_POINT('',#10300);
#10300 = CARTESIAN_POINT('',(-0.8,0.11,0.));
#10301 = VERTEX_POINT('',#10302);
#10302 = CARTESIAN_POINT('',(-0.8,0.11,0.11));
#10303 = LINE('',#10304,#10305);
#10304 = CARTESIAN_POINT('',(-0.8,0.11,0.));
#10305 = VECTOR('',#10306,1.);
#10306 = DIRECTION('',(0.,0.,1.));
#10307 = ORIENTED_EDGE('',*,*,#10308,.F.);
#10308 = EDGE_CURVE('',#9223,#10299,#10309,.T.);
#10309 = LINE('',#10310,#10311);
#10310 = CARTESIAN_POINT('',(-0.595807377657,0.11,0.));
#10311 = VECTOR('',#10312,1.);
#10312 = DIRECTION('',(-1.,1.144237745222E-17,0.));
#10313 = ORIENTED_EDGE('',*,*,#9222,.T.);
#10314 = ORIENTED_EDGE('',*,*,#9102,.T.);
#10315 = ORIENTED_EDGE('',*,*,#10316,.T.);
#10316 = EDGE_CURVE('',#9103,#10301,#10317,.T.);
#10317 = LINE('',#10318,#10319);
#10318 = CARTESIAN_POINT('',(-0.595807377657,0.11,0.11));
#10319 = VECTOR('',#10320,1.);
#10320 = DIRECTION('',(-1.,1.144237745222E-17,0.));
#10321 = PLANE('',#10322);
#10322 = AXIS2_PLACEMENT_3D('',#10323,#10324,#10325);
#10323 = CARTESIAN_POINT('',(-0.595807377657,0.11,0.));
#10324 = DIRECTION('',(-1.144237745222E-17,-1.,0.));
#10325 = DIRECTION('',(0.,0.,1.));
#10326 = ADVANCED_FACE('',(#10327),#10353,.T.);
#10327 = FACE_BOUND('',#10328,.T.);
#10328 = EDGE_LOOP('',(#10329,#10339,#10345,#10346,#10347));
#10329 = ORIENTED_EDGE('',*,*,#10330,.F.);
#10330 = EDGE_CURVE('',#10331,#10333,#10335,.T.);
#10331 = VERTEX_POINT('',#10332);
#10332 = CARTESIAN_POINT('',(-0.8,-0.11,0.));
#10333 = VERTEX_POINT('',#10334);
#10334 = CARTESIAN_POINT('',(-0.8,-0.11,0.11));
#10335 = LINE('',#10336,#10337);
#10336 = CARTESIAN_POINT('',(-0.8,-0.11,0.));
#10337 = VECTOR('',#10338,1.);
#10338 = DIRECTION('',(0.,0.,1.));
#10339 = ORIENTED_EDGE('',*,*,#10340,.F.);
#10340 = EDGE_CURVE('',#9231,#10331,#10341,.T.);
#10341 = LINE('',#10342,#10343);
#10342 = CARTESIAN_POINT('',(-0.595807377657,-0.11,0.));
#10343 = VECTOR('',#10344,1.);
#10344 = DIRECTION('',(-1.,1.144237745222E-17,0.));
#10345 = ORIENTED_EDGE('',*,*,#9238,.T.);
#10346 = ORIENTED_EDGE('',*,*,#9253,.T.);
#10347 = ORIENTED_EDGE('',*,*,#10348,.T.);
#10348 = EDGE_CURVE('',#9254,#10333,#10349,.T.);
#10349 = LINE('',#10350,#10351);
#10350 = CARTESIAN_POINT('',(-0.595807377657,-0.11,0.11));
#10351 = VECTOR('',#10352,1.);
#10352 = DIRECTION('',(-1.,1.144237745222E-17,0.));
#10353 = PLANE('',#10354);
#10354 = AXIS2_PLACEMENT_3D('',#10355,#10356,#10357);
#10355 = CARTESIAN_POINT('',(-0.595807377657,-0.11,0.));
#10356 = DIRECTION('',(-1.144237745222E-17,-1.,0.));
#10357 = DIRECTION('',(0.,0.,1.));
#10358 = ADVANCED_FACE('',(#10359),#10370,.F.);
#10359 = FACE_BOUND('',#10360,.F.);
#10360 = EDGE_LOOP('',(#10361,#10362,#10363,#10369));
#10361 = ORIENTED_EDGE('',*,*,#9230,.F.);
#10362 = ORIENTED_EDGE('',*,*,#10308,.T.);
#10363 = ORIENTED_EDGE('',*,*,#10364,.T.);
#10364 = EDGE_CURVE('',#10299,#10331,#10365,.T.);
#10365 = LINE('',#10366,#10367);
#10366 = CARTESIAN_POINT('',(-0.8,0.11,0.));
#10367 = VECTOR('',#10368,1.);
#10368 = DIRECTION('',(-1.144237745222E-17,-1.,0.));
#10369 = ORIENTED_EDGE('',*,*,#10340,.F.);
#10370 = PLANE('',#10371);
#10371 = AXIS2_PLACEMENT_3D('',#10372,#10373,#10374);
#10372 = CARTESIAN_POINT('',(-0.595807377657,0.11,0.));
#10373 = DIRECTION('',(0.,0.,1.));
#10374 = DIRECTION('',(-1.,1.144237745222E-17,0.));
#10375 = ADVANCED_FACE('',(#10376),#10402,.F.);
#10376 = FACE_BOUND('',#10377,.F.);
#10377 = EDGE_LOOP('',(#10378,#10388,#10394,#10395,#10396));
#10378 = ORIENTED_EDGE('',*,*,#10379,.F.);
#10379 = EDGE_CURVE('',#10380,#10382,#10384,.T.);
#10380 = VERTEX_POINT('',#10381);
#10381 = CARTESIAN_POINT('',(-0.8,-0.39,0.));
#10382 = VERTEX_POINT('',#10383);
#10383 = CARTESIAN_POINT('',(-0.8,-0.39,0.11));
#10384 = LINE('',#10385,#10386);
#10385 = CARTESIAN_POINT('',(-0.8,-0.39,0.));
#10386 = VECTOR('',#10387,1.);
#10387 = DIRECTION('',(0.,0.,1.));
#10388 = ORIENTED_EDGE('',*,*,#10389,.F.);
#10389 = EDGE_CURVE('',#9512,#10380,#10390,.T.);
#10390 = LINE('',#10391,#10392);
#10391 = CARTESIAN_POINT('',(-0.595807377657,-0.39,0.));
#10392 = VECTOR('',#10393,1.);
#10393 = DIRECTION('',(-1.,1.144237745222E-17,0.));
#10394 = ORIENTED_EDGE('',*,*,#9511,.T.);
#10395 = ORIENTED_EDGE('',*,*,#9360,.T.);
#10396 = ORIENTED_EDGE('',*,*,#10397,.T.);
#10397 = EDGE_CURVE('',#9361,#10382,#10398,.T.);
#10398 = LINE('',#10399,#10400);
#10399 = CARTESIAN_POINT('',(-0.595807377657,-0.39,0.11));
#10400 = VECTOR('',#10401,1.);
#10401 = DIRECTION('',(-1.,1.144237745222E-17,0.));
#10402 = PLANE('',#10403);
#10403 = AXIS2_PLACEMENT_3D('',#10404,#10405,#10406);
#10404 = CARTESIAN_POINT('',(-0.595807377657,-0.39,0.));
#10405 = DIRECTION('',(-1.144237745222E-17,-1.,0.));
#10406 = DIRECTION('',(0.,0.,1.));
#10407 = ADVANCED_FACE('',(#10408),#10434,.F.);
#10408 = FACE_BOUND('',#10409,.F.);
#10409 = EDGE_LOOP('',(#10410,#10420,#10426,#10427,#10428));
#10410 = ORIENTED_EDGE('',*,*,#10411,.F.);
#10411 = EDGE_CURVE('',#10412,#10414,#10416,.T.);
#10412 = VERTEX_POINT('',#10413);
#10413 = CARTESIAN_POINT('',(0.8,-0.11,0.));
#10414 = VERTEX_POINT('',#10415);
#10415 = CARTESIAN_POINT('',(0.8,-0.11,0.11));
#10416 = LINE('',#10417,#10418);
#10417 = CARTESIAN_POINT('',(0.8,-0.11,0.));
#10418 = VECTOR('',#10419,1.);
#10419 = DIRECTION('',(0.,0.,1.));
#10420 = ORIENTED_EDGE('',*,*,#10421,.F.);
#10421 = EDGE_CURVE('',#9481,#10412,#10422,.T.);
#10422 = LINE('',#10423,#10424);
#10423 = CARTESIAN_POINT('',(0.595807377657,-0.11,0.));
#10424 = VECTOR('',#10425,1.);
#10425 = DIRECTION('',(1.,1.110223024625E-16,0.));
#10426 = ORIENTED_EDGE('',*,*,#9480,.T.);
#10427 = ORIENTED_EDGE('',*,*,#9649,.T.);
#10428 = ORIENTED_EDGE('',*,*,#10429,.T.);
#10429 = EDGE_CURVE('',#9650,#10414,#10430,.T.);
#10430 = LINE('',#10431,#10432);
#10431 = CARTESIAN_POINT('',(0.595807377657,-0.11,0.11));
#10432 = VECTOR('',#10433,1.);
#10433 = DIRECTION('',(1.,1.110223024625E-16,0.));
#10434 = PLANE('',#10435);
#10435 = AXIS2_PLACEMENT_3D('',#10436,#10437,#10438);
#10436 = CARTESIAN_POINT('',(0.595807377657,-0.11,0.));
#10437 = DIRECTION('',(-1.110223024625E-16,1.,0.));
#10438 = DIRECTION('',(0.,0.,1.));
#10439 = ADVANCED_FACE('',(#10440),#10451,.F.);
#10440 = FACE_BOUND('',#10441,.F.);
#10441 = EDGE_LOOP('',(#10442,#10443,#10444,#10450));
#10442 = ORIENTED_EDGE('',*,*,#9488,.F.);
#10443 = ORIENTED_EDGE('',*,*,#10421,.T.);
#10444 = ORIENTED_EDGE('',*,*,#10445,.T.);
#10445 = EDGE_CURVE('',#10412,#10119,#10446,.T.);
#10446 = LINE('',#10447,#10448);
#10447 = CARTESIAN_POINT('',(0.8,-0.11,0.));
#10448 = VECTOR('',#10449,1.);
#10449 = DIRECTION('',(-1.110223024625E-16,1.,0.));
#10450 = ORIENTED_EDGE('',*,*,#10128,.F.);
#10451 = PLANE('',#10452);
#10452 = AXIS2_PLACEMENT_3D('',#10453,#10454,#10455);
#10453 = CARTESIAN_POINT('',(0.595807377657,-0.11,0.));
#10454 = DIRECTION('',(0.,0.,1.));
#10455 = DIRECTION('',(1.,1.110223024625E-16,-0.));
#10456 = ADVANCED_FACE('',(#10457),#10483,.T.);
#10457 = FACE_BOUND('',#10458,.T.);
#10458 = EDGE_LOOP('',(#10459,#10469,#10475,#10476,#10477));
#10459 = ORIENTED_EDGE('',*,*,#10460,.F.);
#10460 = EDGE_CURVE('',#10461,#10463,#10465,.T.);
#10461 = VERTEX_POINT('',#10462);
#10462 = CARTESIAN_POINT('',(-0.8,-0.61,0.));
#10463 = VERTEX_POINT('',#10464);
#10464 = CARTESIAN_POINT('',(-0.8,-0.61,0.11));
#10465 = LINE('',#10466,#10467);
#10466 = CARTESIAN_POINT('',(-0.8,-0.61,0.));
#10467 = VECTOR('',#10468,1.);
#10468 = DIRECTION('',(0.,0.,1.));
#10469 = ORIENTED_EDGE('',*,*,#10470,.F.);
#10470 = EDGE_CURVE('',#9520,#10461,#10471,.T.);
#10471 = LINE('',#10472,#10473);
#10472 = CARTESIAN_POINT('',(-0.595807377657,-0.61,0.));
#10473 = VECTOR('',#10474,1.);
#10474 = DIRECTION('',(-1.,1.144237745222E-17,0.));
#10475 = ORIENTED_EDGE('',*,*,#9527,.T.);
#10476 = ORIENTED_EDGE('',*,*,#9769,.T.);
#10477 = ORIENTED_EDGE('',*,*,#10478,.T.);
#10478 = EDGE_CURVE('',#9770,#10463,#10479,.T.);
#10479 = LINE('',#10480,#10481);
#10480 = CARTESIAN_POINT('',(-0.595807377657,-0.61,0.11));
#10481 = VECTOR('',#10482,1.);
#10482 = DIRECTION('',(-1.,1.144237745222E-17,0.));
#10483 = PLANE('',#10484);
#10484 = AXIS2_PLACEMENT_3D('',#10485,#10486,#10487);
#10485 = CARTESIAN_POINT('',(-0.595807377657,-0.61,0.));
#10486 = DIRECTION('',(-1.144237745222E-17,-1.,0.));
#10487 = DIRECTION('',(0.,0.,1.));
#10488 = ADVANCED_FACE('',(#10489),#10500,.F.);
#10489 = FACE_BOUND('',#10490,.F.);
#10490 = EDGE_LOOP('',(#10491,#10492,#10493,#10499));
#10491 = ORIENTED_EDGE('',*,*,#9519,.F.);
#10492 = ORIENTED_EDGE('',*,*,#10389,.T.);
#10493 = ORIENTED_EDGE('',*,*,#10494,.T.);
#10494 = EDGE_CURVE('',#10380,#10461,#10495,.T.);
#10495 = LINE('',#10496,#10497);
#10496 = CARTESIAN_POINT('',(-0.8,-0.39,0.));
#10497 = VECTOR('',#10498,1.);
#10498 = DIRECTION('',(-1.144237745222E-17,-1.,0.));
#10499 = ORIENTED_EDGE('',*,*,#10470,.F.);
#10500 = PLANE('',#10501);
#10501 = AXIS2_PLACEMENT_3D('',#10502,#10503,#10504);
#10502 = CARTESIAN_POINT('',(-0.595807377657,-0.39,0.));
#10503 = DIRECTION('',(0.,0.,1.));
#10504 = DIRECTION('',(-1.,1.144237745222E-17,0.));
#10505 = ADVANCED_FACE('',(#10506),#10532,.T.);
#10506 = FACE_BOUND('',#10507,.T.);
#10507 = EDGE_LOOP('',(#10508,#10518,#10524,#10525,#10526));
#10508 = ORIENTED_EDGE('',*,*,#10509,.F.);
#10509 = EDGE_CURVE('',#10510,#10512,#10514,.T.);
#10510 = VERTEX_POINT('',#10511);
#10511 = CARTESIAN_POINT('',(0.8,-0.39,0.));
#10512 = VERTEX_POINT('',#10513);
#10513 = CARTESIAN_POINT('',(0.8,-0.39,0.11));
#10514 = LINE('',#10515,#10516);
#10515 = CARTESIAN_POINT('',(0.8,-0.39,0.));
#10516 = VECTOR('',#10517,1.);
#10517 = DIRECTION('',(0.,0.,1.));
#10518 = ORIENTED_EDGE('',*,*,#10519,.F.);
#10519 = EDGE_CURVE('',#9906,#10510,#10520,.T.);
#10520 = LINE('',#10521,#10522);
#10521 = CARTESIAN_POINT('',(0.595807377657,-0.39,0.));
#10522 = VECTOR('',#10523,1.);
#10523 = DIRECTION('',(1.,1.110223024625E-16,0.));
#10524 = ORIENTED_EDGE('',*,*,#9913,.T.);
#10525 = ORIENTED_EDGE('',*,*,#9542,.T.);
#10526 = ORIENTED_EDGE('',*,*,#10527,.T.);
#10527 = EDGE_CURVE('',#9543,#10512,#10528,.T.);
#10528 = LINE('',#10529,#10530);
#10529 = CARTESIAN_POINT('',(0.595807377657,-0.39,0.11));
#10530 = VECTOR('',#10531,1.);
#10531 = DIRECTION('',(1.,1.110223024625E-16,0.));
#10532 = PLANE('',#10533);
#10533 = AXIS2_PLACEMENT_3D('',#10534,#10535,#10536);
#10534 = CARTESIAN_POINT('',(0.595807377657,-0.39,0.));
#10535 = DIRECTION('',(-1.110223024625E-16,1.,0.));
#10536 = DIRECTION('',(0.,0.,1.));
#10537 = ADVANCED_FACE('',(#10538),#10564,.F.);
#10538 = FACE_BOUND('',#10539,.F.);
#10539 = EDGE_LOOP('',(#10540,#10550,#10556,#10557,#10558));
#10540 = ORIENTED_EDGE('',*,*,#10541,.F.);
#10541 = EDGE_CURVE('',#10542,#10544,#10546,.T.);
#10542 = VERTEX_POINT('',#10543);
#10543 = CARTESIAN_POINT('',(0.8,-0.61,0.));
#10544 = VERTEX_POINT('',#10545);
#10545 = CARTESIAN_POINT('',(0.8,-0.61,0.11));
#10546 = LINE('',#10547,#10548);
#10547 = CARTESIAN_POINT('',(0.8,-0.61,0.));
#10548 = VECTOR('',#10549,1.);
#10549 = DIRECTION('',(0.,0.,1.));
#10550 = ORIENTED_EDGE('',*,*,#10551,.F.);
#10551 = EDGE_CURVE('',#9898,#10542,#10552,.T.);
#10552 = LINE('',#10553,#10554);
#10553 = CARTESIAN_POINT('',(0.595807377657,-0.61,0.));
#10554 = VECTOR('',#10555,1.);
#10555 = DIRECTION('',(1.,1.110223024625E-16,0.));
#10556 = ORIENTED_EDGE('',*,*,#9897,.T.);
#10557 = ORIENTED_EDGE('',*,*,#9953,.T.);
#10558 = ORIENTED_EDGE('',*,*,#10559,.T.);
#10559 = EDGE_CURVE('',#9954,#10544,#10560,.T.);
#10560 = LINE('',#10561,#10562);
#10561 = CARTESIAN_POINT('',(0.595807377657,-0.61,0.11));
#10562 = VECTOR('',#10563,1.);
#10563 = DIRECTION('',(1.,1.110223024625E-16,0.));
#10564 = PLANE('',#10565);
#10565 = AXIS2_PLACEMENT_3D('',#10566,#10567,#10568);
#10566 = CARTESIAN_POINT('',(0.595807377657,-0.61,0.));
#10567 = DIRECTION('',(-1.110223024625E-16,1.,0.));
#10568 = DIRECTION('',(0.,0.,1.));
#10569 = ADVANCED_FACE('',(#10570),#10581,.F.);
#10570 = FACE_BOUND('',#10571,.F.);
#10571 = EDGE_LOOP('',(#10572,#10573,#10574,#10580));
#10572 = ORIENTED_EDGE('',*,*,#9905,.F.);
#10573 = ORIENTED_EDGE('',*,*,#10551,.T.);
#10574 = ORIENTED_EDGE('',*,*,#10575,.T.);
#10575 = EDGE_CURVE('',#10542,#10510,#10576,.T.);
#10576 = LINE('',#10577,#10578);
#10577 = CARTESIAN_POINT('',(0.8,-0.61,0.));
#10578 = VECTOR('',#10579,1.);
#10579 = DIRECTION('',(-1.110223024625E-16,1.,0.));
#10580 = ORIENTED_EDGE('',*,*,#10519,.F.);
#10581 = PLANE('',#10582);
#10582 = AXIS2_PLACEMENT_3D('',#10583,#10584,#10585);
#10583 = CARTESIAN_POINT('',(0.595807377657,-0.61,0.));
#10584 = DIRECTION('',(0.,0.,1.));
#10585 = DIRECTION('',(1.,1.110223024625E-16,-0.));
#10586 = ADVANCED_FACE('',(#10587),#10598,.T.);
#10587 = FACE_BOUND('',#10588,.T.);
#10588 = EDGE_LOOP('',(#10589,#10590,#10591,#10597));
#10589 = ORIENTED_EDGE('',*,*,#9936,.T.);
#10590 = ORIENTED_EDGE('',*,*,#10105,.T.);
#10591 = ORIENTED_EDGE('',*,*,#10592,.F.);
#10592 = EDGE_CURVE('',#10173,#10098,#10593,.T.);
#10593 = LINE('',#10594,#10595);
#10594 = CARTESIAN_POINT('',(-0.572747954773,-0.772747954773,0.63));
#10595 = VECTOR('',#10596,1.);
#10596 = DIRECTION('',(1.,2.22044604925E-16,0.));
#10597 = ORIENTED_EDGE('',*,*,#10172,.F.);
#10598 = B_SPLINE_SURFACE_WITH_KNOTS('',1,1,(
    (#10599,#10600)
    ,(#10601,#10602
    )),.UNSPECIFIED.,.F.,.F.,.F.,(2,2),(2,2),(0.,1.2),(0.,1.),
  .PIECEWISE_BEZIER_KNOTS.);
#10599 = CARTESIAN_POINT('',(-0.6,-0.8,0.11));
#10600 = CARTESIAN_POINT('',(-0.572747954773,-0.772747954773,0.63));
#10601 = CARTESIAN_POINT('',(0.6,-0.8,0.11));
#10602 = CARTESIAN_POINT('',(0.572747954773,-0.772747954773,0.63));
#10603 = ADVANCED_FACE('',(#10604),#10615,.T.);
#10604 = FACE_BOUND('',#10605,.T.);
#10605 = EDGE_LOOP('',(#10606,#10607,#10608,#10614));
#10606 = ORIENTED_EDGE('',*,*,#10074,.F.);
#10607 = ORIENTED_EDGE('',*,*,#10559,.T.);
#10608 = ORIENTED_EDGE('',*,*,#10609,.T.);
#10609 = EDGE_CURVE('',#10544,#10512,#10610,.T.);
#10610 = LINE('',#10611,#10612);
#10611 = CARTESIAN_POINT('',(0.8,-0.61,0.11));
#10612 = VECTOR('',#10613,1.);
#10613 = DIRECTION('',(-1.110223024625E-16,1.,0.));
#10614 = ORIENTED_EDGE('',*,*,#10527,.F.);
#10615 = PLANE('',#10616);
#10616 = AXIS2_PLACEMENT_3D('',#10617,#10618,#10619);
#10617 = CARTESIAN_POINT('',(0.595807377657,-0.61,0.11));
#10618 = DIRECTION('',(0.,0.,1.));
#10619 = DIRECTION('',(1.,1.110223024625E-16,-0.));
#10620 = ADVANCED_FACE('',(#10621,#10627),#10638,.F.);
#10621 = FACE_BOUND('',#10622,.F.);
#10622 = EDGE_LOOP('',(#10623,#10624,#10625,#10626));
#10623 = ORIENTED_EDGE('',*,*,#10179,.F.);
#10624 = ORIENTED_EDGE('',*,*,#10234,.F.);
#10625 = ORIENTED_EDGE('',*,*,#10097,.F.);
#10626 = ORIENTED_EDGE('',*,*,#10592,.F.);
#10627 = FACE_BOUND('',#10628,.F.);
#10628 = EDGE_LOOP('',(#10629));
#10629 = ORIENTED_EDGE('',*,*,#10630,.T.);
#10630 = EDGE_CURVE('',#10631,#10631,#10633,.T.);
#10631 = VERTEX_POINT('',#10632);
#10632 = CARTESIAN_POINT('',(-0.222747954773,0.297747954773,0.63));
#10633 = CIRCLE('',#10634,0.125);
#10634 = AXIS2_PLACEMENT_3D('',#10635,#10636,#10637);
#10635 = CARTESIAN_POINT('',(-0.222747954773,0.422747954773,0.63));
#10636 = DIRECTION('',(-0.,0.,1.));
#10637 = DIRECTION('',(2.22044604925E-16,-1.,0.));
#10638 = PLANE('',#10639);
#10639 = AXIS2_PLACEMENT_3D('',#10640,#10641,#10642);
#10640 = CARTESIAN_POINT('',(-0.572747954773,0.772747954773,0.63));
#10641 = DIRECTION('',(0.,0.,-1.));
#10642 = DIRECTION('',(0.595457154844,-0.803387065333,0.));
#10643 = ADVANCED_FACE('',(#10644),#10655,.T.);
#10644 = FACE_BOUND('',#10645,.T.);
#10645 = EDGE_LOOP('',(#10646,#10647,#10648,#10654));
#10646 = ORIENTED_EDGE('',*,*,#10081,.F.);
#10647 = ORIENTED_EDGE('',*,*,#10429,.T.);
#10648 = ORIENTED_EDGE('',*,*,#10649,.T.);
#10649 = EDGE_CURVE('',#10414,#10121,#10650,.T.);
#10650 = LINE('',#10651,#10652);
#10651 = CARTESIAN_POINT('',(0.8,-0.11,0.11));
#10652 = VECTOR('',#10653,1.);
#10653 = DIRECTION('',(-1.110223024625E-16,1.,0.));
#10654 = ORIENTED_EDGE('',*,*,#10136,.F.);
#10655 = PLANE('',#10656);
#10656 = AXIS2_PLACEMENT_3D('',#10657,#10658,#10659);
#10657 = CARTESIAN_POINT('',(0.595807377657,-0.11,0.11));
#10658 = DIRECTION('',(0.,0.,1.));
#10659 = DIRECTION('',(1.,1.110223024625E-16,-0.));
#10660 = ADVANCED_FACE('',(#10661),#10667,.T.);
#10661 = FACE_BOUND('',#10662,.T.);
#10662 = EDGE_LOOP('',(#10663,#10664,#10665,#10666));
#10663 = ORIENTED_EDGE('',*,*,#10411,.F.);
#10664 = ORIENTED_EDGE('',*,*,#10445,.T.);
#10665 = ORIENTED_EDGE('',*,*,#10118,.T.);
#10666 = ORIENTED_EDGE('',*,*,#10649,.F.);
#10667 = PLANE('',#10668);
#10668 = AXIS2_PLACEMENT_3D('',#10669,#10670,#10671);
#10669 = CARTESIAN_POINT('',(0.8,-0.11,0.));
#10670 = DIRECTION('',(1.,1.110223024625E-16,0.));
#10671 = DIRECTION('',(0.,-0.,1.));
#10672 = ADVANCED_FACE('',(#10673),#10684,.T.);
#10673 = FACE_BOUND('',#10674,.T.);
#10674 = EDGE_LOOP('',(#10675,#10676,#10677,#10683));
#10675 = ORIENTED_EDGE('',*,*,#10151,.F.);
#10676 = ORIENTED_EDGE('',*,*,#10218,.T.);
#10677 = ORIENTED_EDGE('',*,*,#10678,.T.);
#10678 = EDGE_CURVE('',#10203,#10252,#10679,.T.);
#10679 = LINE('',#10680,#10681);
#10680 = CARTESIAN_POINT('',(-0.8,0.61,0.11));
#10681 = VECTOR('',#10682,1.);
#10682 = DIRECTION('',(-1.144237745222E-17,-1.,0.));
#10683 = ORIENTED_EDGE('',*,*,#10267,.F.);
#10684 = PLANE('',#10685);
#10685 = AXIS2_PLACEMENT_3D('',#10686,#10687,#10688);
#10686 = CARTESIAN_POINT('',(-0.595807377657,0.61,0.11));
#10687 = DIRECTION('',(0.,0.,1.));
#10688 = DIRECTION('',(-1.,1.144237745222E-17,0.));
#10689 = ADVANCED_FACE('',(#10690),#10701,.T.);
#10690 = FACE_BOUND('',#10691,.T.);
#10691 = EDGE_LOOP('',(#10692,#10693,#10694,#10700));
#10692 = ORIENTED_EDGE('',*,*,#10158,.F.);
#10693 = ORIENTED_EDGE('',*,*,#10316,.T.);
#10694 = ORIENTED_EDGE('',*,*,#10695,.T.);
#10695 = EDGE_CURVE('',#10301,#10333,#10696,.T.);
#10696 = LINE('',#10697,#10698);
#10697 = CARTESIAN_POINT('',(-0.8,0.11,0.11));
#10698 = VECTOR('',#10699,1.);
#10699 = DIRECTION('',(-1.144237745222E-17,-1.,0.));
#10700 = ORIENTED_EDGE('',*,*,#10348,.F.);
#10701 = PLANE('',#10702);
#10702 = AXIS2_PLACEMENT_3D('',#10703,#10704,#10705);
#10703 = CARTESIAN_POINT('',(-0.595807377657,0.11,0.11));
#10704 = DIRECTION('',(0.,0.,1.));
#10705 = DIRECTION('',(-1.,1.144237745222E-17,0.));
#10706 = ADVANCED_FACE('',(#10707),#10718,.T.);
#10707 = FACE_BOUND('',#10708,.T.);
#10708 = EDGE_LOOP('',(#10709,#10710,#10711,#10717));
#10709 = ORIENTED_EDGE('',*,*,#10165,.F.);
#10710 = ORIENTED_EDGE('',*,*,#10397,.T.);
#10711 = ORIENTED_EDGE('',*,*,#10712,.T.);
#10712 = EDGE_CURVE('',#10382,#10463,#10713,.T.);
#10713 = LINE('',#10714,#10715);
#10714 = CARTESIAN_POINT('',(-0.8,-0.39,0.11));
#10715 = VECTOR('',#10716,1.);
#10716 = DIRECTION('',(-1.144237745222E-17,-1.,0.));
#10717 = ORIENTED_EDGE('',*,*,#10478,.F.);
#10718 = PLANE('',#10719);
#10719 = AXIS2_PLACEMENT_3D('',#10720,#10721,#10722);
#10720 = CARTESIAN_POINT('',(-0.595807377657,-0.39,0.11));
#10721 = DIRECTION('',(0.,0.,1.));
#10722 = DIRECTION('',(-1.,1.144237745222E-17,0.));
#10723 = ADVANCED_FACE('',(#10724),#10730,.T.);
#10724 = FACE_BOUND('',#10725,.T.);
#10725 = EDGE_LOOP('',(#10726,#10727,#10728,#10729));
#10726 = ORIENTED_EDGE('',*,*,#10200,.F.);
#10727 = ORIENTED_EDGE('',*,*,#10283,.T.);
#10728 = ORIENTED_EDGE('',*,*,#10249,.T.);
#10729 = ORIENTED_EDGE('',*,*,#10678,.F.);
#10730 = PLANE('',#10731);
#10731 = AXIS2_PLACEMENT_3D('',#10732,#10733,#10734);
#10732 = CARTESIAN_POINT('',(-0.8,0.61,0.));
#10733 = DIRECTION('',(-1.,1.144237745222E-17,0.));
#10734 = DIRECTION('',(0.,0.,1.));
#10735 = ADVANCED_FACE('',(#10736),#10742,.T.);
#10736 = FACE_BOUND('',#10737,.T.);
#10737 = EDGE_LOOP('',(#10738,#10739,#10740,#10741));
#10738 = ORIENTED_EDGE('',*,*,#10298,.F.);
#10739 = ORIENTED_EDGE('',*,*,#10364,.T.);
#10740 = ORIENTED_EDGE('',*,*,#10330,.T.);
#10741 = ORIENTED_EDGE('',*,*,#10695,.F.);
#10742 = PLANE('',#10743);
#10743 = AXIS2_PLACEMENT_3D('',#10744,#10745,#10746);
#10744 = CARTESIAN_POINT('',(-0.8,0.11,0.));
#10745 = DIRECTION('',(-1.,1.144237745222E-17,0.));
#10746 = DIRECTION('',(0.,0.,1.));
#10747 = ADVANCED_FACE('',(#10748),#10754,.T.);
#10748 = FACE_BOUND('',#10749,.T.);
#10749 = EDGE_LOOP('',(#10750,#10751,#10752,#10753));
#10750 = ORIENTED_EDGE('',*,*,#10379,.F.);
#10751 = ORIENTED_EDGE('',*,*,#10494,.T.);
#10752 = ORIENTED_EDGE('',*,*,#10460,.T.);
#10753 = ORIENTED_EDGE('',*,*,#10712,.F.);
#10754 = PLANE('',#10755);
#10755 = AXIS2_PLACEMENT_3D('',#10756,#10757,#10758);
#10756 = CARTESIAN_POINT('',(-0.8,-0.39,0.));
#10757 = DIRECTION('',(-1.,1.144237745222E-17,0.));
#10758 = DIRECTION('',(0.,0.,1.));
#10759 = ADVANCED_FACE('',(#10760),#10766,.T.);
#10760 = FACE_BOUND('',#10761,.T.);
#10761 = EDGE_LOOP('',(#10762,#10763,#10764,#10765));
#10762 = ORIENTED_EDGE('',*,*,#10541,.F.);
#10763 = ORIENTED_EDGE('',*,*,#10575,.T.);
#10764 = ORIENTED_EDGE('',*,*,#10509,.T.);
#10765 = ORIENTED_EDGE('',*,*,#10609,.F.);
#10766 = PLANE('',#10767);
#10767 = AXIS2_PLACEMENT_3D('',#10768,#10769,#10770);
#10768 = CARTESIAN_POINT('',(0.8,-0.61,0.));
#10769 = DIRECTION('',(1.,1.110223024625E-16,0.));
#10770 = DIRECTION('',(0.,-0.,1.));
#10771 = ADVANCED_FACE('',(#10772),#10791,.F.);
#10772 = FACE_BOUND('',#10773,.F.);
#10773 = EDGE_LOOP('',(#10774,#10783,#10789,#10790));
#10774 = ORIENTED_EDGE('',*,*,#10775,.T.);
#10775 = EDGE_CURVE('',#10776,#10776,#10778,.T.);
#10776 = VERTEX_POINT('',#10777);
#10777 = CARTESIAN_POINT('',(-0.222747954773,0.297747954773,0.6));
#10778 = CIRCLE('',#10779,0.125);
#10779 = AXIS2_PLACEMENT_3D('',#10780,#10781,#10782);
#10780 = CARTESIAN_POINT('',(-0.222747954773,0.422747954773,0.6));
#10781 = DIRECTION('',(-0.,0.,1.));
#10782 = DIRECTION('',(2.22044604925E-16,-1.,0.));
#10783 = ORIENTED_EDGE('',*,*,#10784,.F.);
#10784 = EDGE_CURVE('',#10631,#10776,#10785,.T.);
#10785 = LINE('',#10786,#10787);
#10786 = CARTESIAN_POINT('',(-0.222747954773,0.297747954773,0.63));
#10787 = VECTOR('',#10788,1.);
#10788 = DIRECTION('',(0.,-0.,-1.));
#10789 = ORIENTED_EDGE('',*,*,#10630,.F.);
#10790 = ORIENTED_EDGE('',*,*,#10784,.T.);
#10791 = CYLINDRICAL_SURFACE('',#10792,0.125);
#10792 = AXIS2_PLACEMENT_3D('',#10793,#10794,#10795);
#10793 = CARTESIAN_POINT('',(-0.222747954773,0.422747954773,0.63));
#10794 = DIRECTION('',(-0.,0.,-1.));
#10795 = DIRECTION('',(2.22044604925E-16,-1.,-0.));
#10796 = ADVANCED_FACE('',(#10797),#10800,.T.);
#10797 = FACE_BOUND('',#10798,.T.);
#10798 = EDGE_LOOP('',(#10799));
#10799 = ORIENTED_EDGE('',*,*,#10775,.T.);
#10800 = PLANE('',#10801);
#10801 = AXIS2_PLACEMENT_3D('',#10802,#10803,#10804);
#10802 = CARTESIAN_POINT('',(-0.222747954773,0.422747954773,0.6));
#10803 = DIRECTION('',(0.,0.,1.));
#10804 = DIRECTION('',(2.22044604925E-16,-1.,0.));
#10805 = ( GEOMETRIC_REPRESENTATION_CONTEXT(3) 
GLOBAL_UNCERTAINTY_ASSIGNED_CONTEXT((#10809)) 
GLOBAL_UNIT_ASSIGNED_CONTEXT((#10806,#10807,#10808)) 
REPRESENTATION_CONTEXT('Context #1',
  '3D Context with UNIT and UNCERTAINTY') );
#10806 = ( LENGTH_UNIT() NAMED_UNIT(*) SI_UNIT(.MILLI.,.METRE.) );
#10807 = ( NAMED_UNIT(*) PLANE_ANGLE_UNIT() SI_UNIT($,.RADIAN.) );
#10808 = ( NAMED_UNIT(*) SI_UNIT($,.STERADIAN.) SOLID_ANGLE_UNIT() );
#10809 = UNCERTAINTY_MEASURE_WITH_UNIT(LENGTH_MEASURE(1.E-07),#10806,
  'distance_accuracy_value','confusion accuracy');
#10810 = CONTEXT_DEPENDENT_SHAPE_REPRESENTATION(#10811,#10813);
#10811 = ( REPRESENTATION_RELATIONSHIP('','',#8175,#10) 
REPRESENTATION_RELATIONSHIP_WITH_TRANSFORMATION(#10812) 
SHAPE_REPRESENTATION_RELATIONSHIP() );
#10812 = ITEM_DEFINED_TRANSFORMATION('','',#11,#1071);
#10813 = PRODUCT_DEFINITION_SHAPE('Placement','Placement of an item',
  #10814);
#10814 = NEXT_ASSEMBLY_USAGE_OCCURRENCE('265','Q2','',#5,#8170,$);
#10815 = PRODUCT_RELATED_PRODUCT_CATEGORY('part',$,(#8172));
#10816 = SHAPE_DEFINITION_REPRESENTATION(#10817,#10823);
#10817 = PRODUCT_DEFINITION_SHAPE('','',#10818);
#10818 = PRODUCT_DEFINITION('design','',#10819,#10822);
#10819 = PRODUCT_DEFINITION_FORMATION('','',#10820);
#10820 = PRODUCT('C_0201_0603Metric','C_0201_0603Metric','',(#10821));
#10821 = PRODUCT_CONTEXT('',#2,'mechanical');
#10822 = PRODUCT_DEFINITION_CONTEXT('part definition',#2,'design');
#10823 = ADVANCED_BREP_SHAPE_REPRESENTATION('',(#11,#10824),#11678);
#10824 = MANIFOLD_SOLID_BREP('',#10825);
#10825 = CLOSED_SHELL('',(#10826,#10902,#10933,#10958,#10983,#11007,
    #11031,#11056,#11081,#11098,#11184,#11216,#11240,#11265,#11289,
    #11314,#11338,#11363,#11380,#11466,#11497,#11522,#11547,#11571,
    #11595,#11620,#11645,#11662));
#10826 = ADVANCED_FACE('',(#10827),#10897,.F.);
#10827 = FACE_BOUND('',#10828,.F.);
#10828 = EDGE_LOOP('',(#10829,#10839,#10848,#10856,#10865,#10873,#10882,
    #10890));
#10829 = ORIENTED_EDGE('',*,*,#10830,.F.);
#10830 = EDGE_CURVE('',#10831,#10833,#10835,.T.);
#10831 = VERTEX_POINT('',#10832);
#10832 = CARTESIAN_POINT('',(-0.3,-0.15,1.5E-02));
#10833 = VERTEX_POINT('',#10834);
#10834 = CARTESIAN_POINT('',(-0.3,-0.15,0.285));
#10835 = LINE('',#10836,#10837);
#10836 = CARTESIAN_POINT('',(-0.3,-0.15,0.));
#10837 = VECTOR('',#10838,1.);
#10838 = DIRECTION('',(0.,0.,1.));
#10839 = ORIENTED_EDGE('',*,*,#10840,.T.);
#10840 = EDGE_CURVE('',#10831,#10841,#10843,.T.);
#10841 = VERTEX_POINT('',#10842);
#10842 = CARTESIAN_POINT('',(-0.3,-0.135,-2.775557561563E-17));
#10843 = CIRCLE('',#10844,1.5E-02);
#10844 = AXIS2_PLACEMENT_3D('',#10845,#10846,#10847);
#10845 = CARTESIAN_POINT('',(-0.3,-0.135,1.5E-02));
#10846 = DIRECTION('',(1.,0.,-0.));
#10847 = DIRECTION('',(0.,0.,1.));
#10848 = ORIENTED_EDGE('',*,*,#10849,.T.);
#10849 = EDGE_CURVE('',#10841,#10850,#10852,.T.);
#10850 = VERTEX_POINT('',#10851);
#10851 = CARTESIAN_POINT('',(-0.3,0.135,-2.775557561563E-17));
#10852 = LINE('',#10853,#10854);
#10853 = CARTESIAN_POINT('',(-0.3,-0.15,0.));
#10854 = VECTOR('',#10855,1.);
#10855 = DIRECTION('',(0.,1.,0.));
#10856 = ORIENTED_EDGE('',*,*,#10857,.F.);
#10857 = EDGE_CURVE('',#10858,#10850,#10860,.T.);
#10858 = VERTEX_POINT('',#10859);
#10859 = CARTESIAN_POINT('',(-0.3,0.15,1.5E-02));
#10860 = CIRCLE('',#10861,1.5E-02);
#10861 = AXIS2_PLACEMENT_3D('',#10862,#10863,#10864);
#10862 = CARTESIAN_POINT('',(-0.3,0.135,1.5E-02));
#10863 = DIRECTION('',(-1.,0.,0.));
#10864 = DIRECTION('',(0.,0.,1.));
#10865 = ORIENTED_EDGE('',*,*,#10866,.T.);
#10866 = EDGE_CURVE('',#10858,#10867,#10869,.T.);
#10867 = VERTEX_POINT('',#10868);
#10868 = CARTESIAN_POINT('',(-0.3,0.15,0.285));
#10869 = LINE('',#10870,#10871);
#10870 = CARTESIAN_POINT('',(-0.3,0.15,0.));
#10871 = VECTOR('',#10872,1.);
#10872 = DIRECTION('',(0.,0.,1.));
#10873 = ORIENTED_EDGE('',*,*,#10874,.T.);
#10874 = EDGE_CURVE('',#10867,#10875,#10877,.T.);
#10875 = VERTEX_POINT('',#10876);
#10876 = CARTESIAN_POINT('',(-0.3,0.135,0.3));
#10877 = CIRCLE('',#10878,1.5E-02);
#10878 = AXIS2_PLACEMENT_3D('',#10879,#10880,#10881);
#10879 = CARTESIAN_POINT('',(-0.3,0.135,0.285));
#10880 = DIRECTION('',(1.,0.,-0.));
#10881 = DIRECTION('',(0.,0.,1.));
#10882 = ORIENTED_EDGE('',*,*,#10883,.F.);
#10883 = EDGE_CURVE('',#10884,#10875,#10886,.T.);
#10884 = VERTEX_POINT('',#10885);
#10885 = CARTESIAN_POINT('',(-0.3,-0.135,0.3));
#10886 = LINE('',#10887,#10888);
#10887 = CARTESIAN_POINT('',(-0.3,-0.15,0.3));
#10888 = VECTOR('',#10889,1.);
#10889 = DIRECTION('',(0.,1.,0.));
#10890 = ORIENTED_EDGE('',*,*,#10891,.F.);
#10891 = EDGE_CURVE('',#10833,#10884,#10892,.T.);
#10892 = CIRCLE('',#10893,1.5E-02);
#10893 = AXIS2_PLACEMENT_3D('',#10894,#10895,#10896);
#10894 = CARTESIAN_POINT('',(-0.3,-0.135,0.285));
#10895 = DIRECTION('',(-1.,0.,0.));
#10896 = DIRECTION('',(0.,0.,1.));
#10897 = PLANE('',#10898);
#10898 = AXIS2_PLACEMENT_3D('',#10899,#10900,#10901);
#10899 = CARTESIAN_POINT('',(-0.3,-0.15,0.));
#10900 = DIRECTION('',(1.,0.,0.));
#10901 = DIRECTION('',(0.,0.,1.));
#10902 = ADVANCED_FACE('',(#10903),#10928,.F.);
#10903 = FACE_BOUND('',#10904,.F.);
#10904 = EDGE_LOOP('',(#10905,#10915,#10921,#10922));
#10905 = ORIENTED_EDGE('',*,*,#10906,.F.);
#10906 = EDGE_CURVE('',#10907,#10909,#10911,.T.);
#10907 = VERTEX_POINT('',#10908);
#10908 = CARTESIAN_POINT('',(-0.15,-0.15,1.5E-02));
#10909 = VERTEX_POINT('',#10910);
#10910 = CARTESIAN_POINT('',(-0.15,-0.15,0.285));
#10911 = LINE('',#10912,#10913);
#10912 = CARTESIAN_POINT('',(-0.15,-0.15,0.));
#10913 = VECTOR('',#10914,1.);
#10914 = DIRECTION('',(0.,0.,1.));
#10915 = ORIENTED_EDGE('',*,*,#10916,.F.);
#10916 = EDGE_CURVE('',#10831,#10907,#10917,.T.);
#10917 = LINE('',#10918,#10919);
#10918 = CARTESIAN_POINT('',(-0.3,-0.15,1.5E-02));
#10919 = VECTOR('',#10920,1.);
#10920 = DIRECTION('',(1.,0.,0.));
#10921 = ORIENTED_EDGE('',*,*,#10830,.T.);
#10922 = ORIENTED_EDGE('',*,*,#10923,.T.);
#10923 = EDGE_CURVE('',#10833,#10909,#10924,.T.);
#10924 = LINE('',#10925,#10926);
#10925 = CARTESIAN_POINT('',(-0.3,-0.15,0.285));
#10926 = VECTOR('',#10927,1.);
#10927 = DIRECTION('',(1.,0.,0.));
#10928 = PLANE('',#10929);
#10929 = AXIS2_PLACEMENT_3D('',#10930,#10931,#10932);
#10930 = CARTESIAN_POINT('',(-0.3,-0.15,0.));
#10931 = DIRECTION('',(0.,1.,0.));
#10932 = DIRECTION('',(0.,-0.,1.));
#10933 = ADVANCED_FACE('',(#10934),#10953,.T.);
#10934 = FACE_BOUND('',#10935,.T.);
#10935 = EDGE_LOOP('',(#10936,#10937,#10945,#10952));
#10936 = ORIENTED_EDGE('',*,*,#10840,.T.);
#10937 = ORIENTED_EDGE('',*,*,#10938,.T.);
#10938 = EDGE_CURVE('',#10841,#10939,#10941,.T.);
#10939 = VERTEX_POINT('',#10940);
#10940 = CARTESIAN_POINT('',(-0.15,-0.135,-2.775557561563E-17));
#10941 = LINE('',#10942,#10943);
#10942 = CARTESIAN_POINT('',(-0.3,-0.135,-2.775557561563E-17));
#10943 = VECTOR('',#10944,1.);
#10944 = DIRECTION('',(1.,0.,0.));
#10945 = ORIENTED_EDGE('',*,*,#10946,.F.);
#10946 = EDGE_CURVE('',#10907,#10939,#10947,.T.);
#10947 = CIRCLE('',#10948,1.5E-02);
#10948 = AXIS2_PLACEMENT_3D('',#10949,#10950,#10951);
#10949 = CARTESIAN_POINT('',(-0.15,-0.135,1.5E-02));
#10950 = DIRECTION('',(1.,0.,-0.));
#10951 = DIRECTION('',(0.,0.,1.));
#10952 = ORIENTED_EDGE('',*,*,#10916,.F.);
#10953 = CYLINDRICAL_SURFACE('',#10954,1.5E-02);
#10954 = AXIS2_PLACEMENT_3D('',#10955,#10956,#10957);
#10955 = CARTESIAN_POINT('',(-0.3,-0.135,1.5E-02));
#10956 = DIRECTION('',(1.,0.,0.));
#10957 = DIRECTION('',(0.,-1.,0.));
#10958 = ADVANCED_FACE('',(#10959),#10978,.T.);
#10959 = FACE_BOUND('',#10960,.T.);
#10960 = EDGE_LOOP('',(#10961,#10962,#10971,#10977));
#10961 = ORIENTED_EDGE('',*,*,#10923,.T.);
#10962 = ORIENTED_EDGE('',*,*,#10963,.T.);
#10963 = EDGE_CURVE('',#10909,#10964,#10966,.T.);
#10964 = VERTEX_POINT('',#10965);
#10965 = CARTESIAN_POINT('',(-0.15,-0.135,0.3));
#10966 = CIRCLE('',#10967,1.5E-02);
#10967 = AXIS2_PLACEMENT_3D('',#10968,#10969,#10970);
#10968 = CARTESIAN_POINT('',(-0.15,-0.135,0.285));
#10969 = DIRECTION('',(-1.,0.,0.));
#10970 = DIRECTION('',(0.,0.,1.));
#10971 = ORIENTED_EDGE('',*,*,#10972,.F.);
#10972 = EDGE_CURVE('',#10884,#10964,#10973,.T.);
#10973 = LINE('',#10974,#10975);
#10974 = CARTESIAN_POINT('',(-0.3,-0.135,0.3));
#10975 = VECTOR('',#10976,1.);
#10976 = DIRECTION('',(1.,0.,0.));
#10977 = ORIENTED_EDGE('',*,*,#10891,.F.);
#10978 = CYLINDRICAL_SURFACE('',#10979,1.5E-02);
#10979 = AXIS2_PLACEMENT_3D('',#10980,#10981,#10982);
#10980 = CARTESIAN_POINT('',(-0.3,-0.135,0.285));
#10981 = DIRECTION('',(1.,0.,0.));
#10982 = DIRECTION('',(0.,-1.,0.));
#10983 = ADVANCED_FACE('',(#10984),#11002,.F.);
#10984 = FACE_BOUND('',#10985,.F.);
#10985 = EDGE_LOOP('',(#10986,#10987,#10988,#10996));
#10986 = ORIENTED_EDGE('',*,*,#10849,.F.);
#10987 = ORIENTED_EDGE('',*,*,#10938,.T.);
#10988 = ORIENTED_EDGE('',*,*,#10989,.T.);
#10989 = EDGE_CURVE('',#10939,#10990,#10992,.T.);
#10990 = VERTEX_POINT('',#10991);
#10991 = CARTESIAN_POINT('',(-0.15,0.135,-2.775557561563E-17));
#10992 = LINE('',#10993,#10994);
#10993 = CARTESIAN_POINT('',(-0.15,-0.15,0.));
#10994 = VECTOR('',#10995,1.);
#10995 = DIRECTION('',(0.,1.,0.));
#10996 = ORIENTED_EDGE('',*,*,#10997,.F.);
#10997 = EDGE_CURVE('',#10850,#10990,#10998,.T.);
#10998 = LINE('',#10999,#11000);
#10999 = CARTESIAN_POINT('',(-0.3,0.135,-2.775557561563E-17));
#11000 = VECTOR('',#11001,1.);
#11001 = DIRECTION('',(1.,0.,0.));
#11002 = PLANE('',#11003);
#11003 = AXIS2_PLACEMENT_3D('',#11004,#11005,#11006);
#11004 = CARTESIAN_POINT('',(-0.3,-0.15,0.));
#11005 = DIRECTION('',(0.,0.,1.));
#11006 = DIRECTION('',(1.,0.,-0.));
#11007 = ADVANCED_FACE('',(#11008),#11026,.T.);
#11008 = FACE_BOUND('',#11009,.T.);
#11009 = EDGE_LOOP('',(#11010,#11011,#11012,#11020));
#11010 = ORIENTED_EDGE('',*,*,#10883,.F.);
#11011 = ORIENTED_EDGE('',*,*,#10972,.T.);
#11012 = ORIENTED_EDGE('',*,*,#11013,.T.);
#11013 = EDGE_CURVE('',#10964,#11014,#11016,.T.);
#11014 = VERTEX_POINT('',#11015);
#11015 = CARTESIAN_POINT('',(-0.15,0.135,0.3));
#11016 = LINE('',#11017,#11018);
#11017 = CARTESIAN_POINT('',(-0.15,-0.15,0.3));
#11018 = VECTOR('',#11019,1.);
#11019 = DIRECTION('',(0.,1.,0.));
#11020 = ORIENTED_EDGE('',*,*,#11021,.F.);
#11021 = EDGE_CURVE('',#10875,#11014,#11022,.T.);
#11022 = LINE('',#11023,#11024);
#11023 = CARTESIAN_POINT('',(-0.3,0.135,0.3));
#11024 = VECTOR('',#11025,1.);
#11025 = DIRECTION('',(1.,0.,0.));
#11026 = PLANE('',#11027);
#11027 = AXIS2_PLACEMENT_3D('',#11028,#11029,#11030);
#11028 = CARTESIAN_POINT('',(-0.3,-0.15,0.3));
#11029 = DIRECTION('',(0.,0.,1.));
#11030 = DIRECTION('',(1.,0.,-0.));
#11031 = ADVANCED_FACE('',(#11032),#11051,.T.);
#11032 = FACE_BOUND('',#11033,.T.);
#11033 = EDGE_LOOP('',(#11034,#11042,#11049,#11050));
#11034 = ORIENTED_EDGE('',*,*,#11035,.T.);
#11035 = EDGE_CURVE('',#10858,#11036,#11038,.T.);
#11036 = VERTEX_POINT('',#11037);
#11037 = CARTESIAN_POINT('',(-0.15,0.15,1.5E-02));
#11038 = LINE('',#11039,#11040);
#11039 = CARTESIAN_POINT('',(-0.3,0.15,1.5E-02));
#11040 = VECTOR('',#11041,1.);
#11041 = DIRECTION('',(1.,0.,0.));
#11042 = ORIENTED_EDGE('',*,*,#11043,.T.);
#11043 = EDGE_CURVE('',#11036,#10990,#11044,.T.);
#11044 = CIRCLE('',#11045,1.5E-02);
#11045 = AXIS2_PLACEMENT_3D('',#11046,#11047,#11048);
#11046 = CARTESIAN_POINT('',(-0.15,0.135,1.5E-02));
#11047 = DIRECTION('',(-1.,0.,0.));
#11048 = DIRECTION('',(0.,0.,1.));
#11049 = ORIENTED_EDGE('',*,*,#10997,.F.);
#11050 = ORIENTED_EDGE('',*,*,#10857,.F.);
#11051 = CYLINDRICAL_SURFACE('',#11052,1.5E-02);
#11052 = AXIS2_PLACEMENT_3D('',#11053,#11054,#11055);
#11053 = CARTESIAN_POINT('',(-0.3,0.135,1.5E-02));
#11054 = DIRECTION('',(1.,0.,0.));
#11055 = DIRECTION('',(-0.,1.,0.));
#11056 = ADVANCED_FACE('',(#11057),#11076,.T.);
#11057 = FACE_BOUND('',#11058,.T.);
#11058 = EDGE_LOOP('',(#11059,#11060,#11061,#11070));
#11059 = ORIENTED_EDGE('',*,*,#10874,.T.);
#11060 = ORIENTED_EDGE('',*,*,#11021,.T.);
#11061 = ORIENTED_EDGE('',*,*,#11062,.F.);
#11062 = EDGE_CURVE('',#11063,#11014,#11065,.T.);
#11063 = VERTEX_POINT('',#11064);
#11064 = CARTESIAN_POINT('',(-0.15,0.15,0.285));
#11065 = CIRCLE('',#11066,1.5E-02);
#11066 = AXIS2_PLACEMENT_3D('',#11067,#11068,#11069);
#11067 = CARTESIAN_POINT('',(-0.15,0.135,0.285));
#11068 = DIRECTION('',(1.,0.,-0.));
#11069 = DIRECTION('',(0.,0.,1.));
#11070 = ORIENTED_EDGE('',*,*,#11071,.F.);
#11071 = EDGE_CURVE('',#10867,#11063,#11072,.T.);
#11072 = LINE('',#11073,#11074);
#11073 = CARTESIAN_POINT('',(-0.3,0.15,0.285));
#11074 = VECTOR('',#11075,1.);
#11075 = DIRECTION('',(1.,0.,0.));
#11076 = CYLINDRICAL_SURFACE('',#11077,1.5E-02);
#11077 = AXIS2_PLACEMENT_3D('',#11078,#11079,#11080);
#11078 = CARTESIAN_POINT('',(-0.3,0.135,0.285));
#11079 = DIRECTION('',(1.,0.,0.));
#11080 = DIRECTION('',(-0.,1.,0.));
#11081 = ADVANCED_FACE('',(#11082),#11093,.T.);
#11082 = FACE_BOUND('',#11083,.T.);
#11083 = EDGE_LOOP('',(#11084,#11090,#11091,#11092));
#11084 = ORIENTED_EDGE('',*,*,#11085,.F.);
#11085 = EDGE_CURVE('',#11036,#11063,#11086,.T.);
#11086 = LINE('',#11087,#11088);
#11087 = CARTESIAN_POINT('',(-0.15,0.15,0.));
#11088 = VECTOR('',#11089,1.);
#11089 = DIRECTION('',(0.,0.,1.));
#11090 = ORIENTED_EDGE('',*,*,#11035,.F.);
#11091 = ORIENTED_EDGE('',*,*,#10866,.T.);
#11092 = ORIENTED_EDGE('',*,*,#11071,.T.);
#11093 = PLANE('',#11094);
#11094 = AXIS2_PLACEMENT_3D('',#11095,#11096,#11097);
#11095 = CARTESIAN_POINT('',(-0.3,0.15,0.));
#11096 = DIRECTION('',(0.,1.,0.));
#11097 = DIRECTION('',(0.,-0.,1.));
#11098 = ADVANCED_FACE('',(#11099,#11109),#11179,.T.);
#11099 = FACE_BOUND('',#11100,.T.);
#11100 = EDGE_LOOP('',(#11101,#11102,#11103,#11104,#11105,#11106,#11107,
    #11108));
#11101 = ORIENTED_EDGE('',*,*,#10906,.F.);
#11102 = ORIENTED_EDGE('',*,*,#10946,.T.);
#11103 = ORIENTED_EDGE('',*,*,#10989,.T.);
#11104 = ORIENTED_EDGE('',*,*,#11043,.F.);
#11105 = ORIENTED_EDGE('',*,*,#11085,.T.);
#11106 = ORIENTED_EDGE('',*,*,#11062,.T.);
#11107 = ORIENTED_EDGE('',*,*,#11013,.F.);
#11108 = ORIENTED_EDGE('',*,*,#10963,.F.);
#11109 = FACE_BOUND('',#11110,.T.);
#11110 = EDGE_LOOP('',(#11111,#11122,#11130,#11139,#11147,#11156,#11164,
    #11173));
#11111 = ORIENTED_EDGE('',*,*,#11112,.F.);
#11112 = EDGE_CURVE('',#11113,#11115,#11117,.T.);
#11113 = VERTEX_POINT('',#11114);
#11114 = CARTESIAN_POINT('',(-0.15,-0.135,3.E-02));
#11115 = VERTEX_POINT('',#11116);
#11116 = CARTESIAN_POINT('',(-0.15,-0.12,1.5E-02));
#11117 = CIRCLE('',#11118,1.5E-02);
#11118 = AXIS2_PLACEMENT_3D('',#11119,#11120,#11121);
#11119 = CARTESIAN_POINT('',(-0.15,-0.12,3.E-02));
#11120 = DIRECTION('',(1.,0.,-0.));
#11121 = DIRECTION('',(0.,0.,1.));
#11122 = ORIENTED_EDGE('',*,*,#11123,.T.);
#11123 = EDGE_CURVE('',#11113,#11124,#11126,.T.);
#11124 = VERTEX_POINT('',#11125);
#11125 = CARTESIAN_POINT('',(-0.15,-0.135,0.27));
#11126 = LINE('',#11127,#11128);
#11127 = CARTESIAN_POINT('',(-0.15,-0.135,1.5E-02));
#11128 = VECTOR('',#11129,1.);
#11129 = DIRECTION('',(0.,0.,1.));
#11130 = ORIENTED_EDGE('',*,*,#11131,.T.);
#11131 = EDGE_CURVE('',#11124,#11132,#11134,.T.);
#11132 = VERTEX_POINT('',#11133);
#11133 = CARTESIAN_POINT('',(-0.15,-0.12,0.285));
#11134 = CIRCLE('',#11135,1.5E-02);
#11135 = AXIS2_PLACEMENT_3D('',#11136,#11137,#11138);
#11136 = CARTESIAN_POINT('',(-0.15,-0.12,0.27));
#11137 = DIRECTION('',(-1.,0.,0.));
#11138 = DIRECTION('',(0.,0.,1.));
#11139 = ORIENTED_EDGE('',*,*,#11140,.T.);
#11140 = EDGE_CURVE('',#11132,#11141,#11143,.T.);
#11141 = VERTEX_POINT('',#11142);
#11142 = CARTESIAN_POINT('',(-0.15,0.12,0.285));
#11143 = LINE('',#11144,#11145);
#11144 = CARTESIAN_POINT('',(-0.15,-0.135,0.285));
#11145 = VECTOR('',#11146,1.);
#11146 = DIRECTION('',(0.,1.,0.));
#11147 = ORIENTED_EDGE('',*,*,#11148,.F.);
#11148 = EDGE_CURVE('',#11149,#11141,#11151,.T.);
#11149 = VERTEX_POINT('',#11150);
#11150 = CARTESIAN_POINT('',(-0.15,0.135,0.27));
#11151 = CIRCLE('',#11152,1.5E-02);
#11152 = AXIS2_PLACEMENT_3D('',#11153,#11154,#11155);
#11153 = CARTESIAN_POINT('',(-0.15,0.12,0.27));
#11154 = DIRECTION('',(1.,0.,-0.));
#11155 = DIRECTION('',(0.,0.,1.));
#11156 = ORIENTED_EDGE('',*,*,#11157,.F.);
#11157 = EDGE_CURVE('',#11158,#11149,#11160,.T.);
#11158 = VERTEX_POINT('',#11159);
#11159 = CARTESIAN_POINT('',(-0.15,0.135,3.E-02));
#11160 = LINE('',#11161,#11162);
#11161 = CARTESIAN_POINT('',(-0.15,0.135,1.5E-02));
#11162 = VECTOR('',#11163,1.);
#11163 = DIRECTION('',(0.,0.,1.));
#11164 = ORIENTED_EDGE('',*,*,#11165,.T.);
#11165 = EDGE_CURVE('',#11158,#11166,#11168,.T.);
#11166 = VERTEX_POINT('',#11167);
#11167 = CARTESIAN_POINT('',(-0.15,0.12,1.5E-02));
#11168 = CIRCLE('',#11169,1.5E-02);
#11169 = AXIS2_PLACEMENT_3D('',#11170,#11171,#11172);
#11170 = CARTESIAN_POINT('',(-0.15,0.12,3.E-02));
#11171 = DIRECTION('',(-1.,0.,0.));
#11172 = DIRECTION('',(0.,0.,1.));
#11173 = ORIENTED_EDGE('',*,*,#11174,.F.);
#11174 = EDGE_CURVE('',#11115,#11166,#11175,.T.);
#11175 = LINE('',#11176,#11177);
#11176 = CARTESIAN_POINT('',(-0.15,-0.135,1.5E-02));
#11177 = VECTOR('',#11178,1.);
#11178 = DIRECTION('',(0.,1.,0.));
#11179 = PLANE('',#11180);
#11180 = AXIS2_PLACEMENT_3D('',#11181,#11182,#11183);
#11181 = CARTESIAN_POINT('',(-0.15,-0.15,0.));
#11182 = DIRECTION('',(1.,0.,0.));
#11183 = DIRECTION('',(0.,0.,1.));
#11184 = ADVANCED_FACE('',(#11185),#11211,.T.);
#11185 = FACE_BOUND('',#11186,.T.);
#11186 = EDGE_LOOP('',(#11187,#11188,#11196,#11205));
#11187 = ORIENTED_EDGE('',*,*,#11112,.T.);
#11188 = ORIENTED_EDGE('',*,*,#11189,.T.);
#11189 = EDGE_CURVE('',#11115,#11190,#11192,.T.);
#11190 = VERTEX_POINT('',#11191);
#11191 = CARTESIAN_POINT('',(0.15,-0.12,1.5E-02));
#11192 = LINE('',#11193,#11194);
#11193 = CARTESIAN_POINT('',(-0.15,-0.12,1.5E-02));
#11194 = VECTOR('',#11195,1.);
#11195 = DIRECTION('',(1.,0.,0.));
#11196 = ORIENTED_EDGE('',*,*,#11197,.F.);
#11197 = EDGE_CURVE('',#11198,#11190,#11200,.T.);
#11198 = VERTEX_POINT('',#11199);
#11199 = CARTESIAN_POINT('',(0.15,-0.135,3.E-02));
#11200 = CIRCLE('',#11201,1.5E-02);
#11201 = AXIS2_PLACEMENT_3D('',#11202,#11203,#11204);
#11202 = CARTESIAN_POINT('',(0.15,-0.12,3.E-02));
#11203 = DIRECTION('',(1.,0.,-0.));
#11204 = DIRECTION('',(0.,0.,1.));
#11205 = ORIENTED_EDGE('',*,*,#11206,.F.);
#11206 = EDGE_CURVE('',#11113,#11198,#11207,.T.);
#11207 = LINE('',#11208,#11209);
#11208 = CARTESIAN_POINT('',(-0.15,-0.135,3.E-02));
#11209 = VECTOR('',#11210,1.);
#11210 = DIRECTION('',(1.,0.,0.));
#11211 = CYLINDRICAL_SURFACE('',#11212,1.5E-02);
#11212 = AXIS2_PLACEMENT_3D('',#11213,#11214,#11215);
#11213 = CARTESIAN_POINT('',(-0.15,-0.12,3.E-02));
#11214 = DIRECTION('',(1.,0.,0.));
#11215 = DIRECTION('',(0.,-1.,0.));
#11216 = ADVANCED_FACE('',(#11217),#11235,.F.);
#11217 = FACE_BOUND('',#11218,.F.);
#11218 = EDGE_LOOP('',(#11219,#11220,#11221,#11229));
#11219 = ORIENTED_EDGE('',*,*,#11174,.F.);
#11220 = ORIENTED_EDGE('',*,*,#11189,.T.);
#11221 = ORIENTED_EDGE('',*,*,#11222,.T.);
#11222 = EDGE_CURVE('',#11190,#11223,#11225,.T.);
#11223 = VERTEX_POINT('',#11224);
#11224 = CARTESIAN_POINT('',(0.15,0.12,1.5E-02));
#11225 = LINE('',#11226,#11227);
#11226 = CARTESIAN_POINT('',(0.15,-0.135,1.5E-02));
#11227 = VECTOR('',#11228,1.);
#11228 = DIRECTION('',(0.,1.,0.));
#11229 = ORIENTED_EDGE('',*,*,#11230,.F.);
#11230 = EDGE_CURVE('',#11166,#11223,#11231,.T.);
#11231 = LINE('',#11232,#11233);
#11232 = CARTESIAN_POINT('',(-0.15,0.12,1.5E-02));
#11233 = VECTOR('',#11234,1.);
#11234 = DIRECTION('',(1.,0.,0.));
#11235 = PLANE('',#11236);
#11236 = AXIS2_PLACEMENT_3D('',#11237,#11238,#11239);
#11237 = CARTESIAN_POINT('',(-0.15,-0.135,1.5E-02));
#11238 = DIRECTION('',(0.,0.,1.));
#11239 = DIRECTION('',(1.,0.,-0.));
#11240 = ADVANCED_FACE('',(#11241),#11260,.T.);
#11241 = FACE_BOUND('',#11242,.T.);
#11242 = EDGE_LOOP('',(#11243,#11251,#11258,#11259));
#11243 = ORIENTED_EDGE('',*,*,#11244,.T.);
#11244 = EDGE_CURVE('',#11158,#11245,#11247,.T.);
#11245 = VERTEX_POINT('',#11246);
#11246 = CARTESIAN_POINT('',(0.15,0.135,3.E-02));
#11247 = LINE('',#11248,#11249);
#11248 = CARTESIAN_POINT('',(-0.15,0.135,3.E-02));
#11249 = VECTOR('',#11250,1.);
#11250 = DIRECTION('',(1.,0.,0.));
#11251 = ORIENTED_EDGE('',*,*,#11252,.T.);
#11252 = EDGE_CURVE('',#11245,#11223,#11253,.T.);
#11253 = CIRCLE('',#11254,1.5E-02);
#11254 = AXIS2_PLACEMENT_3D('',#11255,#11256,#11257);
#11255 = CARTESIAN_POINT('',(0.15,0.12,3.E-02));
#11256 = DIRECTION('',(-1.,0.,0.));
#11257 = DIRECTION('',(0.,0.,1.));
#11258 = ORIENTED_EDGE('',*,*,#11230,.F.);
#11259 = ORIENTED_EDGE('',*,*,#11165,.F.);
#11260 = CYLINDRICAL_SURFACE('',#11261,1.5E-02);
#11261 = AXIS2_PLACEMENT_3D('',#11262,#11263,#11264);
#11262 = CARTESIAN_POINT('',(-0.15,0.12,3.E-02));
#11263 = DIRECTION('',(1.,0.,0.));
#11264 = DIRECTION('',(-0.,1.,0.));
#11265 = ADVANCED_FACE('',(#11266),#11284,.T.);
#11266 = FACE_BOUND('',#11267,.T.);
#11267 = EDGE_LOOP('',(#11268,#11276,#11277,#11278));
#11268 = ORIENTED_EDGE('',*,*,#11269,.F.);
#11269 = EDGE_CURVE('',#11245,#11270,#11272,.T.);
#11270 = VERTEX_POINT('',#11271);
#11271 = CARTESIAN_POINT('',(0.15,0.135,0.27));
#11272 = LINE('',#11273,#11274);
#11273 = CARTESIAN_POINT('',(0.15,0.135,1.5E-02));
#11274 = VECTOR('',#11275,1.);
#11275 = DIRECTION('',(0.,0.,1.));
#11276 = ORIENTED_EDGE('',*,*,#11244,.F.);
#11277 = ORIENTED_EDGE('',*,*,#11157,.T.);
#11278 = ORIENTED_EDGE('',*,*,#11279,.T.);
#11279 = EDGE_CURVE('',#11149,#11270,#11280,.T.);
#11280 = LINE('',#11281,#11282);
#11281 = CARTESIAN_POINT('',(-0.15,0.135,0.27));
#11282 = VECTOR('',#11283,1.);
#11283 = DIRECTION('',(1.,0.,0.));
#11284 = PLANE('',#11285);
#11285 = AXIS2_PLACEMENT_3D('',#11286,#11287,#11288);
#11286 = CARTESIAN_POINT('',(-0.15,0.135,1.5E-02));
#11287 = DIRECTION('',(0.,1.,0.));
#11288 = DIRECTION('',(0.,-0.,1.));
#11289 = ADVANCED_FACE('',(#11290),#11309,.T.);
#11290 = FACE_BOUND('',#11291,.T.);
#11291 = EDGE_LOOP('',(#11292,#11293,#11301,#11308));
#11292 = ORIENTED_EDGE('',*,*,#11148,.T.);
#11293 = ORIENTED_EDGE('',*,*,#11294,.T.);
#11294 = EDGE_CURVE('',#11141,#11295,#11297,.T.);
#11295 = VERTEX_POINT('',#11296);
#11296 = CARTESIAN_POINT('',(0.15,0.12,0.285));
#11297 = LINE('',#11298,#11299);
#11298 = CARTESIAN_POINT('',(-0.15,0.12,0.285));
#11299 = VECTOR('',#11300,1.);
#11300 = DIRECTION('',(1.,0.,0.));
#11301 = ORIENTED_EDGE('',*,*,#11302,.F.);
#11302 = EDGE_CURVE('',#11270,#11295,#11303,.T.);
#11303 = CIRCLE('',#11304,1.5E-02);
#11304 = AXIS2_PLACEMENT_3D('',#11305,#11306,#11307);
#11305 = CARTESIAN_POINT('',(0.15,0.12,0.27));
#11306 = DIRECTION('',(1.,0.,-0.));
#11307 = DIRECTION('',(0.,0.,1.));
#11308 = ORIENTED_EDGE('',*,*,#11279,.F.);
#11309 = CYLINDRICAL_SURFACE('',#11310,1.5E-02);
#11310 = AXIS2_PLACEMENT_3D('',#11311,#11312,#11313);
#11311 = CARTESIAN_POINT('',(-0.15,0.12,0.27));
#11312 = DIRECTION('',(1.,0.,0.));
#11313 = DIRECTION('',(-0.,1.,0.));
#11314 = ADVANCED_FACE('',(#11315),#11333,.T.);
#11315 = FACE_BOUND('',#11316,.T.);
#11316 = EDGE_LOOP('',(#11317,#11318,#11326,#11332));
#11317 = ORIENTED_EDGE('',*,*,#11140,.F.);
#11318 = ORIENTED_EDGE('',*,*,#11319,.T.);
#11319 = EDGE_CURVE('',#11132,#11320,#11322,.T.);
#11320 = VERTEX_POINT('',#11321);
#11321 = CARTESIAN_POINT('',(0.15,-0.12,0.285));
#11322 = LINE('',#11323,#11324);
#11323 = CARTESIAN_POINT('',(-0.15,-0.12,0.285));
#11324 = VECTOR('',#11325,1.);
#11325 = DIRECTION('',(1.,0.,0.));
#11326 = ORIENTED_EDGE('',*,*,#11327,.T.);
#11327 = EDGE_CURVE('',#11320,#11295,#11328,.T.);
#11328 = LINE('',#11329,#11330);
#11329 = CARTESIAN_POINT('',(0.15,-0.135,0.285));
#11330 = VECTOR('',#11331,1.);
#11331 = DIRECTION('',(0.,1.,0.));
#11332 = ORIENTED_EDGE('',*,*,#11294,.F.);
#11333 = PLANE('',#11334);
#11334 = AXIS2_PLACEMENT_3D('',#11335,#11336,#11337);
#11335 = CARTESIAN_POINT('',(-0.15,-0.135,0.285));
#11336 = DIRECTION('',(0.,0.,1.));
#11337 = DIRECTION('',(1.,0.,-0.));
#11338 = ADVANCED_FACE('',(#11339),#11358,.T.);
#11339 = FACE_BOUND('',#11340,.T.);
#11340 = EDGE_LOOP('',(#11341,#11349,#11356,#11357));
#11341 = ORIENTED_EDGE('',*,*,#11342,.T.);
#11342 = EDGE_CURVE('',#11124,#11343,#11345,.T.);
#11343 = VERTEX_POINT('',#11344);
#11344 = CARTESIAN_POINT('',(0.15,-0.135,0.27));
#11345 = LINE('',#11346,#11347);
#11346 = CARTESIAN_POINT('',(-0.15,-0.135,0.27));
#11347 = VECTOR('',#11348,1.);
#11348 = DIRECTION('',(1.,0.,0.));
#11349 = ORIENTED_EDGE('',*,*,#11350,.T.);
#11350 = EDGE_CURVE('',#11343,#11320,#11351,.T.);
#11351 = CIRCLE('',#11352,1.5E-02);
#11352 = AXIS2_PLACEMENT_3D('',#11353,#11354,#11355);
#11353 = CARTESIAN_POINT('',(0.15,-0.12,0.27));
#11354 = DIRECTION('',(-1.,0.,0.));
#11355 = DIRECTION('',(0.,0.,1.));
#11356 = ORIENTED_EDGE('',*,*,#11319,.F.);
#11357 = ORIENTED_EDGE('',*,*,#11131,.F.);
#11358 = CYLINDRICAL_SURFACE('',#11359,1.5E-02);
#11359 = AXIS2_PLACEMENT_3D('',#11360,#11361,#11362);
#11360 = CARTESIAN_POINT('',(-0.15,-0.12,0.27));
#11361 = DIRECTION('',(1.,0.,0.));
#11362 = DIRECTION('',(0.,-1.,0.));
#11363 = ADVANCED_FACE('',(#11364),#11375,.F.);
#11364 = FACE_BOUND('',#11365,.F.);
#11365 = EDGE_LOOP('',(#11366,#11372,#11373,#11374));
#11366 = ORIENTED_EDGE('',*,*,#11367,.F.);
#11367 = EDGE_CURVE('',#11198,#11343,#11368,.T.);
#11368 = LINE('',#11369,#11370);
#11369 = CARTESIAN_POINT('',(0.15,-0.135,1.5E-02));
#11370 = VECTOR('',#11371,1.);
#11371 = DIRECTION('',(0.,0.,1.));
#11372 = ORIENTED_EDGE('',*,*,#11206,.F.);
#11373 = ORIENTED_EDGE('',*,*,#11123,.T.);
#11374 = ORIENTED_EDGE('',*,*,#11342,.T.);
#11375 = PLANE('',#11376);
#11376 = AXIS2_PLACEMENT_3D('',#11377,#11378,#11379);
#11377 = CARTESIAN_POINT('',(-0.15,-0.135,1.5E-02));
#11378 = DIRECTION('',(0.,1.,0.));
#11379 = DIRECTION('',(0.,-0.,1.));
#11380 = ADVANCED_FACE('',(#11381,#11451),#11461,.F.);
#11381 = FACE_BOUND('',#11382,.F.);
#11382 = EDGE_LOOP('',(#11383,#11393,#11402,#11410,#11419,#11427,#11436,
    #11444));
#11383 = ORIENTED_EDGE('',*,*,#11384,.F.);
#11384 = EDGE_CURVE('',#11385,#11387,#11389,.T.);
#11385 = VERTEX_POINT('',#11386);
#11386 = CARTESIAN_POINT('',(0.15,-0.15,1.5E-02));
#11387 = VERTEX_POINT('',#11388);
#11388 = CARTESIAN_POINT('',(0.15,-0.15,0.285));
#11389 = LINE('',#11390,#11391);
#11390 = CARTESIAN_POINT('',(0.15,-0.15,0.));
#11391 = VECTOR('',#11392,1.);
#11392 = DIRECTION('',(0.,0.,1.));
#11393 = ORIENTED_EDGE('',*,*,#11394,.T.);
#11394 = EDGE_CURVE('',#11385,#11395,#11397,.T.);
#11395 = VERTEX_POINT('',#11396);
#11396 = CARTESIAN_POINT('',(0.15,-0.135,-2.775557561563E-17));
#11397 = CIRCLE('',#11398,1.5E-02);
#11398 = AXIS2_PLACEMENT_3D('',#11399,#11400,#11401);
#11399 = CARTESIAN_POINT('',(0.15,-0.135,1.5E-02));
#11400 = DIRECTION('',(1.,0.,-0.));
#11401 = DIRECTION('',(0.,0.,1.));
#11402 = ORIENTED_EDGE('',*,*,#11403,.T.);
#11403 = EDGE_CURVE('',#11395,#11404,#11406,.T.);
#11404 = VERTEX_POINT('',#11405);
#11405 = CARTESIAN_POINT('',(0.15,0.135,-2.775557561563E-17));
#11406 = LINE('',#11407,#11408);
#11407 = CARTESIAN_POINT('',(0.15,-0.15,0.));
#11408 = VECTOR('',#11409,1.);
#11409 = DIRECTION('',(0.,1.,0.));
#11410 = ORIENTED_EDGE('',*,*,#11411,.F.);
#11411 = EDGE_CURVE('',#11412,#11404,#11414,.T.);
#11412 = VERTEX_POINT('',#11413);
#11413 = CARTESIAN_POINT('',(0.15,0.15,1.5E-02));
#11414 = CIRCLE('',#11415,1.5E-02);
#11415 = AXIS2_PLACEMENT_3D('',#11416,#11417,#11418);
#11416 = CARTESIAN_POINT('',(0.15,0.135,1.5E-02));
#11417 = DIRECTION('',(-1.,0.,0.));
#11418 = DIRECTION('',(0.,0.,1.));
#11419 = ORIENTED_EDGE('',*,*,#11420,.T.);
#11420 = EDGE_CURVE('',#11412,#11421,#11423,.T.);
#11421 = VERTEX_POINT('',#11422);
#11422 = CARTESIAN_POINT('',(0.15,0.15,0.285));
#11423 = LINE('',#11424,#11425);
#11424 = CARTESIAN_POINT('',(0.15,0.15,0.));
#11425 = VECTOR('',#11426,1.);
#11426 = DIRECTION('',(0.,0.,1.));
#11427 = ORIENTED_EDGE('',*,*,#11428,.T.);
#11428 = EDGE_CURVE('',#11421,#11429,#11431,.T.);
#11429 = VERTEX_POINT('',#11430);
#11430 = CARTESIAN_POINT('',(0.15,0.135,0.3));
#11431 = CIRCLE('',#11432,1.5E-02);
#11432 = AXIS2_PLACEMENT_3D('',#11433,#11434,#11435);
#11433 = CARTESIAN_POINT('',(0.15,0.135,0.285));
#11434 = DIRECTION('',(1.,0.,-0.));
#11435 = DIRECTION('',(0.,0.,1.));
#11436 = ORIENTED_EDGE('',*,*,#11437,.F.);
#11437 = EDGE_CURVE('',#11438,#11429,#11440,.T.);
#11438 = VERTEX_POINT('',#11439);
#11439 = CARTESIAN_POINT('',(0.15,-0.135,0.3));
#11440 = LINE('',#11441,#11442);
#11441 = CARTESIAN_POINT('',(0.15,-0.15,0.3));
#11442 = VECTOR('',#11443,1.);
#11443 = DIRECTION('',(0.,1.,0.));
#11444 = ORIENTED_EDGE('',*,*,#11445,.F.);
#11445 = EDGE_CURVE('',#11387,#11438,#11446,.T.);
#11446 = CIRCLE('',#11447,1.5E-02);
#11447 = AXIS2_PLACEMENT_3D('',#11448,#11449,#11450);
#11448 = CARTESIAN_POINT('',(0.15,-0.135,0.285));
#11449 = DIRECTION('',(-1.,0.,0.));
#11450 = DIRECTION('',(0.,0.,1.));
#11451 = FACE_BOUND('',#11452,.F.);
#11452 = EDGE_LOOP('',(#11453,#11454,#11455,#11456,#11457,#11458,#11459,
    #11460));
#11453 = ORIENTED_EDGE('',*,*,#11197,.F.);
#11454 = ORIENTED_EDGE('',*,*,#11367,.T.);
#11455 = ORIENTED_EDGE('',*,*,#11350,.T.);
#11456 = ORIENTED_EDGE('',*,*,#11327,.T.);
#11457 = ORIENTED_EDGE('',*,*,#11302,.F.);
#11458 = ORIENTED_EDGE('',*,*,#11269,.F.);
#11459 = ORIENTED_EDGE('',*,*,#11252,.T.);
#11460 = ORIENTED_EDGE('',*,*,#11222,.F.);
#11461 = PLANE('',#11462);
#11462 = AXIS2_PLACEMENT_3D('',#11463,#11464,#11465);
#11463 = CARTESIAN_POINT('',(0.15,-0.15,0.));
#11464 = DIRECTION('',(1.,0.,0.));
#11465 = DIRECTION('',(0.,0.,1.));
#11466 = ADVANCED_FACE('',(#11467),#11492,.F.);
#11467 = FACE_BOUND('',#11468,.F.);
#11468 = EDGE_LOOP('',(#11469,#11479,#11485,#11486));
#11469 = ORIENTED_EDGE('',*,*,#11470,.F.);
#11470 = EDGE_CURVE('',#11471,#11473,#11475,.T.);
#11471 = VERTEX_POINT('',#11472);
#11472 = CARTESIAN_POINT('',(0.3,-0.15,1.5E-02));
#11473 = VERTEX_POINT('',#11474);
#11474 = CARTESIAN_POINT('',(0.3,-0.15,0.285));
#11475 = LINE('',#11476,#11477);
#11476 = CARTESIAN_POINT('',(0.3,-0.15,0.));
#11477 = VECTOR('',#11478,1.);
#11478 = DIRECTION('',(0.,0.,1.));
#11479 = ORIENTED_EDGE('',*,*,#11480,.F.);
#11480 = EDGE_CURVE('',#11385,#11471,#11481,.T.);
#11481 = LINE('',#11482,#11483);
#11482 = CARTESIAN_POINT('',(0.15,-0.15,1.5E-02));
#11483 = VECTOR('',#11484,1.);
#11484 = DIRECTION('',(1.,0.,0.));
#11485 = ORIENTED_EDGE('',*,*,#11384,.T.);
#11486 = ORIENTED_EDGE('',*,*,#11487,.T.);
#11487 = EDGE_CURVE('',#11387,#11473,#11488,.T.);
#11488 = LINE('',#11489,#11490);
#11489 = CARTESIAN_POINT('',(0.15,-0.15,0.285));
#11490 = VECTOR('',#11491,1.);
#11491 = DIRECTION('',(1.,0.,0.));
#11492 = PLANE('',#11493);
#11493 = AXIS2_PLACEMENT_3D('',#11494,#11495,#11496);
#11494 = CARTESIAN_POINT('',(0.15,-0.15,0.));
#11495 = DIRECTION('',(0.,1.,0.));
#11496 = DIRECTION('',(0.,-0.,1.));
#11497 = ADVANCED_FACE('',(#11498),#11517,.T.);
#11498 = FACE_BOUND('',#11499,.T.);
#11499 = EDGE_LOOP('',(#11500,#11501,#11509,#11516));
#11500 = ORIENTED_EDGE('',*,*,#11394,.T.);
#11501 = ORIENTED_EDGE('',*,*,#11502,.T.);
#11502 = EDGE_CURVE('',#11395,#11503,#11505,.T.);
#11503 = VERTEX_POINT('',#11504);
#11504 = CARTESIAN_POINT('',(0.3,-0.135,-2.775557561563E-17));
#11505 = LINE('',#11506,#11507);
#11506 = CARTESIAN_POINT('',(0.15,-0.135,-2.775557561563E-17));
#11507 = VECTOR('',#11508,1.);
#11508 = DIRECTION('',(1.,0.,0.));
#11509 = ORIENTED_EDGE('',*,*,#11510,.F.);
#11510 = EDGE_CURVE('',#11471,#11503,#11511,.T.);
#11511 = CIRCLE('',#11512,1.5E-02);
#11512 = AXIS2_PLACEMENT_3D('',#11513,#11514,#11515);
#11513 = CARTESIAN_POINT('',(0.3,-0.135,1.5E-02));
#11514 = DIRECTION('',(1.,0.,-0.));
#11515 = DIRECTION('',(0.,0.,1.));
#11516 = ORIENTED_EDGE('',*,*,#11480,.F.);
#11517 = CYLINDRICAL_SURFACE('',#11518,1.5E-02);
#11518 = AXIS2_PLACEMENT_3D('',#11519,#11520,#11521);
#11519 = CARTESIAN_POINT('',(0.15,-0.135,1.5E-02));
#11520 = DIRECTION('',(1.,0.,0.));
#11521 = DIRECTION('',(0.,-1.,0.));
#11522 = ADVANCED_FACE('',(#11523),#11542,.T.);
#11523 = FACE_BOUND('',#11524,.T.);
#11524 = EDGE_LOOP('',(#11525,#11526,#11535,#11541));
#11525 = ORIENTED_EDGE('',*,*,#11487,.T.);
#11526 = ORIENTED_EDGE('',*,*,#11527,.T.);
#11527 = EDGE_CURVE('',#11473,#11528,#11530,.T.);
#11528 = VERTEX_POINT('',#11529);
#11529 = CARTESIAN_POINT('',(0.3,-0.135,0.3));
#11530 = CIRCLE('',#11531,1.5E-02);
#11531 = AXIS2_PLACEMENT_3D('',#11532,#11533,#11534);
#11532 = CARTESIAN_POINT('',(0.3,-0.135,0.285));
#11533 = DIRECTION('',(-1.,0.,0.));
#11534 = DIRECTION('',(0.,0.,1.));
#11535 = ORIENTED_EDGE('',*,*,#11536,.F.);
#11536 = EDGE_CURVE('',#11438,#11528,#11537,.T.);
#11537 = LINE('',#11538,#11539);
#11538 = CARTESIAN_POINT('',(0.15,-0.135,0.3));
#11539 = VECTOR('',#11540,1.);
#11540 = DIRECTION('',(1.,0.,0.));
#11541 = ORIENTED_EDGE('',*,*,#11445,.F.);
#11542 = CYLINDRICAL_SURFACE('',#11543,1.5E-02);
#11543 = AXIS2_PLACEMENT_3D('',#11544,#11545,#11546);
#11544 = CARTESIAN_POINT('',(0.15,-0.135,0.285));
#11545 = DIRECTION('',(1.,0.,0.));
#11546 = DIRECTION('',(0.,-1.,0.));
#11547 = ADVANCED_FACE('',(#11548),#11566,.F.);
#11548 = FACE_BOUND('',#11549,.F.);
#11549 = EDGE_LOOP('',(#11550,#11551,#11552,#11560));
#11550 = ORIENTED_EDGE('',*,*,#11403,.F.);
#11551 = ORIENTED_EDGE('',*,*,#11502,.T.);
#11552 = ORIENTED_EDGE('',*,*,#11553,.T.);
#11553 = EDGE_CURVE('',#11503,#11554,#11556,.T.);
#11554 = VERTEX_POINT('',#11555);
#11555 = CARTESIAN_POINT('',(0.3,0.135,-2.775557561563E-17));
#11556 = LINE('',#11557,#11558);
#11557 = CARTESIAN_POINT('',(0.3,-0.15,0.));
#11558 = VECTOR('',#11559,1.);
#11559 = DIRECTION('',(0.,1.,0.));
#11560 = ORIENTED_EDGE('',*,*,#11561,.F.);
#11561 = EDGE_CURVE('',#11404,#11554,#11562,.T.);
#11562 = LINE('',#11563,#11564);
#11563 = CARTESIAN_POINT('',(0.15,0.135,-2.775557561563E-17));
#11564 = VECTOR('',#11565,1.);
#11565 = DIRECTION('',(1.,0.,0.));
#11566 = PLANE('',#11567);
#11567 = AXIS2_PLACEMENT_3D('',#11568,#11569,#11570);
#11568 = CARTESIAN_POINT('',(0.15,-0.15,0.));
#11569 = DIRECTION('',(0.,0.,1.));
#11570 = DIRECTION('',(1.,0.,-0.));
#11571 = ADVANCED_FACE('',(#11572),#11590,.T.);
#11572 = FACE_BOUND('',#11573,.T.);
#11573 = EDGE_LOOP('',(#11574,#11575,#11576,#11584));
#11574 = ORIENTED_EDGE('',*,*,#11437,.F.);
#11575 = ORIENTED_EDGE('',*,*,#11536,.T.);
#11576 = ORIENTED_EDGE('',*,*,#11577,.T.);
#11577 = EDGE_CURVE('',#11528,#11578,#11580,.T.);
#11578 = VERTEX_POINT('',#11579);
#11579 = CARTESIAN_POINT('',(0.3,0.135,0.3));
#11580 = LINE('',#11581,#11582);
#11581 = CARTESIAN_POINT('',(0.3,-0.15,0.3));
#11582 = VECTOR('',#11583,1.);
#11583 = DIRECTION('',(0.,1.,0.));
#11584 = ORIENTED_EDGE('',*,*,#11585,.F.);
#11585 = EDGE_CURVE('',#11429,#11578,#11586,.T.);
#11586 = LINE('',#11587,#11588);
#11587 = CARTESIAN_POINT('',(0.15,0.135,0.3));
#11588 = VECTOR('',#11589,1.);
#11589 = DIRECTION('',(1.,0.,0.));
#11590 = PLANE('',#11591);
#11591 = AXIS2_PLACEMENT_3D('',#11592,#11593,#11594);
#11592 = CARTESIAN_POINT('',(0.15,-0.15,0.3));
#11593 = DIRECTION('',(0.,0.,1.));
#11594 = DIRECTION('',(1.,0.,-0.));
#11595 = ADVANCED_FACE('',(#11596),#11615,.T.);
#11596 = FACE_BOUND('',#11597,.T.);
#11597 = EDGE_LOOP('',(#11598,#11606,#11613,#11614));
#11598 = ORIENTED_EDGE('',*,*,#11599,.T.);
#11599 = EDGE_CURVE('',#11412,#11600,#11602,.T.);
#11600 = VERTEX_POINT('',#11601);
#11601 = CARTESIAN_POINT('',(0.3,0.15,1.5E-02));
#11602 = LINE('',#11603,#11604);
#11603 = CARTESIAN_POINT('',(0.15,0.15,1.5E-02));
#11604 = VECTOR('',#11605,1.);
#11605 = DIRECTION('',(1.,0.,0.));
#11606 = ORIENTED_EDGE('',*,*,#11607,.T.);
#11607 = EDGE_CURVE('',#11600,#11554,#11608,.T.);
#11608 = CIRCLE('',#11609,1.5E-02);
#11609 = AXIS2_PLACEMENT_3D('',#11610,#11611,#11612);
#11610 = CARTESIAN_POINT('',(0.3,0.135,1.5E-02));
#11611 = DIRECTION('',(-1.,0.,0.));
#11612 = DIRECTION('',(0.,0.,1.));
#11613 = ORIENTED_EDGE('',*,*,#11561,.F.);
#11614 = ORIENTED_EDGE('',*,*,#11411,.F.);
#11615 = CYLINDRICAL_SURFACE('',#11616,1.5E-02);
#11616 = AXIS2_PLACEMENT_3D('',#11617,#11618,#11619);
#11617 = CARTESIAN_POINT('',(0.15,0.135,1.5E-02));
#11618 = DIRECTION('',(1.,0.,0.));
#11619 = DIRECTION('',(-0.,1.,0.));
#11620 = ADVANCED_FACE('',(#11621),#11640,.T.);
#11621 = FACE_BOUND('',#11622,.T.);
#11622 = EDGE_LOOP('',(#11623,#11624,#11625,#11634));
#11623 = ORIENTED_EDGE('',*,*,#11428,.T.);
#11624 = ORIENTED_EDGE('',*,*,#11585,.T.);
#11625 = ORIENTED_EDGE('',*,*,#11626,.F.);
#11626 = EDGE_CURVE('',#11627,#11578,#11629,.T.);
#11627 = VERTEX_POINT('',#11628);
#11628 = CARTESIAN_POINT('',(0.3,0.15,0.285));
#11629 = CIRCLE('',#11630,1.5E-02);
#11630 = AXIS2_PLACEMENT_3D('',#11631,#11632,#11633);
#11631 = CARTESIAN_POINT('',(0.3,0.135,0.285));
#11632 = DIRECTION('',(1.,0.,-0.));
#11633 = DIRECTION('',(0.,0.,1.));
#11634 = ORIENTED_EDGE('',*,*,#11635,.F.);
#11635 = EDGE_CURVE('',#11421,#11627,#11636,.T.);
#11636 = LINE('',#11637,#11638);
#11637 = CARTESIAN_POINT('',(0.15,0.15,0.285));
#11638 = VECTOR('',#11639,1.);
#11639 = DIRECTION('',(1.,0.,0.));
#11640 = CYLINDRICAL_SURFACE('',#11641,1.5E-02);
#11641 = AXIS2_PLACEMENT_3D('',#11642,#11643,#11644);
#11642 = CARTESIAN_POINT('',(0.15,0.135,0.285));
#11643 = DIRECTION('',(1.,0.,0.));
#11644 = DIRECTION('',(-0.,1.,0.));
#11645 = ADVANCED_FACE('',(#11646),#11657,.T.);
#11646 = FACE_BOUND('',#11647,.T.);
#11647 = EDGE_LOOP('',(#11648,#11654,#11655,#11656));
#11648 = ORIENTED_EDGE('',*,*,#11649,.F.);
#11649 = EDGE_CURVE('',#11600,#11627,#11650,.T.);
#11650 = LINE('',#11651,#11652);
#11651 = CARTESIAN_POINT('',(0.3,0.15,0.));
#11652 = VECTOR('',#11653,1.);
#11653 = DIRECTION('',(0.,0.,1.));
#11654 = ORIENTED_EDGE('',*,*,#11599,.F.);
#11655 = ORIENTED_EDGE('',*,*,#11420,.T.);
#11656 = ORIENTED_EDGE('',*,*,#11635,.T.);
#11657 = PLANE('',#11658);
#11658 = AXIS2_PLACEMENT_3D('',#11659,#11660,#11661);
#11659 = CARTESIAN_POINT('',(0.15,0.15,0.));
#11660 = DIRECTION('',(0.,1.,0.));
#11661 = DIRECTION('',(0.,-0.,1.));
#11662 = ADVANCED_FACE('',(#11663),#11673,.T.);
#11663 = FACE_BOUND('',#11664,.T.);
#11664 = EDGE_LOOP('',(#11665,#11666,#11667,#11668,#11669,#11670,#11671,
    #11672));
#11665 = ORIENTED_EDGE('',*,*,#11470,.F.);
#11666 = ORIENTED_EDGE('',*,*,#11510,.T.);
#11667 = ORIENTED_EDGE('',*,*,#11553,.T.);
#11668 = ORIENTED_EDGE('',*,*,#11607,.F.);
#11669 = ORIENTED_EDGE('',*,*,#11649,.T.);
#11670 = ORIENTED_EDGE('',*,*,#11626,.T.);
#11671 = ORIENTED_EDGE('',*,*,#11577,.F.);
#11672 = ORIENTED_EDGE('',*,*,#11527,.F.);
#11673 = PLANE('',#11674);
#11674 = AXIS2_PLACEMENT_3D('',#11675,#11676,#11677);
#11675 = CARTESIAN_POINT('',(0.3,-0.15,0.));
#11676 = DIRECTION('',(1.,0.,0.));
#11677 = DIRECTION('',(0.,0.,1.));
#11678 = ( GEOMETRIC_REPRESENTATION_CONTEXT(3) 
GLOBAL_UNCERTAINTY_ASSIGNED_CONTEXT((#11682)) 
GLOBAL_UNIT_ASSIGNED_CONTEXT((#11679,#11680,#11681)) 
REPRESENTATION_CONTEXT('Context #1',
  '3D Context with UNIT and UNCERTAINTY') );
#11679 = ( LENGTH_UNIT() NAMED_UNIT(*) SI_UNIT(.MILLI.,.METRE.) );
#11680 = ( NAMED_UNIT(*) PLANE_ANGLE_UNIT() SI_UNIT($,.RADIAN.) );
#11681 = ( NAMED_UNIT(*) SI_UNIT($,.STERADIAN.) SOLID_ANGLE_UNIT() );
#11682 = UNCERTAINTY_MEASURE_WITH_UNIT(LENGTH_MEASURE(1.E-07),#11679,
  'distance_accuracy_value','confusion accuracy');
#11683 = CONTEXT_DEPENDENT_SHAPE_REPRESENTATION(#11684,#11686);
#11684 = ( REPRESENTATION_RELATIONSHIP('','',#10823,#10) 
REPRESENTATION_RELATIONSHIP_WITH_TRANSFORMATION(#11685) 
SHAPE_REPRESENTATION_RELATIONSHIP() );
#11685 = ITEM_DEFINED_TRANSFORMATION('','',#11,#1075);
#11686 = PRODUCT_DEFINITION_SHAPE('Placement','Placement of an item',
  #11687);
#11687 = NEXT_ASSEMBLY_USAGE_OCCURRENCE('266','C6','',#5,#10818,$);
#11688 = PRODUCT_RELATED_PRODUCT_CATEGORY('part',$,(#10820));
#11689 = CONTEXT_DEPENDENT_SHAPE_REPRESENTATION(#11690,#11692);
#11690 = ( REPRESENTATION_RELATIONSHIP('','',#10823,#10) 
REPRESENTATION_RELATIONSHIP_WITH_TRANSFORMATION(#11691) 
SHAPE_REPRESENTATION_RELATIONSHIP() );
#11691 = ITEM_DEFINED_TRANSFORMATION('','',#11,#1079);
#11692 = PRODUCT_DEFINITION_SHAPE('Placement','Placement of an item',
  #11693);
#11693 = NEXT_ASSEMBLY_USAGE_OCCURRENCE('267','C30','',#5,#10818,$);
#11694 = CONTEXT_DEPENDENT_SHAPE_REPRESENTATION(#11695,#11697);
#11695 = ( REPRESENTATION_RELATIONSHIP('','',#7351,#10) 
REPRESENTATION_RELATIONSHIP_WITH_TRANSFORMATION(#11696) 
SHAPE_REPRESENTATION_RELATIONSHIP() );
#11696 = ITEM_DEFINED_TRANSFORMATION('','',#11,#1083);
#11697 = PRODUCT_DEFINITION_SHAPE('Placement','Placement of an item',
  #11698);
#11698 = NEXT_ASSEMBLY_USAGE_OCCURRENCE('268','R15','',#5,#7346,$);
#11699 = CONTEXT_DEPENDENT_SHAPE_REPRESENTATION(#11700,#11702);
#11700 = ( REPRESENTATION_RELATIONSHIP('','',#7351,#10) 
REPRESENTATION_RELATIONSHIP_WITH_TRANSFORMATION(#11701) 
SHAPE_REPRESENTATION_RELATIONSHIP() );
#11701 = ITEM_DEFINED_TRANSFORMATION('','',#11,#1087);
#11702 = PRODUCT_DEFINITION_SHAPE('Placement','Placement of an item',
  #11703);
#11703 = NEXT_ASSEMBLY_USAGE_OCCURRENCE('269','R88','',#5,#7346,$);
#11704 = CONTEXT_DEPENDENT_SHAPE_REPRESENTATION(#11705,#11707);
#11705 = ( REPRESENTATION_RELATIONSHIP('','',#7351,#10) 
REPRESENTATION_RELATIONSHIP_WITH_TRANSFORMATION(#11706) 
SHAPE_REPRESENTATION_RELATIONSHIP() );
#11706 = ITEM_DEFINED_TRANSFORMATION('','',#11,#1091);
#11707 = PRODUCT_DEFINITION_SHAPE('Placement','Placement of an item',
  #11708);
#11708 = NEXT_ASSEMBLY_USAGE_OCCURRENCE('270','R13','',#5,#7346,$);
#11709 = CONTEXT_DEPENDENT_SHAPE_REPRESENTATION(#11710,#11712);
#11710 = ( REPRESENTATION_RELATIONSHIP('','',#10823,#10) 
REPRESENTATION_RELATIONSHIP_WITH_TRANSFORMATION(#11711) 
SHAPE_REPRESENTATION_RELATIONSHIP() );
#11711 = ITEM_DEFINED_TRANSFORMATION('','',#11,#1095);
#11712 = PRODUCT_DEFINITION_SHAPE('Placement','Placement of an item',
  #11713);
#11713 = NEXT_ASSEMBLY_USAGE_OCCURRENCE('271','C28','',#5,#10818,$);
#11714 = CONTEXT_DEPENDENT_SHAPE_REPRESENTATION(#11715,#11717);
#11715 = ( REPRESENTATION_RELATIONSHIP('','',#7351,#10) 
REPRESENTATION_RELATIONSHIP_WITH_TRANSFORMATION(#11716) 
SHAPE_REPRESENTATION_RELATIONSHIP() );
#11716 = ITEM_DEFINED_TRANSFORMATION('','',#11,#1099);
#11717 = PRODUCT_DEFINITION_SHAPE('Placement','Placement of an item',
  #11718);
#11718 = NEXT_ASSEMBLY_USAGE_OCCURRENCE('272','R87','',#5,#7346,$);
#11719 = CONTEXT_DEPENDENT_SHAPE_REPRESENTATION(#11720,#11722);
#11720 = ( REPRESENTATION_RELATIONSHIP('','',#7351,#10) 
REPRESENTATION_RELATIONSHIP_WITH_TRANSFORMATION(#11721) 
SHAPE_REPRESENTATION_RELATIONSHIP() );
#11721 = ITEM_DEFINED_TRANSFORMATION('','',#11,#1103);
#11722 = PRODUCT_DEFINITION_SHAPE('Placement','Placement of an item',
  #11723);
#11723 = NEXT_ASSEMBLY_USAGE_OCCURRENCE('273','R63','',#5,#7346,$);
#11724 = CONTEXT_DEPENDENT_SHAPE_REPRESENTATION(#11725,#11727);
#11725 = ( REPRESENTATION_RELATIONSHIP('','',#7351,#10) 
REPRESENTATION_RELATIONSHIP_WITH_TRANSFORMATION(#11726) 
SHAPE_REPRESENTATION_RELATIONSHIP() );
#11726 = ITEM_DEFINED_TRANSFORMATION('','',#11,#1107);
#11727 = PRODUCT_DEFINITION_SHAPE('Placement','Placement of an item',
  #11728);
#11728 = NEXT_ASSEMBLY_USAGE_OCCURRENCE('274','R60','',#5,#7346,$);
#11729 = CONTEXT_DEPENDENT_SHAPE_REPRESENTATION(#11730,#11732);
#11730 = ( REPRESENTATION_RELATIONSHIP('','',#7351,#10) 
REPRESENTATION_RELATIONSHIP_WITH_TRANSFORMATION(#11731) 
SHAPE_REPRESENTATION_RELATIONSHIP() );
#11731 = ITEM_DEFINED_TRANSFORMATION('','',#11,#1111);
#11732 = PRODUCT_DEFINITION_SHAPE('Placement','Placement of an item',
  #11733);
#11733 = NEXT_ASSEMBLY_USAGE_OCCURRENCE('275','R11','',#5,#7346,$);
#11734 = CONTEXT_DEPENDENT_SHAPE_REPRESENTATION(#11735,#11737);
#11735 = ( REPRESENTATION_RELATIONSHIP('','',#7351,#10) 
REPRESENTATION_RELATIONSHIP_WITH_TRANSFORMATION(#11736) 
SHAPE_REPRESENTATION_RELATIONSHIP() );
#11736 = ITEM_DEFINED_TRANSFORMATION('','',#11,#1115);
#11737 = PRODUCT_DEFINITION_SHAPE('Placement','Placement of an item',
  #11738);
#11738 = NEXT_ASSEMBLY_USAGE_OCCURRENCE('276','R29','',#5,#7346,$);
#11739 = CONTEXT_DEPENDENT_SHAPE_REPRESENTATION(#11740,#11742);
#11740 = ( REPRESENTATION_RELATIONSHIP('','',#7351,#10) 
REPRESENTATION_RELATIONSHIP_WITH_TRANSFORMATION(#11741) 
SHAPE_REPRESENTATION_RELATIONSHIP() );
#11741 = ITEM_DEFINED_TRANSFORMATION('','',#11,#1119);
#11742 = PRODUCT_DEFINITION_SHAPE('Placement','Placement of an item',
  #11743);
#11743 = NEXT_ASSEMBLY_USAGE_OCCURRENCE('277','R40','',#5,#7346,$);
#11744 = CONTEXT_DEPENDENT_SHAPE_REPRESENTATION(#11745,#11747);
#11745 = ( REPRESENTATION_RELATIONSHIP('','',#10823,#10) 
REPRESENTATION_RELATIONSHIP_WITH_TRANSFORMATION(#11746) 
SHAPE_REPRESENTATION_RELATIONSHIP() );
#11746 = ITEM_DEFINED_TRANSFORMATION('','',#11,#1123);
#11747 = PRODUCT_DEFINITION_SHAPE('Placement','Placement of an item',
  #11748);
#11748 = NEXT_ASSEMBLY_USAGE_OCCURRENCE('278','C5','',#5,#10818,$);
#11749 = CONTEXT_DEPENDENT_SHAPE_REPRESENTATION(#11750,#11752);
#11750 = ( REPRESENTATION_RELATIONSHIP('','',#10823,#10) 
REPRESENTATION_RELATIONSHIP_WITH_TRANSFORMATION(#11751) 
SHAPE_REPRESENTATION_RELATIONSHIP() );
#11751 = ITEM_DEFINED_TRANSFORMATION('','',#11,#1127);
#11752 = PRODUCT_DEFINITION_SHAPE('Placement','Placement of an item',
  #11753);
#11753 = NEXT_ASSEMBLY_USAGE_OCCURRENCE('279','C11','',#5,#10818,$);
#11754 = CONTEXT_DEPENDENT_SHAPE_REPRESENTATION(#11755,#11757);
#11755 = ( REPRESENTATION_RELATIONSHIP('','',#7351,#10) 
REPRESENTATION_RELATIONSHIP_WITH_TRANSFORMATION(#11756) 
SHAPE_REPRESENTATION_RELATIONSHIP() );
#11756 = ITEM_DEFINED_TRANSFORMATION('','',#11,#1131);
#11757 = PRODUCT_DEFINITION_SHAPE('Placement','Placement of an item',
  #11758);
#11758 = NEXT_ASSEMBLY_USAGE_OCCURRENCE('280','R48','',#5,#7346,$);
#11759 = CONTEXT_DEPENDENT_SHAPE_REPRESENTATION(#11760,#11762);
#11760 = ( REPRESENTATION_RELATIONSHIP('','',#7351,#10) 
REPRESENTATION_RELATIONSHIP_WITH_TRANSFORMATION(#11761) 
SHAPE_REPRESENTATION_RELATIONSHIP() );
#11761 = ITEM_DEFINED_TRANSFORMATION('','',#11,#1135);
#11762 = PRODUCT_DEFINITION_SHAPE('Placement','Placement of an item',
  #11763);
#11763 = NEXT_ASSEMBLY_USAGE_OCCURRENCE('281','R35','',#5,#7346,$);
#11764 = CONTEXT_DEPENDENT_SHAPE_REPRESENTATION(#11765,#11767);
#11765 = ( REPRESENTATION_RELATIONSHIP('','',#7351,#10) 
REPRESENTATION_RELATIONSHIP_WITH_TRANSFORMATION(#11766) 
SHAPE_REPRESENTATION_RELATIONSHIP() );
#11766 = ITEM_DEFINED_TRANSFORMATION('','',#11,#1139);
#11767 = PRODUCT_DEFINITION_SHAPE('Placement','Placement of an item',
  #11768);
#11768 = NEXT_ASSEMBLY_USAGE_OCCURRENCE('282','R28','',#5,#7346,$);
#11769 = CONTEXT_DEPENDENT_SHAPE_REPRESENTATION(#11770,#11772);
#11770 = ( REPRESENTATION_RELATIONSHIP('','',#7351,#10) 
REPRESENTATION_RELATIONSHIP_WITH_TRANSFORMATION(#11771) 
SHAPE_REPRESENTATION_RELATIONSHIP() );
#11771 = ITEM_DEFINED_TRANSFORMATION('','',#11,#1143);
#11772 = PRODUCT_DEFINITION_SHAPE('Placement','Placement of an item',
  #11773);
#11773 = NEXT_ASSEMBLY_USAGE_OCCURRENCE('283','R74','',#5,#7346,$);
#11774 = CONTEXT_DEPENDENT_SHAPE_REPRESENTATION(#11775,#11777);
#11775 = ( REPRESENTATION_RELATIONSHIP('','',#7351,#10) 
REPRESENTATION_RELATIONSHIP_WITH_TRANSFORMATION(#11776) 
SHAPE_REPRESENTATION_RELATIONSHIP() );
#11776 = ITEM_DEFINED_TRANSFORMATION('','',#11,#1147);
#11777 = PRODUCT_DEFINITION_SHAPE('Placement','Placement of an item',
  #11778);
#11778 = NEXT_ASSEMBLY_USAGE_OCCURRENCE('284','R10','',#5,#7346,$);
#11779 = CONTEXT_DEPENDENT_SHAPE_REPRESENTATION(#11780,#11782);
#11780 = ( REPRESENTATION_RELATIONSHIP('','',#7351,#10) 
REPRESENTATION_RELATIONSHIP_WITH_TRANSFORMATION(#11781) 
SHAPE_REPRESENTATION_RELATIONSHIP() );
#11781 = ITEM_DEFINED_TRANSFORMATION('','',#11,#1151);
#11782 = PRODUCT_DEFINITION_SHAPE('Placement','Placement of an item',
  #11783);
#11783 = NEXT_ASSEMBLY_USAGE_OCCURRENCE('285','R62','',#5,#7346,$);
#11784 = CONTEXT_DEPENDENT_SHAPE_REPRESENTATION(#11785,#11787);
#11785 = ( REPRESENTATION_RELATIONSHIP('','',#7351,#10) 
REPRESENTATION_RELATIONSHIP_WITH_TRANSFORMATION(#11786) 
SHAPE_REPRESENTATION_RELATIONSHIP() );
#11786 = ITEM_DEFINED_TRANSFORMATION('','',#11,#1155);
#11787 = PRODUCT_DEFINITION_SHAPE('Placement','Placement of an item',
  #11788);
#11788 = NEXT_ASSEMBLY_USAGE_OCCURRENCE('286','R19','',#5,#7346,$);
#11789 = CONTEXT_DEPENDENT_SHAPE_REPRESENTATION(#11790,#11792);
#11790 = ( REPRESENTATION_RELATIONSHIP('','',#8175,#10) 
REPRESENTATION_RELATIONSHIP_WITH_TRANSFORMATION(#11791) 
SHAPE_REPRESENTATION_RELATIONSHIP() );
#11791 = ITEM_DEFINED_TRANSFORMATION('','',#11,#1159);
#11792 = PRODUCT_DEFINITION_SHAPE('Placement','Placement of an item',
  #11793);
#11793 = NEXT_ASSEMBLY_USAGE_OCCURRENCE('287','Q12','',#5,#8170,$);
#11794 = CONTEXT_DEPENDENT_SHAPE_REPRESENTATION(#11795,#11797);
#11795 = ( REPRESENTATION_RELATIONSHIP('','',#10823,#10) 
REPRESENTATION_RELATIONSHIP_WITH_TRANSFORMATION(#11796) 
SHAPE_REPRESENTATION_RELATIONSHIP() );
#11796 = ITEM_DEFINED_TRANSFORMATION('','',#11,#1163);
#11797 = PRODUCT_DEFINITION_SHAPE('Placement','Placement of an item',
  #11798);
#11798 = NEXT_ASSEMBLY_USAGE_OCCURRENCE('288','C12','',#5,#10818,$);
#11799 = CONTEXT_DEPENDENT_SHAPE_REPRESENTATION(#11800,#11802);
#11800 = ( REPRESENTATION_RELATIONSHIP('','',#7351,#10) 
REPRESENTATION_RELATIONSHIP_WITH_TRANSFORMATION(#11801) 
SHAPE_REPRESENTATION_RELATIONSHIP() );
#11801 = ITEM_DEFINED_TRANSFORMATION('','',#11,#1167);
#11802 = PRODUCT_DEFINITION_SHAPE('Placement','Placement of an item',
  #11803);
#11803 = NEXT_ASSEMBLY_USAGE_OCCURRENCE('289','R99','',#5,#7346,$);
#11804 = CONTEXT_DEPENDENT_SHAPE_REPRESENTATION(#11805,#11807);
#11805 = ( REPRESENTATION_RELATIONSHIP('','',#7351,#10) 
REPRESENTATION_RELATIONSHIP_WITH_TRANSFORMATION(#11806) 
SHAPE_REPRESENTATION_RELATIONSHIP() );
#11806 = ITEM_DEFINED_TRANSFORMATION('','',#11,#1171);
#11807 = PRODUCT_DEFINITION_SHAPE('Placement','Placement of an item',
  #11808);
#11808 = NEXT_ASSEMBLY_USAGE_OCCURRENCE('290','R30','',#5,#7346,$);
#11809 = CONTEXT_DEPENDENT_SHAPE_REPRESENTATION(#11810,#11812);
#11810 = ( REPRESENTATION_RELATIONSHIP('','',#10823,#10) 
REPRESENTATION_RELATIONSHIP_WITH_TRANSFORMATION(#11811) 
SHAPE_REPRESENTATION_RELATIONSHIP() );
#11811 = ITEM_DEFINED_TRANSFORMATION('','',#11,#1175);
#11812 = PRODUCT_DEFINITION_SHAPE('Placement','Placement of an item',
  #11813);
#11813 = NEXT_ASSEMBLY_USAGE_OCCURRENCE('291','C13','',#5,#10818,$);
#11814 = CONTEXT_DEPENDENT_SHAPE_REPRESENTATION(#11815,#11817);
#11815 = ( REPRESENTATION_RELATIONSHIP('','',#10823,#10) 
REPRESENTATION_RELATIONSHIP_WITH_TRANSFORMATION(#11816) 
SHAPE_REPRESENTATION_RELATIONSHIP() );
#11816 = ITEM_DEFINED_TRANSFORMATION('','',#11,#1179);
#11817 = PRODUCT_DEFINITION_SHAPE('Placement','Placement of an item',
  #11818);
#11818 = NEXT_ASSEMBLY_USAGE_OCCURRENCE('292','C4','',#5,#10818,$);
#11819 = CONTEXT_DEPENDENT_SHAPE_REPRESENTATION(#11820,#11822);
#11820 = ( REPRESENTATION_RELATIONSHIP('','',#7351,#10) 
REPRESENTATION_RELATIONSHIP_WITH_TRANSFORMATION(#11821) 
SHAPE_REPRESENTATION_RELATIONSHIP() );
#11821 = ITEM_DEFINED_TRANSFORMATION('','',#11,#1183);
#11822 = PRODUCT_DEFINITION_SHAPE('Placement','Placement of an item',
  #11823);
#11823 = NEXT_ASSEMBLY_USAGE_OCCURRENCE('293','R32','',#5,#7346,$);
#11824 = CONTEXT_DEPENDENT_SHAPE_REPRESENTATION(#11825,#11827);
#11825 = ( REPRESENTATION_RELATIONSHIP('','',#7351,#10) 
REPRESENTATION_RELATIONSHIP_WITH_TRANSFORMATION(#11826) 
SHAPE_REPRESENTATION_RELATIONSHIP() );
#11826 = ITEM_DEFINED_TRANSFORMATION('','',#11,#1187);
#11827 = PRODUCT_DEFINITION_SHAPE('Placement','Placement of an item',
  #11828);
#11828 = NEXT_ASSEMBLY_USAGE_OCCURRENCE('294','R1','',#5,#7346,$);
#11829 = CONTEXT_DEPENDENT_SHAPE_REPRESENTATION(#11830,#11832);
#11830 = ( REPRESENTATION_RELATIONSHIP('','',#7351,#10) 
REPRESENTATION_RELATIONSHIP_WITH_TRANSFORMATION(#11831) 
SHAPE_REPRESENTATION_RELATIONSHIP() );
#11831 = ITEM_DEFINED_TRANSFORMATION('','',#11,#1191);
#11832 = PRODUCT_DEFINITION_SHAPE('Placement','Placement of an item',
  #11833);
#11833 = NEXT_ASSEMBLY_USAGE_OCCURRENCE('295','R33','',#5,#7346,$);
#11834 = CONTEXT_DEPENDENT_SHAPE_REPRESENTATION(#11835,#11837);
#11835 = ( REPRESENTATION_RELATIONSHIP('','',#7351,#10) 
REPRESENTATION_RELATIONSHIP_WITH_TRANSFORMATION(#11836) 
SHAPE_REPRESENTATION_RELATIONSHIP() );
#11836 = ITEM_DEFINED_TRANSFORMATION('','',#11,#1195);
#11837 = PRODUCT_DEFINITION_SHAPE('Placement','Placement of an item',
  #11838);
#11838 = NEXT_ASSEMBLY_USAGE_OCCURRENCE('296','R38','',#5,#7346,$);
#11839 = CONTEXT_DEPENDENT_SHAPE_REPRESENTATION(#11840,#11842);
#11840 = ( REPRESENTATION_RELATIONSHIP('','',#10823,#10) 
REPRESENTATION_RELATIONSHIP_WITH_TRANSFORMATION(#11841) 
SHAPE_REPRESENTATION_RELATIONSHIP() );
#11841 = ITEM_DEFINED_TRANSFORMATION('','',#11,#1199);
#11842 = PRODUCT_DEFINITION_SHAPE('Placement','Placement of an item',
  #11843);
#11843 = NEXT_ASSEMBLY_USAGE_OCCURRENCE('297','C2','',#5,#10818,$);
#11844 = CONTEXT_DEPENDENT_SHAPE_REPRESENTATION(#11845,#11847);
#11845 = ( REPRESENTATION_RELATIONSHIP('','',#7351,#10) 
REPRESENTATION_RELATIONSHIP_WITH_TRANSFORMATION(#11846) 
SHAPE_REPRESENTATION_RELATIONSHIP() );
#11846 = ITEM_DEFINED_TRANSFORMATION('','',#11,#1203);
#11847 = PRODUCT_DEFINITION_SHAPE('Placement','Placement of an item',
  #11848);
#11848 = NEXT_ASSEMBLY_USAGE_OCCURRENCE('298','R61','',#5,#7346,$);
#11849 = CONTEXT_DEPENDENT_SHAPE_REPRESENTATION(#11850,#11852);
#11850 = ( REPRESENTATION_RELATIONSHIP('','',#10823,#10) 
REPRESENTATION_RELATIONSHIP_WITH_TRANSFORMATION(#11851) 
SHAPE_REPRESENTATION_RELATIONSHIP() );
#11851 = ITEM_DEFINED_TRANSFORMATION('','',#11,#1207);
#11852 = PRODUCT_DEFINITION_SHAPE('Placement','Placement of an item',
  #11853);
#11853 = NEXT_ASSEMBLY_USAGE_OCCURRENCE('299','C25','',#5,#10818,$);
#11854 = CONTEXT_DEPENDENT_SHAPE_REPRESENTATION(#11855,#11857);
#11855 = ( REPRESENTATION_RELATIONSHIP('','',#7351,#10) 
REPRESENTATION_RELATIONSHIP_WITH_TRANSFORMATION(#11856) 
SHAPE_REPRESENTATION_RELATIONSHIP() );
#11856 = ITEM_DEFINED_TRANSFORMATION('','',#11,#1211);
#11857 = PRODUCT_DEFINITION_SHAPE('Placement','Placement of an item',
  #11858);
#11858 = NEXT_ASSEMBLY_USAGE_OCCURRENCE('300','R56','',#5,#7346,$);
#11859 = CONTEXT_DEPENDENT_SHAPE_REPRESENTATION(#11860,#11862);
#11860 = ( REPRESENTATION_RELATIONSHIP('','',#10823,#10) 
REPRESENTATION_RELATIONSHIP_WITH_TRANSFORMATION(#11861) 
SHAPE_REPRESENTATION_RELATIONSHIP() );
#11861 = ITEM_DEFINED_TRANSFORMATION('','',#11,#1215);
#11862 = PRODUCT_DEFINITION_SHAPE('Placement','Placement of an item',
  #11863);
#11863 = NEXT_ASSEMBLY_USAGE_OCCURRENCE('301','C1','',#5,#10818,$);
#11864 = CONTEXT_DEPENDENT_SHAPE_REPRESENTATION(#11865,#11867);
#11865 = ( REPRESENTATION_RELATIONSHIP('','',#8175,#10) 
REPRESENTATION_RELATIONSHIP_WITH_TRANSFORMATION(#11866) 
SHAPE_REPRESENTATION_RELATIONSHIP() );
#11866 = ITEM_DEFINED_TRANSFORMATION('','',#11,#1219);
#11867 = PRODUCT_DEFINITION_SHAPE('Placement','Placement of an item',
  #11868);
#11868 = NEXT_ASSEMBLY_USAGE_OCCURRENCE('302','Q6','',#5,#8170,$);
#11869 = CONTEXT_DEPENDENT_SHAPE_REPRESENTATION(#11870,#11872);
#11870 = ( REPRESENTATION_RELATIONSHIP('','',#7351,#10) 
REPRESENTATION_RELATIONSHIP_WITH_TRANSFORMATION(#11871) 
SHAPE_REPRESENTATION_RELATIONSHIP() );
#11871 = ITEM_DEFINED_TRANSFORMATION('','',#11,#1223);
#11872 = PRODUCT_DEFINITION_SHAPE('Placement','Placement of an item',
  #11873);
#11873 = NEXT_ASSEMBLY_USAGE_OCCURRENCE('303','R96','',#5,#7346,$);
#11874 = CONTEXT_DEPENDENT_SHAPE_REPRESENTATION(#11875,#11877);
#11875 = ( REPRESENTATION_RELATIONSHIP('','',#7351,#10) 
REPRESENTATION_RELATIONSHIP_WITH_TRANSFORMATION(#11876) 
SHAPE_REPRESENTATION_RELATIONSHIP() );
#11876 = ITEM_DEFINED_TRANSFORMATION('','',#11,#1227);
#11877 = PRODUCT_DEFINITION_SHAPE('Placement','Placement of an item',
  #11878);
#11878 = NEXT_ASSEMBLY_USAGE_OCCURRENCE('304','R90','',#5,#7346,$);
#11879 = CONTEXT_DEPENDENT_SHAPE_REPRESENTATION(#11880,#11882);
#11880 = ( REPRESENTATION_RELATIONSHIP('','',#10823,#10) 
REPRESENTATION_RELATIONSHIP_WITH_TRANSFORMATION(#11881) 
SHAPE_REPRESENTATION_RELATIONSHIP() );
#11881 = ITEM_DEFINED_TRANSFORMATION('','',#11,#1231);
#11882 = PRODUCT_DEFINITION_SHAPE('Placement','Placement of an item',
  #11883);
#11883 = NEXT_ASSEMBLY_USAGE_OCCURRENCE('305','C16','',#5,#10818,$);
#11884 = CONTEXT_DEPENDENT_SHAPE_REPRESENTATION(#11885,#11887);
#11885 = ( REPRESENTATION_RELATIONSHIP('','',#10823,#10) 
REPRESENTATION_RELATIONSHIP_WITH_TRANSFORMATION(#11886) 
SHAPE_REPRESENTATION_RELATIONSHIP() );
#11886 = ITEM_DEFINED_TRANSFORMATION('','',#11,#1235);
#11887 = PRODUCT_DEFINITION_SHAPE('Placement','Placement of an item',
  #11888);
#11888 = NEXT_ASSEMBLY_USAGE_OCCURRENCE('306','C14','',#5,#10818,$);
#11889 = CONTEXT_DEPENDENT_SHAPE_REPRESENTATION(#11890,#11892);
#11890 = ( REPRESENTATION_RELATIONSHIP('','',#7351,#10) 
REPRESENTATION_RELATIONSHIP_WITH_TRANSFORMATION(#11891) 
SHAPE_REPRESENTATION_RELATIONSHIP() );
#11891 = ITEM_DEFINED_TRANSFORMATION('','',#11,#1239);
#11892 = PRODUCT_DEFINITION_SHAPE('Placement','Placement of an item',
  #11893);
#11893 = NEXT_ASSEMBLY_USAGE_OCCURRENCE('307','R6','',#5,#7346,$);
#11894 = CONTEXT_DEPENDENT_SHAPE_REPRESENTATION(#11895,#11897);
#11895 = ( REPRESENTATION_RELATIONSHIP('','',#8175,#10) 
REPRESENTATION_RELATIONSHIP_WITH_TRANSFORMATION(#11896) 
SHAPE_REPRESENTATION_RELATIONSHIP() );
#11896 = ITEM_DEFINED_TRANSFORMATION('','',#11,#1243);
#11897 = PRODUCT_DEFINITION_SHAPE('Placement','Placement of an item',
  #11898);
#11898 = NEXT_ASSEMBLY_USAGE_OCCURRENCE('308','Q14','',#5,#8170,$);
#11899 = CONTEXT_DEPENDENT_SHAPE_REPRESENTATION(#11900,#11902);
#11900 = ( REPRESENTATION_RELATIONSHIP('','',#10823,#10) 
REPRESENTATION_RELATIONSHIP_WITH_TRANSFORMATION(#11901) 
SHAPE_REPRESENTATION_RELATIONSHIP() );
#11901 = ITEM_DEFINED_TRANSFORMATION('','',#11,#1247);
#11902 = PRODUCT_DEFINITION_SHAPE('Placement','Placement of an item',
  #11903);
#11903 = NEXT_ASSEMBLY_USAGE_OCCURRENCE('309','C10','',#5,#10818,$);
#11904 = CONTEXT_DEPENDENT_SHAPE_REPRESENTATION(#11905,#11907);
#11905 = ( REPRESENTATION_RELATIONSHIP('','',#7351,#10) 
REPRESENTATION_RELATIONSHIP_WITH_TRANSFORMATION(#11906) 
SHAPE_REPRESENTATION_RELATIONSHIP() );
#11906 = ITEM_DEFINED_TRANSFORMATION('','',#11,#1251);
#11907 = PRODUCT_DEFINITION_SHAPE('Placement','Placement of an item',
  #11908);
#11908 = NEXT_ASSEMBLY_USAGE_OCCURRENCE('310','R20','',#5,#7346,$);
#11909 = CONTEXT_DEPENDENT_SHAPE_REPRESENTATION(#11910,#11912);
#11910 = ( REPRESENTATION_RELATIONSHIP('','',#10823,#10) 
REPRESENTATION_RELATIONSHIP_WITH_TRANSFORMATION(#11911) 
SHAPE_REPRESENTATION_RELATIONSHIP() );
#11911 = ITEM_DEFINED_TRANSFORMATION('','',#11,#1255);
#11912 = PRODUCT_DEFINITION_SHAPE('Placement','Placement of an item',
  #11913);
#11913 = NEXT_ASSEMBLY_USAGE_OCCURRENCE('311','C15','',#5,#10818,$);
#11914 = CONTEXT_DEPENDENT_SHAPE_REPRESENTATION(#11915,#11917);
#11915 = ( REPRESENTATION_RELATIONSHIP('','',#10823,#10) 
REPRESENTATION_RELATIONSHIP_WITH_TRANSFORMATION(#11916) 
SHAPE_REPRESENTATION_RELATIONSHIP() );
#11916 = ITEM_DEFINED_TRANSFORMATION('','',#11,#1259);
#11917 = PRODUCT_DEFINITION_SHAPE('Placement','Placement of an item',
  #11918);
#11918 = NEXT_ASSEMBLY_USAGE_OCCURRENCE('312','C8','',#5,#10818,$);
#11919 = CONTEXT_DEPENDENT_SHAPE_REPRESENTATION(#11920,#11922);
#11920 = ( REPRESENTATION_RELATIONSHIP('','',#7351,#10) 
REPRESENTATION_RELATIONSHIP_WITH_TRANSFORMATION(#11921) 
SHAPE_REPRESENTATION_RELATIONSHIP() );
#11921 = ITEM_DEFINED_TRANSFORMATION('','',#11,#1263);
#11922 = PRODUCT_DEFINITION_SHAPE('Placement','Placement of an item',
  #11923);
#11923 = NEXT_ASSEMBLY_USAGE_OCCURRENCE('313','R100','',#5,#7346,$);
#11924 = CONTEXT_DEPENDENT_SHAPE_REPRESENTATION(#11925,#11927);
#11925 = ( REPRESENTATION_RELATIONSHIP('','',#7351,#10) 
REPRESENTATION_RELATIONSHIP_WITH_TRANSFORMATION(#11926) 
SHAPE_REPRESENTATION_RELATIONSHIP() );
#11926 = ITEM_DEFINED_TRANSFORMATION('','',#11,#1267);
#11927 = PRODUCT_DEFINITION_SHAPE('Placement','Placement of an item',
  #11928);
#11928 = NEXT_ASSEMBLY_USAGE_OCCURRENCE('314','R77','',#5,#7346,$);
#11929 = CONTEXT_DEPENDENT_SHAPE_REPRESENTATION(#11930,#11932);
#11930 = ( REPRESENTATION_RELATIONSHIP('','',#7351,#10) 
REPRESENTATION_RELATIONSHIP_WITH_TRANSFORMATION(#11931) 
SHAPE_REPRESENTATION_RELATIONSHIP() );
#11931 = ITEM_DEFINED_TRANSFORMATION('','',#11,#1271);
#11932 = PRODUCT_DEFINITION_SHAPE('Placement','Placement of an item',
  #11933);
#11933 = NEXT_ASSEMBLY_USAGE_OCCURRENCE('315','R12','',#5,#7346,$);
#11934 = CONTEXT_DEPENDENT_SHAPE_REPRESENTATION(#11935,#11937);
#11935 = ( REPRESENTATION_RELATIONSHIP('','',#10823,#10) 
REPRESENTATION_RELATIONSHIP_WITH_TRANSFORMATION(#11936) 
SHAPE_REPRESENTATION_RELATIONSHIP() );
#11936 = ITEM_DEFINED_TRANSFORMATION('','',#11,#1275);
#11937 = PRODUCT_DEFINITION_SHAPE('Placement','Placement of an item',
  #11938);
#11938 = NEXT_ASSEMBLY_USAGE_OCCURRENCE('316','C3','',#5,#10818,$);
#11939 = CONTEXT_DEPENDENT_SHAPE_REPRESENTATION(#11940,#11942);
#11940 = ( REPRESENTATION_RELATIONSHIP('','',#7351,#10) 
REPRESENTATION_RELATIONSHIP_WITH_TRANSFORMATION(#11941) 
SHAPE_REPRESENTATION_RELATIONSHIP() );
#11941 = ITEM_DEFINED_TRANSFORMATION('','',#11,#1279);
#11942 = PRODUCT_DEFINITION_SHAPE('Placement','Placement of an item',
  #11943);
#11943 = NEXT_ASSEMBLY_USAGE_OCCURRENCE('317','R64','',#5,#7346,$);
#11944 = CONTEXT_DEPENDENT_SHAPE_REPRESENTATION(#11945,#11947);
#11945 = ( REPRESENTATION_RELATIONSHIP('','',#7351,#10) 
REPRESENTATION_RELATIONSHIP_WITH_TRANSFORMATION(#11946) 
SHAPE_REPRESENTATION_RELATIONSHIP() );
#11946 = ITEM_DEFINED_TRANSFORMATION('','',#11,#1283);
#11947 = PRODUCT_DEFINITION_SHAPE('Placement','Placement of an item',
  #11948);
#11948 = NEXT_ASSEMBLY_USAGE_OCCURRENCE('318','R75','',#5,#7346,$);
#11949 = CONTEXT_DEPENDENT_SHAPE_REPRESENTATION(#11950,#11952);
#11950 = ( REPRESENTATION_RELATIONSHIP('','',#7351,#10) 
REPRESENTATION_RELATIONSHIP_WITH_TRANSFORMATION(#11951) 
SHAPE_REPRESENTATION_RELATIONSHIP() );
#11951 = ITEM_DEFINED_TRANSFORMATION('','',#11,#1287);
#11952 = PRODUCT_DEFINITION_SHAPE('Placement','Placement of an item',
  #11953);
#11953 = NEXT_ASSEMBLY_USAGE_OCCURRENCE('319','R23','',#5,#7346,$);
#11954 = SHAPE_DEFINITION_REPRESENTATION(#11955,#11961);
#11955 = PRODUCT_DEFINITION_SHAPE('','',#11956);
#11956 = PRODUCT_DEFINITION('design','',#11957,#11960);
#11957 = PRODUCT_DEFINITION_FORMATION('','',#11958);
#11958 = PRODUCT('Resonator_SMD_Murata_CSTxExxV-3Pin_3.0x1.1mm',
  'Resonator_SMD_Murata_CSTxExxV-3Pin_3.0x1.1mm','',(#11959));
#11959 = PRODUCT_CONTEXT('',#2,'mechanical');
#11960 = PRODUCT_DEFINITION_CONTEXT('part definition',#2,'design');
#11961 = ADVANCED_BREP_SHAPE_REPRESENTATION('',(#11,#11962),#14432);
#11962 = MANIFOLD_SOLID_BREP('',#11963);
#11963 = CLOSED_SHELL('',(#11964,#12004,#12051,#12098,#12147,#12164,
    #12277,#12301,#12325,#12356,#12405,#12429,#12460,#12484,#12547,
    #12587,#12611,#12651,#12675,#12715,#12739,#12765,#12789,#12822,
    #12846,#12870,#12926,#12943,#13047,#13085,#13097,#13121,#13175,
    #13197,#13237,#13261,#13285,#13302,#13356,#13368,#13385,#13439,
    #13451,#13476,#13501,#13518,#13535,#13559,#13571,#13583,#13607,
    #13638,#13662,#13702,#13726,#13766,#13790,#13830,#13847,#13859,
    #13871,#13888,#13942,#13954,#14003,#14020,#14042,#14066,#14090,
    #14107,#14138,#14155,#14177,#14189,#14234,#14246,#14263,#14287,
    #14304,#14321,#14333,#14350,#14374,#14391,#14403,#14420));
#11964 = ADVANCED_FACE('',(#11965),#11999,.F.);
#11965 = FACE_BOUND('',#11966,.F.);
#11966 = EDGE_LOOP('',(#11967,#11977,#11985,#11993));
#11967 = ORIENTED_EDGE('',*,*,#11968,.T.);
#11968 = EDGE_CURVE('',#11969,#11971,#11973,.T.);
#11969 = VERTEX_POINT('',#11970);
#11970 = CARTESIAN_POINT('',(0.95,-0.675,0.));
#11971 = VERTEX_POINT('',#11972);
#11972 = CARTESIAN_POINT('',(0.95,-0.675,0.425));
#11973 = LINE('',#11974,#11975);
#11974 = CARTESIAN_POINT('',(0.95,-0.675,0.));
#11975 = VECTOR('',#11976,1.);
#11976 = DIRECTION('',(0.,0.,1.));
#11977 = ORIENTED_EDGE('',*,*,#11978,.T.);
#11978 = EDGE_CURVE('',#11971,#11979,#11981,.T.);
#11979 = VERTEX_POINT('',#11980);
#11980 = CARTESIAN_POINT('',(1.45,-0.675,0.425));
#11981 = LINE('',#11982,#11983);
#11982 = CARTESIAN_POINT('',(0.95,-0.675,0.425));
#11983 = VECTOR('',#11984,1.);
#11984 = DIRECTION('',(1.,0.,0.));
#11985 = ORIENTED_EDGE('',*,*,#11986,.F.);
#11986 = EDGE_CURVE('',#11987,#11979,#11989,.T.);
#11987 = VERTEX_POINT('',#11988);
#11988 = CARTESIAN_POINT('',(1.45,-0.675,0.));
#11989 = LINE('',#11990,#11991);
#11990 = CARTESIAN_POINT('',(1.45,-0.675,0.));
#11991 = VECTOR('',#11992,1.);
#11992 = DIRECTION('',(0.,0.,1.));
#11993 = ORIENTED_EDGE('',*,*,#11994,.F.);
#11994 = EDGE_CURVE('',#11969,#11987,#11995,.T.);
#11995 = LINE('',#11996,#11997);
#11996 = CARTESIAN_POINT('',(0.95,-0.675,0.));
#11997 = VECTOR('',#11998,1.);
#11998 = DIRECTION('',(1.,0.,0.));
#11999 = PLANE('',#12000);
#12000 = AXIS2_PLACEMENT_3D('',#12001,#12002,#12003);
#12001 = CARTESIAN_POINT('',(0.95,-0.675,0.));
#12002 = DIRECTION('',(0.,1.,0.));
#12003 = DIRECTION('',(1.,0.,0.));
#12004 = ADVANCED_FACE('',(#12005),#12046,.F.);
#12005 = FACE_BOUND('',#12006,.F.);
#12006 = EDGE_LOOP('',(#12007,#12017,#12023,#12024,#12032,#12040));
#12007 = ORIENTED_EDGE('',*,*,#12008,.T.);
#12008 = EDGE_CURVE('',#12009,#12011,#12013,.T.);
#12009 = VERTEX_POINT('',#12010);
#12010 = CARTESIAN_POINT('',(0.95,-0.55,0.4));
#12011 = VERTEX_POINT('',#12012);
#12012 = CARTESIAN_POINT('',(0.95,-0.55,0.425));
#12013 = LINE('',#12014,#12015);
#12014 = CARTESIAN_POINT('',(0.95,-0.55,0.));
#12015 = VECTOR('',#12016,1.);
#12016 = DIRECTION('',(0.,0.,1.));
#12017 = ORIENTED_EDGE('',*,*,#12018,.T.);
#12018 = EDGE_CURVE('',#12011,#11971,#12019,.T.);
#12019 = LINE('',#12020,#12021);
#12020 = CARTESIAN_POINT('',(0.95,0.675,0.425));
#12021 = VECTOR('',#12022,1.);
#12022 = DIRECTION('',(0.,-1.,0.));
#12023 = ORIENTED_EDGE('',*,*,#11968,.F.);
#12024 = ORIENTED_EDGE('',*,*,#12025,.F.);
#12025 = EDGE_CURVE('',#12026,#11969,#12028,.T.);
#12026 = VERTEX_POINT('',#12027);
#12027 = CARTESIAN_POINT('',(0.95,-0.65,0.));
#12028 = LINE('',#12029,#12030);
#12029 = CARTESIAN_POINT('',(0.95,0.675,0.));
#12030 = VECTOR('',#12031,1.);
#12031 = DIRECTION('',(0.,-1.,0.));
#12032 = ORIENTED_EDGE('',*,*,#12033,.T.);
#12033 = EDGE_CURVE('',#12026,#12034,#12036,.T.);
#12034 = VERTEX_POINT('',#12035);
#12035 = CARTESIAN_POINT('',(0.95,-0.65,0.4));
#12036 = LINE('',#12037,#12038);
#12037 = CARTESIAN_POINT('',(0.95,-0.65,0.));
#12038 = VECTOR('',#12039,1.);
#12039 = DIRECTION('',(0.,0.,1.));
#12040 = ORIENTED_EDGE('',*,*,#12041,.F.);
#12041 = EDGE_CURVE('',#12009,#12034,#12042,.T.);
#12042 = LINE('',#12043,#12044);
#12043 = CARTESIAN_POINT('',(0.95,0.3375,0.4));
#12044 = VECTOR('',#12045,1.);
#12045 = DIRECTION('',(0.,-1.,0.));
#12046 = PLANE('',#12047);
#12047 = AXIS2_PLACEMENT_3D('',#12048,#12049,#12050);
#12048 = CARTESIAN_POINT('',(0.95,0.675,0.));
#12049 = DIRECTION('',(1.,0.,0.));
#12050 = DIRECTION('',(0.,-1.,0.));
#12051 = ADVANCED_FACE('',(#12052),#12093,.F.);
#12052 = FACE_BOUND('',#12053,.F.);
#12053 = EDGE_LOOP('',(#12054,#12062,#12063,#12071,#12079,#12087));
#12054 = ORIENTED_EDGE('',*,*,#12055,.F.);
#12055 = EDGE_CURVE('',#11987,#12056,#12058,.T.);
#12056 = VERTEX_POINT('',#12057);
#12057 = CARTESIAN_POINT('',(1.45,-0.65,0.));
#12058 = LINE('',#12059,#12060);
#12059 = CARTESIAN_POINT('',(1.45,-0.675,0.));
#12060 = VECTOR('',#12061,1.);
#12061 = DIRECTION('',(0.,1.,0.));
#12062 = ORIENTED_EDGE('',*,*,#11986,.T.);
#12063 = ORIENTED_EDGE('',*,*,#12064,.T.);
#12064 = EDGE_CURVE('',#11979,#12065,#12067,.T.);
#12065 = VERTEX_POINT('',#12066);
#12066 = CARTESIAN_POINT('',(1.45,-0.55,0.425));
#12067 = LINE('',#12068,#12069);
#12068 = CARTESIAN_POINT('',(1.45,-0.675,0.425));
#12069 = VECTOR('',#12070,1.);
#12070 = DIRECTION('',(0.,1.,0.));
#12071 = ORIENTED_EDGE('',*,*,#12072,.T.);
#12072 = EDGE_CURVE('',#12065,#12073,#12075,.T.);
#12073 = VERTEX_POINT('',#12074);
#12074 = CARTESIAN_POINT('',(1.45,-0.55,0.4));
#12075 = LINE('',#12076,#12077);
#12076 = CARTESIAN_POINT('',(1.45,-0.55,0.));
#12077 = VECTOR('',#12078,1.);
#12078 = DIRECTION('',(0.,0.,-1.));
#12079 = ORIENTED_EDGE('',*,*,#12080,.F.);
#12080 = EDGE_CURVE('',#12081,#12073,#12083,.T.);
#12081 = VERTEX_POINT('',#12082);
#12082 = CARTESIAN_POINT('',(1.45,-0.65,0.4));
#12083 = LINE('',#12084,#12085);
#12084 = CARTESIAN_POINT('',(1.45,-0.3375,0.4));
#12085 = VECTOR('',#12086,1.);
#12086 = DIRECTION('',(0.,1.,0.));
#12087 = ORIENTED_EDGE('',*,*,#12088,.T.);
#12088 = EDGE_CURVE('',#12081,#12056,#12089,.T.);
#12089 = LINE('',#12090,#12091);
#12090 = CARTESIAN_POINT('',(1.45,-0.65,0.));
#12091 = VECTOR('',#12092,1.);
#12092 = DIRECTION('',(0.,0.,-1.));
#12093 = PLANE('',#12094);
#12094 = AXIS2_PLACEMENT_3D('',#12095,#12096,#12097);
#12095 = CARTESIAN_POINT('',(1.45,-0.675,0.));
#12096 = DIRECTION('',(-1.,0.,0.));
#12097 = DIRECTION('',(0.,1.,0.));
#12098 = ADVANCED_FACE('',(#12099),#12142,.F.);
#12099 = FACE_BOUND('',#12100,.F.);
#12100 = EDGE_LOOP('',(#12101,#12102,#12103,#12104,#12112,#12120,#12128,
    #12136));
#12101 = ORIENTED_EDGE('',*,*,#12025,.T.);
#12102 = ORIENTED_EDGE('',*,*,#11994,.T.);
#12103 = ORIENTED_EDGE('',*,*,#12055,.T.);
#12104 = ORIENTED_EDGE('',*,*,#12105,.F.);
#12105 = EDGE_CURVE('',#12106,#12056,#12108,.T.);
#12106 = VERTEX_POINT('',#12107);
#12107 = CARTESIAN_POINT('',(1.4,-0.65,0.));
#12108 = LINE('',#12109,#12110);
#12109 = CARTESIAN_POINT('',(-1.6,-0.65,0.));
#12110 = VECTOR('',#12111,1.);
#12111 = DIRECTION('',(1.,0.,0.));
#12112 = ORIENTED_EDGE('',*,*,#12113,.T.);
#12113 = EDGE_CURVE('',#12106,#12114,#12116,.T.);
#12114 = VERTEX_POINT('',#12115);
#12115 = CARTESIAN_POINT('',(1.4,-0.55,0.));
#12116 = LINE('',#12117,#12118);
#12117 = CARTESIAN_POINT('',(1.4,-0.675,0.));
#12118 = VECTOR('',#12119,1.);
#12119 = DIRECTION('',(0.,1.,0.));
#12120 = ORIENTED_EDGE('',*,*,#12121,.F.);
#12121 = EDGE_CURVE('',#12122,#12114,#12124,.T.);
#12122 = VERTEX_POINT('',#12123);
#12123 = CARTESIAN_POINT('',(1.,-0.55,0.));
#12124 = LINE('',#12125,#12126);
#12125 = CARTESIAN_POINT('',(-1.5,-0.55,0.));
#12126 = VECTOR('',#12127,1.);
#12127 = DIRECTION('',(1.,0.,0.));
#12128 = ORIENTED_EDGE('',*,*,#12129,.T.);
#12129 = EDGE_CURVE('',#12122,#12130,#12132,.T.);
#12130 = VERTEX_POINT('',#12131);
#12131 = CARTESIAN_POINT('',(1.,-0.65,0.));
#12132 = LINE('',#12133,#12134);
#12133 = CARTESIAN_POINT('',(1.,0.675,0.));
#12134 = VECTOR('',#12135,1.);
#12135 = DIRECTION('',(0.,-1.,0.));
#12136 = ORIENTED_EDGE('',*,*,#12137,.F.);
#12137 = EDGE_CURVE('',#12026,#12130,#12138,.T.);
#12138 = LINE('',#12139,#12140);
#12139 = CARTESIAN_POINT('',(-1.6,-0.65,0.));
#12140 = VECTOR('',#12141,1.);
#12141 = DIRECTION('',(1.,0.,0.));
#12142 = PLANE('',#12143);
#12143 = AXIS2_PLACEMENT_3D('',#12144,#12145,#12146);
#12144 = CARTESIAN_POINT('',(1.2,0.,0.));
#12145 = DIRECTION('',(0.,0.,1.));
#12146 = DIRECTION('',(1.,0.,-0.));
#12147 = ADVANCED_FACE('',(#12148),#12159,.T.);
#12148 = FACE_BOUND('',#12149,.T.);
#12149 = EDGE_LOOP('',(#12150,#12151,#12152,#12153));
#12150 = ORIENTED_EDGE('',*,*,#12018,.T.);
#12151 = ORIENTED_EDGE('',*,*,#11978,.T.);
#12152 = ORIENTED_EDGE('',*,*,#12064,.T.);
#12153 = ORIENTED_EDGE('',*,*,#12154,.T.);
#12154 = EDGE_CURVE('',#12065,#12011,#12155,.T.);
#12155 = LINE('',#12156,#12157);
#12156 = CARTESIAN_POINT('',(-0.15,-0.55,0.425));
#12157 = VECTOR('',#12158,1.);
#12158 = DIRECTION('',(-1.,0.,0.));
#12159 = PLANE('',#12160);
#12160 = AXIS2_PLACEMENT_3D('',#12161,#12162,#12163);
#12161 = CARTESIAN_POINT('',(1.2,0.,0.425));
#12162 = DIRECTION('',(0.,0.,1.));
#12163 = DIRECTION('',(1.,0.,-0.));
#12164 = ADVANCED_FACE('',(#12165),#12272,.F.);
#12165 = FACE_BOUND('',#12166,.F.);
#12166 = EDGE_LOOP('',(#12167,#12177,#12185,#12193,#12201,#12207,#12208,
    #12209,#12210,#12218,#12226,#12234,#12242,#12250,#12258,#12266));
#12167 = ORIENTED_EDGE('',*,*,#12168,.F.);
#12168 = EDGE_CURVE('',#12169,#12171,#12173,.T.);
#12169 = VERTEX_POINT('',#12170);
#12170 = CARTESIAN_POINT('',(-1.5,-0.55,0.4));
#12171 = VERTEX_POINT('',#12172);
#12172 = CARTESIAN_POINT('',(-1.45,-0.55,0.4));
#12173 = LINE('',#12174,#12175);
#12174 = CARTESIAN_POINT('',(-0.75,-0.55,0.4));
#12175 = VECTOR('',#12176,1.);
#12176 = DIRECTION('',(1.,0.,0.));
#12177 = ORIENTED_EDGE('',*,*,#12178,.T.);
#12178 = EDGE_CURVE('',#12169,#12179,#12181,.T.);
#12179 = VERTEX_POINT('',#12180);
#12180 = CARTESIAN_POINT('',(-1.5,-0.55,0.828571428571));
#12181 = LINE('',#12182,#12183);
#12182 = CARTESIAN_POINT('',(-1.5,-0.55,0.));
#12183 = VECTOR('',#12184,1.);
#12184 = DIRECTION('',(0.,0.,1.));
#12185 = ORIENTED_EDGE('',*,*,#12186,.T.);
#12186 = EDGE_CURVE('',#12179,#12187,#12189,.T.);
#12187 = VERTEX_POINT('',#12188);
#12188 = CARTESIAN_POINT('',(1.5,-0.55,0.828571428571));
#12189 = LINE('',#12190,#12191);
#12190 = CARTESIAN_POINT('',(-1.5,-0.55,0.828571428571));
#12191 = VECTOR('',#12192,1.);
#12192 = DIRECTION('',(1.,0.,0.));
#12193 = ORIENTED_EDGE('',*,*,#12194,.F.);
#12194 = EDGE_CURVE('',#12195,#12187,#12197,.T.);
#12195 = VERTEX_POINT('',#12196);
#12196 = CARTESIAN_POINT('',(1.5,-0.55,0.4));
#12197 = LINE('',#12198,#12199);
#12198 = CARTESIAN_POINT('',(1.5,-0.55,0.));
#12199 = VECTOR('',#12200,1.);
#12200 = DIRECTION('',(0.,0.,1.));
#12201 = ORIENTED_EDGE('',*,*,#12202,.F.);
#12202 = EDGE_CURVE('',#12073,#12195,#12203,.T.);
#12203 = LINE('',#12204,#12205);
#12204 = CARTESIAN_POINT('',(-0.75,-0.55,0.4));
#12205 = VECTOR('',#12206,1.);
#12206 = DIRECTION('',(1.,0.,0.));
#12207 = ORIENTED_EDGE('',*,*,#12072,.F.);
#12208 = ORIENTED_EDGE('',*,*,#12154,.T.);
#12209 = ORIENTED_EDGE('',*,*,#12008,.F.);
#12210 = ORIENTED_EDGE('',*,*,#12211,.F.);
#12211 = EDGE_CURVE('',#12212,#12009,#12214,.T.);
#12212 = VERTEX_POINT('',#12213);
#12213 = CARTESIAN_POINT('',(0.25,-0.55,0.4));
#12214 = LINE('',#12215,#12216);
#12215 = CARTESIAN_POINT('',(-0.75,-0.55,0.4));
#12216 = VECTOR('',#12217,1.);
#12217 = DIRECTION('',(1.,0.,0.));
#12218 = ORIENTED_EDGE('',*,*,#12219,.F.);
#12219 = EDGE_CURVE('',#12220,#12212,#12222,.T.);
#12220 = VERTEX_POINT('',#12221);
#12221 = CARTESIAN_POINT('',(0.25,-0.55,0.425));
#12222 = LINE('',#12223,#12224);
#12223 = CARTESIAN_POINT('',(0.25,-0.55,0.));
#12224 = VECTOR('',#12225,1.);
#12225 = DIRECTION('',(0.,0.,-1.));
#12226 = ORIENTED_EDGE('',*,*,#12227,.T.);
#12227 = EDGE_CURVE('',#12220,#12228,#12230,.T.);
#12228 = VERTEX_POINT('',#12229);
#12229 = CARTESIAN_POINT('',(-0.25,-0.55,0.425));
#12230 = LINE('',#12231,#12232);
#12231 = CARTESIAN_POINT('',(-0.75,-0.55,0.425));
#12232 = VECTOR('',#12233,1.);
#12233 = DIRECTION('',(-1.,0.,0.));
#12234 = ORIENTED_EDGE('',*,*,#12235,.F.);
#12235 = EDGE_CURVE('',#12236,#12228,#12238,.T.);
#12236 = VERTEX_POINT('',#12237);
#12237 = CARTESIAN_POINT('',(-0.25,-0.55,0.4));
#12238 = LINE('',#12239,#12240);
#12239 = CARTESIAN_POINT('',(-0.25,-0.55,0.));
#12240 = VECTOR('',#12241,1.);
#12241 = DIRECTION('',(0.,0.,1.));
#12242 = ORIENTED_EDGE('',*,*,#12243,.F.);
#12243 = EDGE_CURVE('',#12244,#12236,#12246,.T.);
#12244 = VERTEX_POINT('',#12245);
#12245 = CARTESIAN_POINT('',(-0.95,-0.55,0.4));
#12246 = LINE('',#12247,#12248);
#12247 = CARTESIAN_POINT('',(-0.75,-0.55,0.4));
#12248 = VECTOR('',#12249,1.);
#12249 = DIRECTION('',(1.,0.,0.));
#12250 = ORIENTED_EDGE('',*,*,#12251,.F.);
#12251 = EDGE_CURVE('',#12252,#12244,#12254,.T.);
#12252 = VERTEX_POINT('',#12253);
#12253 = CARTESIAN_POINT('',(-0.95,-0.55,0.425));
#12254 = LINE('',#12255,#12256);
#12255 = CARTESIAN_POINT('',(-0.95,-0.55,0.));
#12256 = VECTOR('',#12257,1.);
#12257 = DIRECTION('',(0.,0.,-1.));
#12258 = ORIENTED_EDGE('',*,*,#12259,.T.);
#12259 = EDGE_CURVE('',#12252,#12260,#12262,.T.);
#12260 = VERTEX_POINT('',#12261);
#12261 = CARTESIAN_POINT('',(-1.45,-0.55,0.425));
#12262 = LINE('',#12263,#12264);
#12263 = CARTESIAN_POINT('',(-1.35,-0.55,0.425));
#12264 = VECTOR('',#12265,1.);
#12265 = DIRECTION('',(-1.,0.,0.));
#12266 = ORIENTED_EDGE('',*,*,#12267,.F.);
#12267 = EDGE_CURVE('',#12171,#12260,#12268,.T.);
#12268 = LINE('',#12269,#12270);
#12269 = CARTESIAN_POINT('',(-1.45,-0.55,0.));
#12270 = VECTOR('',#12271,1.);
#12271 = DIRECTION('',(0.,0.,1.));
#12272 = PLANE('',#12273);
#12273 = AXIS2_PLACEMENT_3D('',#12274,#12275,#12276);
#12274 = CARTESIAN_POINT('',(-1.5,-0.55,0.));
#12275 = DIRECTION('',(0.,1.,0.));
#12276 = DIRECTION('',(1.,0.,0.));
#12277 = ADVANCED_FACE('',(#12278),#12296,.T.);
#12278 = FACE_BOUND('',#12279,.T.);
#12279 = EDGE_LOOP('',(#12280,#12288,#12294,#12295));
#12280 = ORIENTED_EDGE('',*,*,#12281,.F.);
#12281 = EDGE_CURVE('',#12282,#12212,#12284,.T.);
#12282 = VERTEX_POINT('',#12283);
#12283 = CARTESIAN_POINT('',(0.25,-0.65,0.4));
#12284 = LINE('',#12285,#12286);
#12285 = CARTESIAN_POINT('',(0.25,-0.3375,0.4));
#12286 = VECTOR('',#12287,1.);
#12287 = DIRECTION('',(0.,1.,0.));
#12288 = ORIENTED_EDGE('',*,*,#12289,.T.);
#12289 = EDGE_CURVE('',#12282,#12034,#12290,.T.);
#12290 = LINE('',#12291,#12292);
#12291 = CARTESIAN_POINT('',(-1.6,-0.65,0.4));
#12292 = VECTOR('',#12293,1.);
#12293 = DIRECTION('',(1.,0.,0.));
#12294 = ORIENTED_EDGE('',*,*,#12041,.F.);
#12295 = ORIENTED_EDGE('',*,*,#12211,.F.);
#12296 = PLANE('',#12297);
#12297 = AXIS2_PLACEMENT_3D('',#12298,#12299,#12300);
#12298 = CARTESIAN_POINT('',(0.,0.,0.4));
#12299 = DIRECTION('',(0.,0.,1.));
#12300 = DIRECTION('',(1.,0.,-0.));
#12301 = ADVANCED_FACE('',(#12302),#12320,.F.);
#12302 = FACE_BOUND('',#12303,.F.);
#12303 = EDGE_LOOP('',(#12304,#12312,#12318,#12319));
#12304 = ORIENTED_EDGE('',*,*,#12305,.F.);
#12305 = EDGE_CURVE('',#12306,#12026,#12308,.T.);
#12306 = VERTEX_POINT('',#12307);
#12307 = CARTESIAN_POINT('',(0.25,-0.65,0.));
#12308 = LINE('',#12309,#12310);
#12309 = CARTESIAN_POINT('',(-1.6,-0.65,0.));
#12310 = VECTOR('',#12311,1.);
#12311 = DIRECTION('',(1.,0.,0.));
#12312 = ORIENTED_EDGE('',*,*,#12313,.F.);
#12313 = EDGE_CURVE('',#12282,#12306,#12314,.T.);
#12314 = LINE('',#12315,#12316);
#12315 = CARTESIAN_POINT('',(0.25,-0.65,0.));
#12316 = VECTOR('',#12317,1.);
#12317 = DIRECTION('',(0.,0.,-1.));
#12318 = ORIENTED_EDGE('',*,*,#12289,.T.);
#12319 = ORIENTED_EDGE('',*,*,#12033,.F.);
#12320 = PLANE('',#12321);
#12321 = AXIS2_PLACEMENT_3D('',#12322,#12323,#12324);
#12322 = CARTESIAN_POINT('',(-1.6,-0.65,0.));
#12323 = DIRECTION('',(0.,1.,0.));
#12324 = DIRECTION('',(1.,0.,0.));
#12325 = ADVANCED_FACE('',(#12326),#12351,.F.);
#12326 = FACE_BOUND('',#12327,.F.);
#12327 = EDGE_LOOP('',(#12328,#12336,#12337,#12345));
#12328 = ORIENTED_EDGE('',*,*,#12329,.F.);
#12329 = EDGE_CURVE('',#12056,#12330,#12332,.T.);
#12330 = VERTEX_POINT('',#12331);
#12331 = CARTESIAN_POINT('',(1.6,-0.65,0.));
#12332 = LINE('',#12333,#12334);
#12333 = CARTESIAN_POINT('',(-1.6,-0.65,0.));
#12334 = VECTOR('',#12335,1.);
#12335 = DIRECTION('',(1.,0.,0.));
#12336 = ORIENTED_EDGE('',*,*,#12088,.F.);
#12337 = ORIENTED_EDGE('',*,*,#12338,.T.);
#12338 = EDGE_CURVE('',#12081,#12339,#12341,.T.);
#12339 = VERTEX_POINT('',#12340);
#12340 = CARTESIAN_POINT('',(1.6,-0.65,0.4));
#12341 = LINE('',#12342,#12343);
#12342 = CARTESIAN_POINT('',(-1.6,-0.65,0.4));
#12343 = VECTOR('',#12344,1.);
#12344 = DIRECTION('',(1.,0.,0.));
#12345 = ORIENTED_EDGE('',*,*,#12346,.F.);
#12346 = EDGE_CURVE('',#12330,#12339,#12347,.T.);
#12347 = LINE('',#12348,#12349);
#12348 = CARTESIAN_POINT('',(1.6,-0.65,0.));
#12349 = VECTOR('',#12350,1.);
#12350 = DIRECTION('',(0.,0.,1.));
#12351 = PLANE('',#12352);
#12352 = AXIS2_PLACEMENT_3D('',#12353,#12354,#12355);
#12353 = CARTESIAN_POINT('',(-1.6,-0.65,0.));
#12354 = DIRECTION('',(0.,1.,0.));
#12355 = DIRECTION('',(1.,0.,0.));
#12356 = ADVANCED_FACE('',(#12357),#12400,.T.);
#12357 = FACE_BOUND('',#12358,.T.);
#12358 = EDGE_LOOP('',(#12359,#12360,#12361,#12369,#12377,#12385,#12393,
    #12399));
#12359 = ORIENTED_EDGE('',*,*,#12080,.F.);
#12360 = ORIENTED_EDGE('',*,*,#12338,.T.);
#12361 = ORIENTED_EDGE('',*,*,#12362,.T.);
#12362 = EDGE_CURVE('',#12339,#12363,#12365,.T.);
#12363 = VERTEX_POINT('',#12364);
#12364 = CARTESIAN_POINT('',(1.6,0.65,0.4));
#12365 = LINE('',#12366,#12367);
#12366 = CARTESIAN_POINT('',(1.6,-0.65,0.4));
#12367 = VECTOR('',#12368,1.);
#12368 = DIRECTION('',(0.,1.,0.));
#12369 = ORIENTED_EDGE('',*,*,#12370,.T.);
#12370 = EDGE_CURVE('',#12363,#12371,#12373,.T.);
#12371 = VERTEX_POINT('',#12372);
#12372 = CARTESIAN_POINT('',(1.45,0.65,0.4));
#12373 = LINE('',#12374,#12375);
#12374 = CARTESIAN_POINT('',(1.6,0.65,0.4));
#12375 = VECTOR('',#12376,1.);
#12376 = DIRECTION('',(-1.,0.,0.));
#12377 = ORIENTED_EDGE('',*,*,#12378,.F.);
#12378 = EDGE_CURVE('',#12379,#12371,#12381,.T.);
#12379 = VERTEX_POINT('',#12380);
#12380 = CARTESIAN_POINT('',(1.45,0.55,0.4));
#12381 = LINE('',#12382,#12383);
#12382 = CARTESIAN_POINT('',(1.45,-0.3375,0.4));
#12383 = VECTOR('',#12384,1.);
#12384 = DIRECTION('',(0.,1.,0.));
#12385 = ORIENTED_EDGE('',*,*,#12386,.F.);
#12386 = EDGE_CURVE('',#12387,#12379,#12389,.T.);
#12387 = VERTEX_POINT('',#12388);
#12388 = CARTESIAN_POINT('',(1.5,0.55,0.4));
#12389 = LINE('',#12390,#12391);
#12390 = CARTESIAN_POINT('',(0.75,0.55,0.4));
#12391 = VECTOR('',#12392,1.);
#12392 = DIRECTION('',(-1.,0.,0.));
#12393 = ORIENTED_EDGE('',*,*,#12394,.F.);
#12394 = EDGE_CURVE('',#12195,#12387,#12395,.T.);
#12395 = LINE('',#12396,#12397);
#12396 = CARTESIAN_POINT('',(1.5,-0.275,0.4));
#12397 = VECTOR('',#12398,1.);
#12398 = DIRECTION('',(0.,1.,0.));
#12399 = ORIENTED_EDGE('',*,*,#12202,.F.);
#12400 = PLANE('',#12401);
#12401 = AXIS2_PLACEMENT_3D('',#12402,#12403,#12404);
#12402 = CARTESIAN_POINT('',(0.,0.,0.4));
#12403 = DIRECTION('',(0.,0.,1.));
#12404 = DIRECTION('',(1.,0.,-0.));
#12405 = ADVANCED_FACE('',(#12406),#12424,.F.);
#12406 = FACE_BOUND('',#12407,.F.);
#12407 = EDGE_LOOP('',(#12408,#12416,#12417,#12418));
#12408 = ORIENTED_EDGE('',*,*,#12409,.T.);
#12409 = EDGE_CURVE('',#12410,#12026,#12412,.T.);
#12410 = VERTEX_POINT('',#12411);
#12411 = CARTESIAN_POINT('',(0.95,-0.55,0.));
#12412 = LINE('',#12413,#12414);
#12413 = CARTESIAN_POINT('',(0.95,0.675,0.));
#12414 = VECTOR('',#12415,1.);
#12415 = DIRECTION('',(0.,-1.,0.));
#12416 = ORIENTED_EDGE('',*,*,#12137,.T.);
#12417 = ORIENTED_EDGE('',*,*,#12129,.F.);
#12418 = ORIENTED_EDGE('',*,*,#12419,.F.);
#12419 = EDGE_CURVE('',#12410,#12122,#12420,.T.);
#12420 = LINE('',#12421,#12422);
#12421 = CARTESIAN_POINT('',(-1.5,-0.55,0.));
#12422 = VECTOR('',#12423,1.);
#12423 = DIRECTION('',(1.,0.,0.));
#12424 = PLANE('',#12425);
#12425 = AXIS2_PLACEMENT_3D('',#12426,#12427,#12428);
#12426 = CARTESIAN_POINT('',(1.2,0.,0.));
#12427 = DIRECTION('',(0.,0.,1.));
#12428 = DIRECTION('',(1.,0.,-0.));
#12429 = ADVANCED_FACE('',(#12430),#12455,.F.);
#12430 = FACE_BOUND('',#12431,.F.);
#12431 = EDGE_LOOP('',(#12432,#12440,#12441,#12449));
#12432 = ORIENTED_EDGE('',*,*,#12433,.T.);
#12433 = EDGE_CURVE('',#12434,#12122,#12436,.T.);
#12434 = VERTEX_POINT('',#12435);
#12435 = CARTESIAN_POINT('',(1.,0.55,0.));
#12436 = LINE('',#12437,#12438);
#12437 = CARTESIAN_POINT('',(1.,0.675,0.));
#12438 = VECTOR('',#12439,1.);
#12439 = DIRECTION('',(0.,-1.,0.));
#12440 = ORIENTED_EDGE('',*,*,#12121,.T.);
#12441 = ORIENTED_EDGE('',*,*,#12442,.T.);
#12442 = EDGE_CURVE('',#12114,#12443,#12445,.T.);
#12443 = VERTEX_POINT('',#12444);
#12444 = CARTESIAN_POINT('',(1.4,0.55,0.));
#12445 = LINE('',#12446,#12447);
#12446 = CARTESIAN_POINT('',(1.4,-0.675,0.));
#12447 = VECTOR('',#12448,1.);
#12448 = DIRECTION('',(0.,1.,0.));
#12449 = ORIENTED_EDGE('',*,*,#12450,.T.);
#12450 = EDGE_CURVE('',#12443,#12434,#12451,.T.);
#12451 = LINE('',#12452,#12453);
#12452 = CARTESIAN_POINT('',(1.5,0.55,0.));
#12453 = VECTOR('',#12454,1.);
#12454 = DIRECTION('',(-1.,0.,0.));
#12455 = PLANE('',#12456);
#12456 = AXIS2_PLACEMENT_3D('',#12457,#12458,#12459);
#12457 = CARTESIAN_POINT('',(2.707861035671E-17,0.,0.));
#12458 = DIRECTION('',(0.,0.,1.));
#12459 = DIRECTION('',(1.,0.,-0.));
#12460 = ADVANCED_FACE('',(#12461),#12479,.F.);
#12461 = FACE_BOUND('',#12462,.F.);
#12462 = EDGE_LOOP('',(#12463,#12464,#12472,#12478));
#12463 = ORIENTED_EDGE('',*,*,#12105,.T.);
#12464 = ORIENTED_EDGE('',*,*,#12465,.T.);
#12465 = EDGE_CURVE('',#12056,#12466,#12468,.T.);
#12466 = VERTEX_POINT('',#12467);
#12467 = CARTESIAN_POINT('',(1.45,-0.55,0.));
#12468 = LINE('',#12469,#12470);
#12469 = CARTESIAN_POINT('',(1.45,-0.675,0.));
#12470 = VECTOR('',#12471,1.);
#12471 = DIRECTION('',(0.,1.,0.));
#12472 = ORIENTED_EDGE('',*,*,#12473,.F.);
#12473 = EDGE_CURVE('',#12114,#12466,#12474,.T.);
#12474 = LINE('',#12475,#12476);
#12475 = CARTESIAN_POINT('',(-1.5,-0.55,0.));
#12476 = VECTOR('',#12477,1.);
#12477 = DIRECTION('',(1.,0.,0.));
#12478 = ORIENTED_EDGE('',*,*,#12113,.F.);
#12479 = PLANE('',#12480);
#12480 = AXIS2_PLACEMENT_3D('',#12481,#12482,#12483);
#12481 = CARTESIAN_POINT('',(1.2,0.,0.));
#12482 = DIRECTION('',(0.,0.,1.));
#12483 = DIRECTION('',(1.,0.,-0.));
#12484 = ADVANCED_FACE('',(#12485),#12542,.T.);
#12485 = FACE_BOUND('',#12486,.T.);
#12486 = EDGE_LOOP('',(#12487,#12497,#12505,#12513,#12521,#12527,#12528,
    #12536));
#12487 = ORIENTED_EDGE('',*,*,#12488,.F.);
#12488 = EDGE_CURVE('',#12489,#12491,#12493,.T.);
#12489 = VERTEX_POINT('',#12490);
#12490 = CARTESIAN_POINT('',(-1.45,0.65,0.4));
#12491 = VERTEX_POINT('',#12492);
#12492 = CARTESIAN_POINT('',(-1.45,0.55,0.4));
#12493 = LINE('',#12494,#12495);
#12494 = CARTESIAN_POINT('',(-1.45,0.3375,0.4));
#12495 = VECTOR('',#12496,1.);
#12496 = DIRECTION('',(0.,-1.,0.));
#12497 = ORIENTED_EDGE('',*,*,#12498,.T.);
#12498 = EDGE_CURVE('',#12489,#12499,#12501,.T.);
#12499 = VERTEX_POINT('',#12500);
#12500 = CARTESIAN_POINT('',(-1.6,0.65,0.4));
#12501 = LINE('',#12502,#12503);
#12502 = CARTESIAN_POINT('',(1.6,0.65,0.4));
#12503 = VECTOR('',#12504,1.);
#12504 = DIRECTION('',(-1.,0.,0.));
#12505 = ORIENTED_EDGE('',*,*,#12506,.T.);
#12506 = EDGE_CURVE('',#12499,#12507,#12509,.T.);
#12507 = VERTEX_POINT('',#12508);
#12508 = CARTESIAN_POINT('',(-1.6,-0.65,0.4));
#12509 = LINE('',#12510,#12511);
#12510 = CARTESIAN_POINT('',(-1.6,0.65,0.4));
#12511 = VECTOR('',#12512,1.);
#12512 = DIRECTION('',(0.,-1.,0.));
#12513 = ORIENTED_EDGE('',*,*,#12514,.T.);
#12514 = EDGE_CURVE('',#12507,#12515,#12517,.T.);
#12515 = VERTEX_POINT('',#12516);
#12516 = CARTESIAN_POINT('',(-1.45,-0.65,0.4));
#12517 = LINE('',#12518,#12519);
#12518 = CARTESIAN_POINT('',(-1.6,-0.65,0.4));
#12519 = VECTOR('',#12520,1.);
#12520 = DIRECTION('',(1.,0.,0.));
#12521 = ORIENTED_EDGE('',*,*,#12522,.F.);
#12522 = EDGE_CURVE('',#12171,#12515,#12523,.T.);
#12523 = LINE('',#12524,#12525);
#12524 = CARTESIAN_POINT('',(-1.45,0.3375,0.4));
#12525 = VECTOR('',#12526,1.);
#12526 = DIRECTION('',(0.,-1.,0.));
#12527 = ORIENTED_EDGE('',*,*,#12168,.F.);
#12528 = ORIENTED_EDGE('',*,*,#12529,.F.);
#12529 = EDGE_CURVE('',#12530,#12169,#12532,.T.);
#12530 = VERTEX_POINT('',#12531);
#12531 = CARTESIAN_POINT('',(-1.5,0.55,0.4));
#12532 = LINE('',#12533,#12534);
#12533 = CARTESIAN_POINT('',(-1.5,0.275,0.4));
#12534 = VECTOR('',#12535,1.);
#12535 = DIRECTION('',(0.,-1.,0.));
#12536 = ORIENTED_EDGE('',*,*,#12537,.F.);
#12537 = EDGE_CURVE('',#12491,#12530,#12538,.T.);
#12538 = LINE('',#12539,#12540);
#12539 = CARTESIAN_POINT('',(0.75,0.55,0.4));
#12540 = VECTOR('',#12541,1.);
#12541 = DIRECTION('',(-1.,0.,0.));
#12542 = PLANE('',#12543);
#12543 = AXIS2_PLACEMENT_3D('',#12544,#12545,#12546);
#12544 = CARTESIAN_POINT('',(0.,0.,0.4));
#12545 = DIRECTION('',(0.,0.,1.));
#12546 = DIRECTION('',(1.,0.,-0.));
#12547 = ADVANCED_FACE('',(#12548),#12582,.F.);
#12548 = FACE_BOUND('',#12549,.F.);
#12549 = EDGE_LOOP('',(#12550,#12551,#12559,#12567,#12575,#12581));
#12550 = ORIENTED_EDGE('',*,*,#12267,.T.);
#12551 = ORIENTED_EDGE('',*,*,#12552,.T.);
#12552 = EDGE_CURVE('',#12260,#12553,#12555,.T.);
#12553 = VERTEX_POINT('',#12554);
#12554 = CARTESIAN_POINT('',(-1.45,-0.675,0.425));
#12555 = LINE('',#12556,#12557);
#12556 = CARTESIAN_POINT('',(-1.45,0.675,0.425));
#12557 = VECTOR('',#12558,1.);
#12558 = DIRECTION('',(0.,-1.,0.));
#12559 = ORIENTED_EDGE('',*,*,#12560,.F.);
#12560 = EDGE_CURVE('',#12561,#12553,#12563,.T.);
#12561 = VERTEX_POINT('',#12562);
#12562 = CARTESIAN_POINT('',(-1.45,-0.675,0.));
#12563 = LINE('',#12564,#12565);
#12564 = CARTESIAN_POINT('',(-1.45,-0.675,0.));
#12565 = VECTOR('',#12566,1.);
#12566 = DIRECTION('',(0.,0.,1.));
#12567 = ORIENTED_EDGE('',*,*,#12568,.F.);
#12568 = EDGE_CURVE('',#12569,#12561,#12571,.T.);
#12569 = VERTEX_POINT('',#12570);
#12570 = CARTESIAN_POINT('',(-1.45,-0.65,0.));
#12571 = LINE('',#12572,#12573);
#12572 = CARTESIAN_POINT('',(-1.45,0.675,0.));
#12573 = VECTOR('',#12574,1.);
#12574 = DIRECTION('',(0.,-1.,0.));
#12575 = ORIENTED_EDGE('',*,*,#12576,.T.);
#12576 = EDGE_CURVE('',#12569,#12515,#12577,.T.);
#12577 = LINE('',#12578,#12579);
#12578 = CARTESIAN_POINT('',(-1.45,-0.65,0.));
#12579 = VECTOR('',#12580,1.);
#12580 = DIRECTION('',(0.,0.,1.));
#12581 = ORIENTED_EDGE('',*,*,#12522,.F.);
#12582 = PLANE('',#12583);
#12583 = AXIS2_PLACEMENT_3D('',#12584,#12585,#12586);
#12584 = CARTESIAN_POINT('',(-1.45,0.675,0.));
#12585 = DIRECTION('',(1.,0.,0.));
#12586 = DIRECTION('',(0.,-1.,0.));
#12587 = ADVANCED_FACE('',(#12588),#12606,.T.);
#12588 = FACE_BOUND('',#12589,.T.);
#12589 = EDGE_LOOP('',(#12590,#12591,#12599,#12605));
#12590 = ORIENTED_EDGE('',*,*,#12552,.T.);
#12591 = ORIENTED_EDGE('',*,*,#12592,.T.);
#12592 = EDGE_CURVE('',#12553,#12593,#12595,.T.);
#12593 = VERTEX_POINT('',#12594);
#12594 = CARTESIAN_POINT('',(-0.95,-0.675,0.425));
#12595 = LINE('',#12596,#12597);
#12596 = CARTESIAN_POINT('',(-1.45,-0.675,0.425));
#12597 = VECTOR('',#12598,1.);
#12598 = DIRECTION('',(1.,0.,0.));
#12599 = ORIENTED_EDGE('',*,*,#12600,.T.);
#12600 = EDGE_CURVE('',#12593,#12252,#12601,.T.);
#12601 = LINE('',#12602,#12603);
#12602 = CARTESIAN_POINT('',(-0.95,-0.675,0.425));
#12603 = VECTOR('',#12604,1.);
#12604 = DIRECTION('',(0.,1.,0.));
#12605 = ORIENTED_EDGE('',*,*,#12259,.T.);
#12606 = PLANE('',#12607);
#12607 = AXIS2_PLACEMENT_3D('',#12608,#12609,#12610);
#12608 = CARTESIAN_POINT('',(-1.2,0.,0.425));
#12609 = DIRECTION('',(0.,0.,1.));
#12610 = DIRECTION('',(1.,0.,-0.));
#12611 = ADVANCED_FACE('',(#12612),#12646,.F.);
#12612 = FACE_BOUND('',#12613,.F.);
#12613 = EDGE_LOOP('',(#12614,#12624,#12630,#12631,#12632,#12640));
#12614 = ORIENTED_EDGE('',*,*,#12615,.F.);
#12615 = EDGE_CURVE('',#12616,#12618,#12620,.T.);
#12616 = VERTEX_POINT('',#12617);
#12617 = CARTESIAN_POINT('',(-0.95,-0.675,0.));
#12618 = VERTEX_POINT('',#12619);
#12619 = CARTESIAN_POINT('',(-0.95,-0.65,0.));
#12620 = LINE('',#12621,#12622);
#12621 = CARTESIAN_POINT('',(-0.95,-0.675,0.));
#12622 = VECTOR('',#12623,1.);
#12623 = DIRECTION('',(0.,1.,0.));
#12624 = ORIENTED_EDGE('',*,*,#12625,.T.);
#12625 = EDGE_CURVE('',#12616,#12593,#12626,.T.);
#12626 = LINE('',#12627,#12628);
#12627 = CARTESIAN_POINT('',(-0.95,-0.675,0.));
#12628 = VECTOR('',#12629,1.);
#12629 = DIRECTION('',(0.,0.,1.));
#12630 = ORIENTED_EDGE('',*,*,#12600,.T.);
#12631 = ORIENTED_EDGE('',*,*,#12251,.T.);
#12632 = ORIENTED_EDGE('',*,*,#12633,.F.);
#12633 = EDGE_CURVE('',#12634,#12244,#12636,.T.);
#12634 = VERTEX_POINT('',#12635);
#12635 = CARTESIAN_POINT('',(-0.95,-0.65,0.4));
#12636 = LINE('',#12637,#12638);
#12637 = CARTESIAN_POINT('',(-0.95,-0.3375,0.4));
#12638 = VECTOR('',#12639,1.);
#12639 = DIRECTION('',(0.,1.,0.));
#12640 = ORIENTED_EDGE('',*,*,#12641,.T.);
#12641 = EDGE_CURVE('',#12634,#12618,#12642,.T.);
#12642 = LINE('',#12643,#12644);
#12643 = CARTESIAN_POINT('',(-0.95,-0.65,0.));
#12644 = VECTOR('',#12645,1.);
#12645 = DIRECTION('',(0.,0.,-1.));
#12646 = PLANE('',#12647);
#12647 = AXIS2_PLACEMENT_3D('',#12648,#12649,#12650);
#12648 = CARTESIAN_POINT('',(-0.95,-0.675,0.));
#12649 = DIRECTION('',(-1.,0.,0.));
#12650 = DIRECTION('',(0.,1.,0.));
#12651 = ADVANCED_FACE('',(#12652),#12670,.T.);
#12652 = FACE_BOUND('',#12653,.T.);
#12653 = EDGE_LOOP('',(#12654,#12662,#12668,#12669));
#12654 = ORIENTED_EDGE('',*,*,#12655,.T.);
#12655 = EDGE_CURVE('',#12634,#12656,#12658,.T.);
#12656 = VERTEX_POINT('',#12657);
#12657 = CARTESIAN_POINT('',(-0.25,-0.65,0.4));
#12658 = LINE('',#12659,#12660);
#12659 = CARTESIAN_POINT('',(-1.6,-0.65,0.4));
#12660 = VECTOR('',#12661,1.);
#12661 = DIRECTION('',(1.,0.,0.));
#12662 = ORIENTED_EDGE('',*,*,#12663,.F.);
#12663 = EDGE_CURVE('',#12236,#12656,#12664,.T.);
#12664 = LINE('',#12665,#12666);
#12665 = CARTESIAN_POINT('',(-0.25,0.3375,0.4));
#12666 = VECTOR('',#12667,1.);
#12667 = DIRECTION('',(0.,-1.,0.));
#12668 = ORIENTED_EDGE('',*,*,#12243,.F.);
#12669 = ORIENTED_EDGE('',*,*,#12633,.F.);
#12670 = PLANE('',#12671);
#12671 = AXIS2_PLACEMENT_3D('',#12672,#12673,#12674);
#12672 = CARTESIAN_POINT('',(0.,0.,0.4));
#12673 = DIRECTION('',(0.,0.,1.));
#12674 = DIRECTION('',(1.,0.,-0.));
#12675 = ADVANCED_FACE('',(#12676),#12710,.F.);
#12676 = FACE_BOUND('',#12677,.F.);
#12677 = EDGE_LOOP('',(#12678,#12679,#12687,#12695,#12703,#12709));
#12678 = ORIENTED_EDGE('',*,*,#12235,.T.);
#12679 = ORIENTED_EDGE('',*,*,#12680,.T.);
#12680 = EDGE_CURVE('',#12228,#12681,#12683,.T.);
#12681 = VERTEX_POINT('',#12682);
#12682 = CARTESIAN_POINT('',(-0.25,-0.675,0.425));
#12683 = LINE('',#12684,#12685);
#12684 = CARTESIAN_POINT('',(-0.25,0.675,0.425));
#12685 = VECTOR('',#12686,1.);
#12686 = DIRECTION('',(0.,-1.,0.));
#12687 = ORIENTED_EDGE('',*,*,#12688,.F.);
#12688 = EDGE_CURVE('',#12689,#12681,#12691,.T.);
#12689 = VERTEX_POINT('',#12690);
#12690 = CARTESIAN_POINT('',(-0.25,-0.675,0.));
#12691 = LINE('',#12692,#12693);
#12692 = CARTESIAN_POINT('',(-0.25,-0.675,0.));
#12693 = VECTOR('',#12694,1.);
#12694 = DIRECTION('',(0.,0.,1.));
#12695 = ORIENTED_EDGE('',*,*,#12696,.F.);
#12696 = EDGE_CURVE('',#12697,#12689,#12699,.T.);
#12697 = VERTEX_POINT('',#12698);
#12698 = CARTESIAN_POINT('',(-0.25,-0.65,0.));
#12699 = LINE('',#12700,#12701);
#12700 = CARTESIAN_POINT('',(-0.25,0.675,0.));
#12701 = VECTOR('',#12702,1.);
#12702 = DIRECTION('',(0.,-1.,0.));
#12703 = ORIENTED_EDGE('',*,*,#12704,.T.);
#12704 = EDGE_CURVE('',#12697,#12656,#12705,.T.);
#12705 = LINE('',#12706,#12707);
#12706 = CARTESIAN_POINT('',(-0.25,-0.65,0.));
#12707 = VECTOR('',#12708,1.);
#12708 = DIRECTION('',(0.,0.,1.));
#12709 = ORIENTED_EDGE('',*,*,#12663,.F.);
#12710 = PLANE('',#12711);
#12711 = AXIS2_PLACEMENT_3D('',#12712,#12713,#12714);
#12712 = CARTESIAN_POINT('',(-0.25,0.675,0.));
#12713 = DIRECTION('',(1.,0.,0.));
#12714 = DIRECTION('',(0.,-1.,0.));
#12715 = ADVANCED_FACE('',(#12716),#12734,.T.);
#12716 = FACE_BOUND('',#12717,.T.);
#12717 = EDGE_LOOP('',(#12718,#12719,#12727,#12733));
#12718 = ORIENTED_EDGE('',*,*,#12680,.T.);
#12719 = ORIENTED_EDGE('',*,*,#12720,.T.);
#12720 = EDGE_CURVE('',#12681,#12721,#12723,.T.);
#12721 = VERTEX_POINT('',#12722);
#12722 = CARTESIAN_POINT('',(0.25,-0.675,0.425));
#12723 = LINE('',#12724,#12725);
#12724 = CARTESIAN_POINT('',(-0.25,-0.675,0.425));
#12725 = VECTOR('',#12726,1.);
#12726 = DIRECTION('',(1.,0.,0.));
#12727 = ORIENTED_EDGE('',*,*,#12728,.T.);
#12728 = EDGE_CURVE('',#12721,#12220,#12729,.T.);
#12729 = LINE('',#12730,#12731);
#12730 = CARTESIAN_POINT('',(0.25,-0.675,0.425));
#12731 = VECTOR('',#12732,1.);
#12732 = DIRECTION('',(0.,1.,0.));
#12733 = ORIENTED_EDGE('',*,*,#12227,.T.);
#12734 = PLANE('',#12735);
#12735 = AXIS2_PLACEMENT_3D('',#12736,#12737,#12738);
#12736 = CARTESIAN_POINT('',(0.,0.,0.425));
#12737 = DIRECTION('',(0.,0.,1.));
#12738 = DIRECTION('',(1.,0.,-0.));
#12739 = ADVANCED_FACE('',(#12740),#12760,.F.);
#12740 = FACE_BOUND('',#12741,.F.);
#12741 = EDGE_LOOP('',(#12742,#12750,#12756,#12757,#12758,#12759));
#12742 = ORIENTED_EDGE('',*,*,#12743,.F.);
#12743 = EDGE_CURVE('',#12744,#12306,#12746,.T.);
#12744 = VERTEX_POINT('',#12745);
#12745 = CARTESIAN_POINT('',(0.25,-0.675,0.));
#12746 = LINE('',#12747,#12748);
#12747 = CARTESIAN_POINT('',(0.25,-0.675,0.));
#12748 = VECTOR('',#12749,1.);
#12749 = DIRECTION('',(0.,1.,0.));
#12750 = ORIENTED_EDGE('',*,*,#12751,.T.);
#12751 = EDGE_CURVE('',#12744,#12721,#12752,.T.);
#12752 = LINE('',#12753,#12754);
#12753 = CARTESIAN_POINT('',(0.25,-0.675,0.));
#12754 = VECTOR('',#12755,1.);
#12755 = DIRECTION('',(0.,0.,1.));
#12756 = ORIENTED_EDGE('',*,*,#12728,.T.);
#12757 = ORIENTED_EDGE('',*,*,#12219,.T.);
#12758 = ORIENTED_EDGE('',*,*,#12281,.F.);
#12759 = ORIENTED_EDGE('',*,*,#12313,.T.);
#12760 = PLANE('',#12761);
#12761 = AXIS2_PLACEMENT_3D('',#12762,#12763,#12764);
#12762 = CARTESIAN_POINT('',(0.25,-0.675,0.));
#12763 = DIRECTION('',(-1.,0.,0.));
#12764 = DIRECTION('',(0.,1.,0.));
#12765 = ADVANCED_FACE('',(#12766),#12784,.F.);
#12766 = FACE_BOUND('',#12767,.F.);
#12767 = EDGE_LOOP('',(#12768,#12769,#12770,#12778));
#12768 = ORIENTED_EDGE('',*,*,#12394,.F.);
#12769 = ORIENTED_EDGE('',*,*,#12194,.T.);
#12770 = ORIENTED_EDGE('',*,*,#12771,.T.);
#12771 = EDGE_CURVE('',#12187,#12772,#12774,.T.);
#12772 = VERTEX_POINT('',#12773);
#12773 = CARTESIAN_POINT('',(1.5,0.55,0.828571428571));
#12774 = LINE('',#12775,#12776);
#12775 = CARTESIAN_POINT('',(1.5,-0.55,0.828571428571));
#12776 = VECTOR('',#12777,1.);
#12777 = DIRECTION('',(0.,1.,0.));
#12778 = ORIENTED_EDGE('',*,*,#12779,.F.);
#12779 = EDGE_CURVE('',#12387,#12772,#12780,.T.);
#12780 = LINE('',#12781,#12782);
#12781 = CARTESIAN_POINT('',(1.5,0.55,0.));
#12782 = VECTOR('',#12783,1.);
#12783 = DIRECTION('',(0.,0.,1.));
#12784 = PLANE('',#12785);
#12785 = AXIS2_PLACEMENT_3D('',#12786,#12787,#12788);
#12786 = CARTESIAN_POINT('',(1.5,-0.55,0.));
#12787 = DIRECTION('',(-1.,0.,0.));
#12788 = DIRECTION('',(0.,1.,0.));
#12789 = ADVANCED_FACE('',(#12790),#12817,.T.);
#12790 = FACE_BOUND('',#12791,.T.);
#12791 = EDGE_LOOP('',(#12792,#12793,#12802,#12810));
#12792 = ORIENTED_EDGE('',*,*,#12186,.T.);
#12793 = ORIENTED_EDGE('',*,*,#12794,.T.);
#12794 = EDGE_CURVE('',#12187,#12795,#12797,.T.);
#12795 = VERTEX_POINT('',#12796);
#12796 = CARTESIAN_POINT('',(1.428571428571,-0.478571428571,0.9));
#12797 = ELLIPSE('',#12798,0.101015254455,7.142857142857E-02);
#12798 = AXIS2_PLACEMENT_3D('',#12799,#12800,#12801);
#12799 = CARTESIAN_POINT('',(1.428571428571,-0.478571428571,
    0.828571428571));
#12800 = DIRECTION('',(-0.707106781187,-0.707106781187,-0.));
#12801 = DIRECTION('',(-0.707106781187,0.707106781187,0.));
#12802 = ORIENTED_EDGE('',*,*,#12803,.F.);
#12803 = EDGE_CURVE('',#12804,#12795,#12806,.T.);
#12804 = VERTEX_POINT('',#12805);
#12805 = CARTESIAN_POINT('',(-1.428571428571,-0.478571428571,0.9));
#12806 = LINE('',#12807,#12808);
#12807 = CARTESIAN_POINT('',(-1.5,-0.478571428571,0.9));
#12808 = VECTOR('',#12809,1.);
#12809 = DIRECTION('',(1.,0.,0.));
#12810 = ORIENTED_EDGE('',*,*,#12811,.F.);
#12811 = EDGE_CURVE('',#12179,#12804,#12812,.T.);
#12812 = ELLIPSE('',#12813,0.101015254455,7.142857142857E-02);
#12813 = AXIS2_PLACEMENT_3D('',#12814,#12815,#12816);
#12814 = CARTESIAN_POINT('',(-1.428571428571,-0.478571428571,
    0.828571428571));
#12815 = DIRECTION('',(-0.707106781187,0.707106781187,0.));
#12816 = DIRECTION('',(-0.707106781187,-0.707106781187,0.));
#12817 = CYLINDRICAL_SURFACE('',#12818,7.142857142857E-02);
#12818 = AXIS2_PLACEMENT_3D('',#12819,#12820,#12821);
#12819 = CARTESIAN_POINT('',(-1.5,-0.478571428571,0.828571428571));
#12820 = DIRECTION('',(1.,0.,0.));
#12821 = DIRECTION('',(0.,-1.,0.));
#12822 = ADVANCED_FACE('',(#12823),#12841,.F.);
#12823 = FACE_BOUND('',#12824,.F.);
#12824 = EDGE_LOOP('',(#12825,#12826,#12834,#12840));
#12825 = ORIENTED_EDGE('',*,*,#12529,.F.);
#12826 = ORIENTED_EDGE('',*,*,#12827,.T.);
#12827 = EDGE_CURVE('',#12530,#12828,#12830,.T.);
#12828 = VERTEX_POINT('',#12829);
#12829 = CARTESIAN_POINT('',(-1.5,0.55,0.828571428571));
#12830 = LINE('',#12831,#12832);
#12831 = CARTESIAN_POINT('',(-1.5,0.55,0.));
#12832 = VECTOR('',#12833,1.);
#12833 = DIRECTION('',(0.,0.,1.));
#12834 = ORIENTED_EDGE('',*,*,#12835,.T.);
#12835 = EDGE_CURVE('',#12828,#12179,#12836,.T.);
#12836 = LINE('',#12837,#12838);
#12837 = CARTESIAN_POINT('',(-1.5,0.55,0.828571428571));
#12838 = VECTOR('',#12839,1.);
#12839 = DIRECTION('',(0.,-1.,0.));
#12840 = ORIENTED_EDGE('',*,*,#12178,.F.);
#12841 = PLANE('',#12842);
#12842 = AXIS2_PLACEMENT_3D('',#12843,#12844,#12845);
#12843 = CARTESIAN_POINT('',(-1.5,0.55,0.));
#12844 = DIRECTION('',(1.,0.,0.));
#12845 = DIRECTION('',(0.,-1.,0.));
#12846 = ADVANCED_FACE('',(#12847),#12865,.F.);
#12847 = FACE_BOUND('',#12848,.F.);
#12848 = EDGE_LOOP('',(#12849,#12857,#12858,#12859));
#12849 = ORIENTED_EDGE('',*,*,#12850,.F.);
#12850 = EDGE_CURVE('',#12306,#12851,#12853,.T.);
#12851 = VERTEX_POINT('',#12852);
#12852 = CARTESIAN_POINT('',(0.25,-0.55,0.));
#12853 = LINE('',#12854,#12855);
#12854 = CARTESIAN_POINT('',(0.25,-0.675,0.));
#12855 = VECTOR('',#12856,1.);
#12856 = DIRECTION('',(0.,1.,0.));
#12857 = ORIENTED_EDGE('',*,*,#12305,.T.);
#12858 = ORIENTED_EDGE('',*,*,#12409,.F.);
#12859 = ORIENTED_EDGE('',*,*,#12860,.F.);
#12860 = EDGE_CURVE('',#12851,#12410,#12861,.T.);
#12861 = LINE('',#12862,#12863);
#12862 = CARTESIAN_POINT('',(-1.5,-0.55,0.));
#12863 = VECTOR('',#12864,1.);
#12864 = DIRECTION('',(1.,0.,0.));
#12865 = PLANE('',#12866);
#12866 = AXIS2_PLACEMENT_3D('',#12867,#12868,#12869);
#12867 = CARTESIAN_POINT('',(0.,0.,0.));
#12868 = DIRECTION('',(0.,0.,1.));
#12869 = DIRECTION('',(1.,0.,-0.));
#12870 = ADVANCED_FACE('',(#12871),#12921,.F.);
#12871 = FACE_BOUND('',#12872,.F.);
#12872 = EDGE_LOOP('',(#12873,#12874,#12875,#12883,#12891,#12899,#12907,
    #12915));
#12873 = ORIENTED_EDGE('',*,*,#12465,.F.);
#12874 = ORIENTED_EDGE('',*,*,#12329,.T.);
#12875 = ORIENTED_EDGE('',*,*,#12876,.T.);
#12876 = EDGE_CURVE('',#12330,#12877,#12879,.T.);
#12877 = VERTEX_POINT('',#12878);
#12878 = CARTESIAN_POINT('',(1.6,0.65,0.));
#12879 = LINE('',#12880,#12881);
#12880 = CARTESIAN_POINT('',(1.6,-0.65,0.));
#12881 = VECTOR('',#12882,1.);
#12882 = DIRECTION('',(0.,1.,0.));
#12883 = ORIENTED_EDGE('',*,*,#12884,.T.);
#12884 = EDGE_CURVE('',#12877,#12885,#12887,.T.);
#12885 = VERTEX_POINT('',#12886);
#12886 = CARTESIAN_POINT('',(1.45,0.65,0.));
#12887 = LINE('',#12888,#12889);
#12888 = CARTESIAN_POINT('',(1.6,0.65,0.));
#12889 = VECTOR('',#12890,1.);
#12890 = DIRECTION('',(-1.,0.,0.));
#12891 = ORIENTED_EDGE('',*,*,#12892,.F.);
#12892 = EDGE_CURVE('',#12893,#12885,#12895,.T.);
#12893 = VERTEX_POINT('',#12894);
#12894 = CARTESIAN_POINT('',(1.45,0.55,0.));
#12895 = LINE('',#12896,#12897);
#12896 = CARTESIAN_POINT('',(1.45,-0.675,0.));
#12897 = VECTOR('',#12898,1.);
#12898 = DIRECTION('',(0.,1.,0.));
#12899 = ORIENTED_EDGE('',*,*,#12900,.F.);
#12900 = EDGE_CURVE('',#12901,#12893,#12903,.T.);
#12901 = VERTEX_POINT('',#12902);
#12902 = CARTESIAN_POINT('',(1.5,0.55,0.));
#12903 = LINE('',#12904,#12905);
#12904 = CARTESIAN_POINT('',(1.5,0.55,0.));
#12905 = VECTOR('',#12906,1.);
#12906 = DIRECTION('',(-1.,0.,0.));
#12907 = ORIENTED_EDGE('',*,*,#12908,.F.);
#12908 = EDGE_CURVE('',#12909,#12901,#12911,.T.);
#12909 = VERTEX_POINT('',#12910);
#12910 = CARTESIAN_POINT('',(1.5,-0.55,0.));
#12911 = LINE('',#12912,#12913);
#12912 = CARTESIAN_POINT('',(1.5,-0.55,0.));
#12913 = VECTOR('',#12914,1.);
#12914 = DIRECTION('',(0.,1.,0.));
#12915 = ORIENTED_EDGE('',*,*,#12916,.F.);
#12916 = EDGE_CURVE('',#12466,#12909,#12917,.T.);
#12917 = LINE('',#12918,#12919);
#12918 = CARTESIAN_POINT('',(-1.5,-0.55,0.));
#12919 = VECTOR('',#12920,1.);
#12920 = DIRECTION('',(1.,0.,0.));
#12921 = PLANE('',#12922);
#12922 = AXIS2_PLACEMENT_3D('',#12923,#12924,#12925);
#12923 = CARTESIAN_POINT('',(0.,0.,0.));
#12924 = DIRECTION('',(0.,0.,1.));
#12925 = DIRECTION('',(1.,0.,-0.));
#12926 = ADVANCED_FACE('',(#12927),#12938,.F.);
#12927 = FACE_BOUND('',#12928,.F.);
#12928 = EDGE_LOOP('',(#12929,#12930,#12931,#12937));
#12929 = ORIENTED_EDGE('',*,*,#12346,.T.);
#12930 = ORIENTED_EDGE('',*,*,#12362,.T.);
#12931 = ORIENTED_EDGE('',*,*,#12932,.F.);
#12932 = EDGE_CURVE('',#12877,#12363,#12933,.T.);
#12933 = LINE('',#12934,#12935);
#12934 = CARTESIAN_POINT('',(1.6,0.65,0.));
#12935 = VECTOR('',#12936,1.);
#12936 = DIRECTION('',(0.,0.,1.));
#12937 = ORIENTED_EDGE('',*,*,#12876,.F.);
#12938 = PLANE('',#12939);
#12939 = AXIS2_PLACEMENT_3D('',#12940,#12941,#12942);
#12940 = CARTESIAN_POINT('',(1.6,-0.65,0.));
#12941 = DIRECTION('',(-1.,0.,0.));
#12942 = DIRECTION('',(0.,1.,0.));
#12943 = ADVANCED_FACE('',(#12944),#13042,.F.);
#12944 = FACE_BOUND('',#12945,.F.);
#12945 = EDGE_LOOP('',(#12946,#12947,#12948,#12954,#12955,#12956,#12964,
    #12972,#12980,#12988,#12996,#13004,#13012,#13020,#13028,#13036));
#12946 = ORIENTED_EDGE('',*,*,#12386,.F.);
#12947 = ORIENTED_EDGE('',*,*,#12779,.T.);
#12948 = ORIENTED_EDGE('',*,*,#12949,.T.);
#12949 = EDGE_CURVE('',#12772,#12828,#12950,.T.);
#12950 = LINE('',#12951,#12952);
#12951 = CARTESIAN_POINT('',(1.5,0.55,0.828571428571));
#12952 = VECTOR('',#12953,1.);
#12953 = DIRECTION('',(-1.,0.,0.));
#12954 = ORIENTED_EDGE('',*,*,#12827,.F.);
#12955 = ORIENTED_EDGE('',*,*,#12537,.F.);
#12956 = ORIENTED_EDGE('',*,*,#12957,.F.);
#12957 = EDGE_CURVE('',#12958,#12491,#12960,.T.);
#12958 = VERTEX_POINT('',#12959);
#12959 = CARTESIAN_POINT('',(-1.45,0.55,0.425));
#12960 = LINE('',#12961,#12962);
#12961 = CARTESIAN_POINT('',(-1.45,0.55,0.));
#12962 = VECTOR('',#12963,1.);
#12963 = DIRECTION('',(0.,0.,-1.));
#12964 = ORIENTED_EDGE('',*,*,#12965,.T.);
#12965 = EDGE_CURVE('',#12958,#12966,#12968,.T.);
#12966 = VERTEX_POINT('',#12967);
#12967 = CARTESIAN_POINT('',(-0.95,0.55,0.425));
#12968 = LINE('',#12969,#12970);
#12969 = CARTESIAN_POINT('',(0.15,0.55,0.425));
#12970 = VECTOR('',#12971,1.);
#12971 = DIRECTION('',(1.,0.,0.));
#12972 = ORIENTED_EDGE('',*,*,#12973,.F.);
#12973 = EDGE_CURVE('',#12974,#12966,#12976,.T.);
#12974 = VERTEX_POINT('',#12975);
#12975 = CARTESIAN_POINT('',(-0.95,0.55,0.4));
#12976 = LINE('',#12977,#12978);
#12977 = CARTESIAN_POINT('',(-0.95,0.55,0.));
#12978 = VECTOR('',#12979,1.);
#12979 = DIRECTION('',(0.,0.,1.));
#12980 = ORIENTED_EDGE('',*,*,#12981,.F.);
#12981 = EDGE_CURVE('',#12982,#12974,#12984,.T.);
#12982 = VERTEX_POINT('',#12983);
#12983 = CARTESIAN_POINT('',(-0.25,0.55,0.4));
#12984 = LINE('',#12985,#12986);
#12985 = CARTESIAN_POINT('',(0.75,0.55,0.4));
#12986 = VECTOR('',#12987,1.);
#12987 = DIRECTION('',(-1.,0.,0.));
#12988 = ORIENTED_EDGE('',*,*,#12989,.F.);
#12989 = EDGE_CURVE('',#12990,#12982,#12992,.T.);
#12990 = VERTEX_POINT('',#12991);
#12991 = CARTESIAN_POINT('',(-0.25,0.55,0.425));
#12992 = LINE('',#12993,#12994);
#12993 = CARTESIAN_POINT('',(-0.25,0.55,0.));
#12994 = VECTOR('',#12995,1.);
#12995 = DIRECTION('',(0.,0.,-1.));
#12996 = ORIENTED_EDGE('',*,*,#12997,.T.);
#12997 = EDGE_CURVE('',#12990,#12998,#13000,.T.);
#12998 = VERTEX_POINT('',#12999);
#12999 = CARTESIAN_POINT('',(0.25,0.55,0.425));
#13000 = LINE('',#13001,#13002);
#13001 = CARTESIAN_POINT('',(0.75,0.55,0.425));
#13002 = VECTOR('',#13003,1.);
#13003 = DIRECTION('',(1.,0.,0.));
#13004 = ORIENTED_EDGE('',*,*,#13005,.F.);
#13005 = EDGE_CURVE('',#13006,#12998,#13008,.T.);
#13006 = VERTEX_POINT('',#13007);
#13007 = CARTESIAN_POINT('',(0.25,0.55,0.4));
#13008 = LINE('',#13009,#13010);
#13009 = CARTESIAN_POINT('',(0.25,0.55,0.));
#13010 = VECTOR('',#13011,1.);
#13011 = DIRECTION('',(0.,0.,1.));
#13012 = ORIENTED_EDGE('',*,*,#13013,.F.);
#13013 = EDGE_CURVE('',#13014,#13006,#13016,.T.);
#13014 = VERTEX_POINT('',#13015);
#13015 = CARTESIAN_POINT('',(0.95,0.55,0.4));
#13016 = LINE('',#13017,#13018);
#13017 = CARTESIAN_POINT('',(0.75,0.55,0.4));
#13018 = VECTOR('',#13019,1.);
#13019 = DIRECTION('',(-1.,0.,0.));
#13020 = ORIENTED_EDGE('',*,*,#13021,.F.);
#13021 = EDGE_CURVE('',#13022,#13014,#13024,.T.);
#13022 = VERTEX_POINT('',#13023);
#13023 = CARTESIAN_POINT('',(0.95,0.55,0.425));
#13024 = LINE('',#13025,#13026);
#13025 = CARTESIAN_POINT('',(0.95,0.55,0.));
#13026 = VECTOR('',#13027,1.);
#13027 = DIRECTION('',(0.,0.,-1.));
#13028 = ORIENTED_EDGE('',*,*,#13029,.T.);
#13029 = EDGE_CURVE('',#13022,#13030,#13032,.T.);
#13030 = VERTEX_POINT('',#13031);
#13031 = CARTESIAN_POINT('',(1.45,0.55,0.425));
#13032 = LINE('',#13033,#13034);
#13033 = CARTESIAN_POINT('',(1.35,0.55,0.425));
#13034 = VECTOR('',#13035,1.);
#13035 = DIRECTION('',(1.,0.,0.));
#13036 = ORIENTED_EDGE('',*,*,#13037,.F.);
#13037 = EDGE_CURVE('',#12379,#13030,#13038,.T.);
#13038 = LINE('',#13039,#13040);
#13039 = CARTESIAN_POINT('',(1.45,0.55,0.));
#13040 = VECTOR('',#13041,1.);
#13041 = DIRECTION('',(0.,0.,1.));
#13042 = PLANE('',#13043);
#13043 = AXIS2_PLACEMENT_3D('',#13044,#13045,#13046);
#13044 = CARTESIAN_POINT('',(1.5,0.55,0.));
#13045 = DIRECTION('',(0.,-1.,0.));
#13046 = DIRECTION('',(-1.,0.,0.));
#13047 = ADVANCED_FACE('',(#13048),#13080,.F.);
#13048 = FACE_BOUND('',#13049,.F.);
#13049 = EDGE_LOOP('',(#13050,#13051,#13059,#13067,#13073,#13079));
#13050 = ORIENTED_EDGE('',*,*,#13037,.T.);
#13051 = ORIENTED_EDGE('',*,*,#13052,.T.);
#13052 = EDGE_CURVE('',#13030,#13053,#13055,.T.);
#13053 = VERTEX_POINT('',#13054);
#13054 = CARTESIAN_POINT('',(1.45,0.675,0.425));
#13055 = LINE('',#13056,#13057);
#13056 = CARTESIAN_POINT('',(1.45,-0.675,0.425));
#13057 = VECTOR('',#13058,1.);
#13058 = DIRECTION('',(0.,1.,0.));
#13059 = ORIENTED_EDGE('',*,*,#13060,.F.);
#13060 = EDGE_CURVE('',#13061,#13053,#13063,.T.);
#13061 = VERTEX_POINT('',#13062);
#13062 = CARTESIAN_POINT('',(1.45,0.675,0.));
#13063 = LINE('',#13064,#13065);
#13064 = CARTESIAN_POINT('',(1.45,0.675,0.));
#13065 = VECTOR('',#13066,1.);
#13066 = DIRECTION('',(0.,0.,1.));
#13067 = ORIENTED_EDGE('',*,*,#13068,.F.);
#13068 = EDGE_CURVE('',#12885,#13061,#13069,.T.);
#13069 = LINE('',#13070,#13071);
#13070 = CARTESIAN_POINT('',(1.45,-0.675,0.));
#13071 = VECTOR('',#13072,1.);
#13072 = DIRECTION('',(0.,1.,0.));
#13073 = ORIENTED_EDGE('',*,*,#13074,.T.);
#13074 = EDGE_CURVE('',#12885,#12371,#13075,.T.);
#13075 = LINE('',#13076,#13077);
#13076 = CARTESIAN_POINT('',(1.45,0.65,0.));
#13077 = VECTOR('',#13078,1.);
#13078 = DIRECTION('',(0.,0.,1.));
#13079 = ORIENTED_EDGE('',*,*,#12378,.F.);
#13080 = PLANE('',#13081);
#13081 = AXIS2_PLACEMENT_3D('',#13082,#13083,#13084);
#13082 = CARTESIAN_POINT('',(1.45,-0.675,0.));
#13083 = DIRECTION('',(-1.,0.,0.));
#13084 = DIRECTION('',(0.,1.,0.));
#13085 = ADVANCED_FACE('',(#13086),#13092,.F.);
#13086 = FACE_BOUND('',#13087,.F.);
#13087 = EDGE_LOOP('',(#13088,#13089,#13090,#13091));
#13088 = ORIENTED_EDGE('',*,*,#12884,.F.);
#13089 = ORIENTED_EDGE('',*,*,#12932,.T.);
#13090 = ORIENTED_EDGE('',*,*,#12370,.T.);
#13091 = ORIENTED_EDGE('',*,*,#13074,.F.);
#13092 = PLANE('',#13093);
#13093 = AXIS2_PLACEMENT_3D('',#13094,#13095,#13096);
#13094 = CARTESIAN_POINT('',(1.6,0.65,0.));
#13095 = DIRECTION('',(0.,-1.,0.));
#13096 = DIRECTION('',(-1.,0.,0.));
#13097 = ADVANCED_FACE('',(#13098),#13116,.F.);
#13098 = FACE_BOUND('',#13099,.F.);
#13099 = EDGE_LOOP('',(#13100,#13108,#13109,#13110));
#13100 = ORIENTED_EDGE('',*,*,#13101,.T.);
#13101 = EDGE_CURVE('',#13102,#12410,#13104,.T.);
#13102 = VERTEX_POINT('',#13103);
#13103 = CARTESIAN_POINT('',(0.95,0.55,0.));
#13104 = LINE('',#13105,#13106);
#13105 = CARTESIAN_POINT('',(0.95,0.675,0.));
#13106 = VECTOR('',#13107,1.);
#13107 = DIRECTION('',(0.,-1.,0.));
#13108 = ORIENTED_EDGE('',*,*,#12419,.T.);
#13109 = ORIENTED_EDGE('',*,*,#12433,.F.);
#13110 = ORIENTED_EDGE('',*,*,#13111,.T.);
#13111 = EDGE_CURVE('',#12434,#13102,#13112,.T.);
#13112 = LINE('',#13113,#13114);
#13113 = CARTESIAN_POINT('',(1.5,0.55,0.));
#13114 = VECTOR('',#13115,1.);
#13115 = DIRECTION('',(-1.,0.,0.));
#13116 = PLANE('',#13117);
#13117 = AXIS2_PLACEMENT_3D('',#13118,#13119,#13120);
#13118 = CARTESIAN_POINT('',(1.2,0.,0.));
#13119 = DIRECTION('',(0.,0.,1.));
#13120 = DIRECTION('',(1.,0.,-0.));
#13121 = ADVANCED_FACE('',(#13122),#13170,.F.);
#13122 = FACE_BOUND('',#13123,.F.);
#13123 = EDGE_LOOP('',(#13124,#13134,#13142,#13148,#13149,#13157,#13163,
    #13164));
#13124 = ORIENTED_EDGE('',*,*,#13125,.T.);
#13125 = EDGE_CURVE('',#13126,#13128,#13130,.T.);
#13126 = VERTEX_POINT('',#13127);
#13127 = CARTESIAN_POINT('',(0.95,0.675,0.));
#13128 = VERTEX_POINT('',#13129);
#13129 = CARTESIAN_POINT('',(0.95,0.65,0.));
#13130 = LINE('',#13131,#13132);
#13131 = CARTESIAN_POINT('',(0.95,0.675,0.));
#13132 = VECTOR('',#13133,1.);
#13133 = DIRECTION('',(0.,-1.,0.));
#13134 = ORIENTED_EDGE('',*,*,#13135,.F.);
#13135 = EDGE_CURVE('',#13136,#13128,#13138,.T.);
#13136 = VERTEX_POINT('',#13137);
#13137 = CARTESIAN_POINT('',(1.,0.65,0.));
#13138 = LINE('',#13139,#13140);
#13139 = CARTESIAN_POINT('',(1.6,0.65,0.));
#13140 = VECTOR('',#13141,1.);
#13141 = DIRECTION('',(-1.,0.,0.));
#13142 = ORIENTED_EDGE('',*,*,#13143,.T.);
#13143 = EDGE_CURVE('',#13136,#12434,#13144,.T.);
#13144 = LINE('',#13145,#13146);
#13145 = CARTESIAN_POINT('',(1.,0.675,0.));
#13146 = VECTOR('',#13147,1.);
#13147 = DIRECTION('',(0.,-1.,0.));
#13148 = ORIENTED_EDGE('',*,*,#12450,.F.);
#13149 = ORIENTED_EDGE('',*,*,#13150,.T.);
#13150 = EDGE_CURVE('',#12443,#13151,#13153,.T.);
#13151 = VERTEX_POINT('',#13152);
#13152 = CARTESIAN_POINT('',(1.4,0.65,0.));
#13153 = LINE('',#13154,#13155);
#13154 = CARTESIAN_POINT('',(1.4,-0.675,0.));
#13155 = VECTOR('',#13156,1.);
#13156 = DIRECTION('',(0.,1.,0.));
#13157 = ORIENTED_EDGE('',*,*,#13158,.F.);
#13158 = EDGE_CURVE('',#12885,#13151,#13159,.T.);
#13159 = LINE('',#13160,#13161);
#13160 = CARTESIAN_POINT('',(1.6,0.65,0.));
#13161 = VECTOR('',#13162,1.);
#13162 = DIRECTION('',(-1.,0.,0.));
#13163 = ORIENTED_EDGE('',*,*,#13068,.T.);
#13164 = ORIENTED_EDGE('',*,*,#13165,.T.);
#13165 = EDGE_CURVE('',#13061,#13126,#13166,.T.);
#13166 = LINE('',#13167,#13168);
#13167 = CARTESIAN_POINT('',(1.45,0.675,0.));
#13168 = VECTOR('',#13169,1.);
#13169 = DIRECTION('',(-1.,0.,0.));
#13170 = PLANE('',#13171);
#13171 = AXIS2_PLACEMENT_3D('',#13172,#13173,#13174);
#13172 = CARTESIAN_POINT('',(1.2,0.,0.));
#13173 = DIRECTION('',(0.,0.,1.));
#13174 = DIRECTION('',(1.,0.,-0.));
#13175 = ADVANCED_FACE('',(#13176),#13192,.F.);
#13176 = FACE_BOUND('',#13177,.F.);
#13177 = EDGE_LOOP('',(#13178,#13179,#13185,#13191));
#13178 = ORIENTED_EDGE('',*,*,#12473,.T.);
#13179 = ORIENTED_EDGE('',*,*,#13180,.T.);
#13180 = EDGE_CURVE('',#12466,#12893,#13181,.T.);
#13181 = LINE('',#13182,#13183);
#13182 = CARTESIAN_POINT('',(1.45,-0.675,0.));
#13183 = VECTOR('',#13184,1.);
#13184 = DIRECTION('',(0.,1.,0.));
#13185 = ORIENTED_EDGE('',*,*,#13186,.T.);
#13186 = EDGE_CURVE('',#12893,#12443,#13187,.T.);
#13187 = LINE('',#13188,#13189);
#13188 = CARTESIAN_POINT('',(1.5,0.55,0.));
#13189 = VECTOR('',#13190,1.);
#13190 = DIRECTION('',(-1.,0.,0.));
#13191 = ORIENTED_EDGE('',*,*,#12442,.F.);
#13192 = PLANE('',#13193);
#13193 = AXIS2_PLACEMENT_3D('',#13194,#13195,#13196);
#13194 = CARTESIAN_POINT('',(1.2,0.,0.));
#13195 = DIRECTION('',(0.,0.,1.));
#13196 = DIRECTION('',(1.,0.,-0.));
#13197 = ADVANCED_FACE('',(#13198),#13232,.F.);
#13198 = FACE_BOUND('',#13199,.F.);
#13199 = EDGE_LOOP('',(#13200,#13210,#13218,#13224,#13225,#13226));
#13200 = ORIENTED_EDGE('',*,*,#13201,.F.);
#13201 = EDGE_CURVE('',#13202,#13204,#13206,.T.);
#13202 = VERTEX_POINT('',#13203);
#13203 = CARTESIAN_POINT('',(-1.45,0.675,0.));
#13204 = VERTEX_POINT('',#13205);
#13205 = CARTESIAN_POINT('',(-1.45,0.65,0.));
#13206 = LINE('',#13207,#13208);
#13207 = CARTESIAN_POINT('',(-1.45,0.675,0.));
#13208 = VECTOR('',#13209,1.);
#13209 = DIRECTION('',(0.,-1.,0.));
#13210 = ORIENTED_EDGE('',*,*,#13211,.T.);
#13211 = EDGE_CURVE('',#13202,#13212,#13214,.T.);
#13212 = VERTEX_POINT('',#13213);
#13213 = CARTESIAN_POINT('',(-1.45,0.675,0.425));
#13214 = LINE('',#13215,#13216);
#13215 = CARTESIAN_POINT('',(-1.45,0.675,0.));
#13216 = VECTOR('',#13217,1.);
#13217 = DIRECTION('',(0.,0.,1.));
#13218 = ORIENTED_EDGE('',*,*,#13219,.T.);
#13219 = EDGE_CURVE('',#13212,#12958,#13220,.T.);
#13220 = LINE('',#13221,#13222);
#13221 = CARTESIAN_POINT('',(-1.45,0.675,0.425));
#13222 = VECTOR('',#13223,1.);
#13223 = DIRECTION('',(0.,-1.,0.));
#13224 = ORIENTED_EDGE('',*,*,#12957,.T.);
#13225 = ORIENTED_EDGE('',*,*,#12488,.F.);
#13226 = ORIENTED_EDGE('',*,*,#13227,.T.);
#13227 = EDGE_CURVE('',#12489,#13204,#13228,.T.);
#13228 = LINE('',#13229,#13230);
#13229 = CARTESIAN_POINT('',(-1.45,0.65,0.));
#13230 = VECTOR('',#13231,1.);
#13231 = DIRECTION('',(0.,0.,-1.));
#13232 = PLANE('',#13233);
#13233 = AXIS2_PLACEMENT_3D('',#13234,#13235,#13236);
#13234 = CARTESIAN_POINT('',(-1.45,0.675,0.));
#13235 = DIRECTION('',(1.,0.,0.));
#13236 = DIRECTION('',(0.,-1.,0.));
#13237 = ADVANCED_FACE('',(#13238),#13256,.F.);
#13238 = FACE_BOUND('',#13239,.F.);
#13239 = EDGE_LOOP('',(#13240,#13248,#13254,#13255));
#13240 = ORIENTED_EDGE('',*,*,#13241,.F.);
#13241 = EDGE_CURVE('',#13242,#12569,#13244,.T.);
#13242 = VERTEX_POINT('',#13243);
#13243 = CARTESIAN_POINT('',(-1.6,-0.65,0.));
#13244 = LINE('',#13245,#13246);
#13245 = CARTESIAN_POINT('',(-1.6,-0.65,0.));
#13246 = VECTOR('',#13247,1.);
#13247 = DIRECTION('',(1.,0.,0.));
#13248 = ORIENTED_EDGE('',*,*,#13249,.T.);
#13249 = EDGE_CURVE('',#13242,#12507,#13250,.T.);
#13250 = LINE('',#13251,#13252);
#13251 = CARTESIAN_POINT('',(-1.6,-0.65,0.));
#13252 = VECTOR('',#13253,1.);
#13253 = DIRECTION('',(0.,0.,1.));
#13254 = ORIENTED_EDGE('',*,*,#12514,.T.);
#13255 = ORIENTED_EDGE('',*,*,#12576,.F.);
#13256 = PLANE('',#13257);
#13257 = AXIS2_PLACEMENT_3D('',#13258,#13259,#13260);
#13258 = CARTESIAN_POINT('',(-1.6,-0.65,0.));
#13259 = DIRECTION('',(0.,1.,0.));
#13260 = DIRECTION('',(1.,0.,0.));
#13261 = ADVANCED_FACE('',(#13262),#13280,.F.);
#13262 = FACE_BOUND('',#13263,.F.);
#13263 = EDGE_LOOP('',(#13264,#13272,#13273,#13274));
#13264 = ORIENTED_EDGE('',*,*,#13265,.T.);
#13265 = EDGE_CURVE('',#13266,#12499,#13268,.T.);
#13266 = VERTEX_POINT('',#13267);
#13267 = CARTESIAN_POINT('',(-1.6,0.65,0.));
#13268 = LINE('',#13269,#13270);
#13269 = CARTESIAN_POINT('',(-1.6,0.65,0.));
#13270 = VECTOR('',#13271,1.);
#13271 = DIRECTION('',(0.,0.,1.));
#13272 = ORIENTED_EDGE('',*,*,#12506,.T.);
#13273 = ORIENTED_EDGE('',*,*,#13249,.F.);
#13274 = ORIENTED_EDGE('',*,*,#13275,.F.);
#13275 = EDGE_CURVE('',#13266,#13242,#13276,.T.);
#13276 = LINE('',#13277,#13278);
#13277 = CARTESIAN_POINT('',(-1.6,0.65,0.));
#13278 = VECTOR('',#13279,1.);
#13279 = DIRECTION('',(0.,-1.,0.));
#13280 = PLANE('',#13281);
#13281 = AXIS2_PLACEMENT_3D('',#13282,#13283,#13284);
#13282 = CARTESIAN_POINT('',(-1.6,0.65,0.));
#13283 = DIRECTION('',(1.,0.,0.));
#13284 = DIRECTION('',(0.,-1.,0.));
#13285 = ADVANCED_FACE('',(#13286),#13297,.F.);
#13286 = FACE_BOUND('',#13287,.F.);
#13287 = EDGE_LOOP('',(#13288,#13294,#13295,#13296));
#13288 = ORIENTED_EDGE('',*,*,#13289,.F.);
#13289 = EDGE_CURVE('',#13204,#13266,#13290,.T.);
#13290 = LINE('',#13291,#13292);
#13291 = CARTESIAN_POINT('',(1.6,0.65,0.));
#13292 = VECTOR('',#13293,1.);
#13293 = DIRECTION('',(-1.,0.,0.));
#13294 = ORIENTED_EDGE('',*,*,#13227,.F.);
#13295 = ORIENTED_EDGE('',*,*,#12498,.T.);
#13296 = ORIENTED_EDGE('',*,*,#13265,.F.);
#13297 = PLANE('',#13298);
#13298 = AXIS2_PLACEMENT_3D('',#13299,#13300,#13301);
#13299 = CARTESIAN_POINT('',(1.6,0.65,0.));
#13300 = DIRECTION('',(0.,-1.,0.));
#13301 = DIRECTION('',(-1.,0.,0.));
#13302 = ADVANCED_FACE('',(#13303),#13351,.F.);
#13303 = FACE_BOUND('',#13304,.F.);
#13304 = EDGE_LOOP('',(#13305,#13306,#13312,#13313,#13321,#13329,#13337,
    #13345));
#13305 = ORIENTED_EDGE('',*,*,#12568,.T.);
#13306 = ORIENTED_EDGE('',*,*,#13307,.T.);
#13307 = EDGE_CURVE('',#12561,#12616,#13308,.T.);
#13308 = LINE('',#13309,#13310);
#13309 = CARTESIAN_POINT('',(-1.45,-0.675,0.));
#13310 = VECTOR('',#13311,1.);
#13311 = DIRECTION('',(1.,0.,0.));
#13312 = ORIENTED_EDGE('',*,*,#12615,.T.);
#13313 = ORIENTED_EDGE('',*,*,#13314,.F.);
#13314 = EDGE_CURVE('',#13315,#12618,#13317,.T.);
#13315 = VERTEX_POINT('',#13316);
#13316 = CARTESIAN_POINT('',(-1.,-0.65,0.));
#13317 = LINE('',#13318,#13319);
#13318 = CARTESIAN_POINT('',(-1.6,-0.65,0.));
#13319 = VECTOR('',#13320,1.);
#13320 = DIRECTION('',(1.,0.,0.));
#13321 = ORIENTED_EDGE('',*,*,#13322,.T.);
#13322 = EDGE_CURVE('',#13315,#13323,#13325,.T.);
#13323 = VERTEX_POINT('',#13324);
#13324 = CARTESIAN_POINT('',(-1.,-0.55,0.));
#13325 = LINE('',#13326,#13327);
#13326 = CARTESIAN_POINT('',(-1.,-0.675,0.));
#13327 = VECTOR('',#13328,1.);
#13328 = DIRECTION('',(0.,1.,0.));
#13329 = ORIENTED_EDGE('',*,*,#13330,.F.);
#13330 = EDGE_CURVE('',#13331,#13323,#13333,.T.);
#13331 = VERTEX_POINT('',#13332);
#13332 = CARTESIAN_POINT('',(-1.4,-0.55,0.));
#13333 = LINE('',#13334,#13335);
#13334 = CARTESIAN_POINT('',(-1.5,-0.55,0.));
#13335 = VECTOR('',#13336,1.);
#13336 = DIRECTION('',(1.,0.,0.));
#13337 = ORIENTED_EDGE('',*,*,#13338,.T.);
#13338 = EDGE_CURVE('',#13331,#13339,#13341,.T.);
#13339 = VERTEX_POINT('',#13340);
#13340 = CARTESIAN_POINT('',(-1.4,-0.65,0.));
#13341 = LINE('',#13342,#13343);
#13342 = CARTESIAN_POINT('',(-1.4,0.675,0.));
#13343 = VECTOR('',#13344,1.);
#13344 = DIRECTION('',(0.,-1.,0.));
#13345 = ORIENTED_EDGE('',*,*,#13346,.F.);
#13346 = EDGE_CURVE('',#12569,#13339,#13347,.T.);
#13347 = LINE('',#13348,#13349);
#13348 = CARTESIAN_POINT('',(-1.6,-0.65,0.));
#13349 = VECTOR('',#13350,1.);
#13350 = DIRECTION('',(1.,0.,0.));
#13351 = PLANE('',#13352);
#13352 = AXIS2_PLACEMENT_3D('',#13353,#13354,#13355);
#13353 = CARTESIAN_POINT('',(-1.2,0.,0.));
#13354 = DIRECTION('',(0.,0.,1.));
#13355 = DIRECTION('',(1.,0.,-0.));
#13356 = ADVANCED_FACE('',(#13357),#13363,.F.);
#13357 = FACE_BOUND('',#13358,.F.);
#13358 = EDGE_LOOP('',(#13359,#13360,#13361,#13362));
#13359 = ORIENTED_EDGE('',*,*,#12560,.T.);
#13360 = ORIENTED_EDGE('',*,*,#12592,.T.);
#13361 = ORIENTED_EDGE('',*,*,#12625,.F.);
#13362 = ORIENTED_EDGE('',*,*,#13307,.F.);
#13363 = PLANE('',#13364);
#13364 = AXIS2_PLACEMENT_3D('',#13365,#13366,#13367);
#13365 = CARTESIAN_POINT('',(-1.45,-0.675,0.));
#13366 = DIRECTION('',(0.,1.,0.));
#13367 = DIRECTION('',(1.,0.,0.));
#13368 = ADVANCED_FACE('',(#13369),#13380,.F.);
#13369 = FACE_BOUND('',#13370,.F.);
#13370 = EDGE_LOOP('',(#13371,#13377,#13378,#13379));
#13371 = ORIENTED_EDGE('',*,*,#13372,.F.);
#13372 = EDGE_CURVE('',#12618,#12697,#13373,.T.);
#13373 = LINE('',#13374,#13375);
#13374 = CARTESIAN_POINT('',(-1.6,-0.65,0.));
#13375 = VECTOR('',#13376,1.);
#13376 = DIRECTION('',(1.,0.,0.));
#13377 = ORIENTED_EDGE('',*,*,#12641,.F.);
#13378 = ORIENTED_EDGE('',*,*,#12655,.T.);
#13379 = ORIENTED_EDGE('',*,*,#12704,.F.);
#13380 = PLANE('',#13381);
#13381 = AXIS2_PLACEMENT_3D('',#13382,#13383,#13384);
#13382 = CARTESIAN_POINT('',(-1.6,-0.65,0.));
#13383 = DIRECTION('',(0.,1.,0.));
#13384 = DIRECTION('',(1.,0.,0.));
#13385 = ADVANCED_FACE('',(#13386),#13434,.F.);
#13386 = FACE_BOUND('',#13387,.F.);
#13387 = EDGE_LOOP('',(#13388,#13389,#13395,#13396,#13404,#13412,#13420,
    #13428));
#13388 = ORIENTED_EDGE('',*,*,#12696,.T.);
#13389 = ORIENTED_EDGE('',*,*,#13390,.T.);
#13390 = EDGE_CURVE('',#12689,#12744,#13391,.T.);
#13391 = LINE('',#13392,#13393);
#13392 = CARTESIAN_POINT('',(-0.25,-0.675,0.));
#13393 = VECTOR('',#13394,1.);
#13394 = DIRECTION('',(1.,0.,0.));
#13395 = ORIENTED_EDGE('',*,*,#12743,.T.);
#13396 = ORIENTED_EDGE('',*,*,#13397,.F.);
#13397 = EDGE_CURVE('',#13398,#12306,#13400,.T.);
#13398 = VERTEX_POINT('',#13399);
#13399 = CARTESIAN_POINT('',(0.2,-0.65,0.));
#13400 = LINE('',#13401,#13402);
#13401 = CARTESIAN_POINT('',(-1.6,-0.65,0.));
#13402 = VECTOR('',#13403,1.);
#13403 = DIRECTION('',(1.,0.,0.));
#13404 = ORIENTED_EDGE('',*,*,#13405,.T.);
#13405 = EDGE_CURVE('',#13398,#13406,#13408,.T.);
#13406 = VERTEX_POINT('',#13407);
#13407 = CARTESIAN_POINT('',(0.2,-0.55,0.));
#13408 = LINE('',#13409,#13410);
#13409 = CARTESIAN_POINT('',(0.2,-0.675,0.));
#13410 = VECTOR('',#13411,1.);
#13411 = DIRECTION('',(0.,1.,0.));
#13412 = ORIENTED_EDGE('',*,*,#13413,.F.);
#13413 = EDGE_CURVE('',#13414,#13406,#13416,.T.);
#13414 = VERTEX_POINT('',#13415);
#13415 = CARTESIAN_POINT('',(-0.2,-0.55,0.));
#13416 = LINE('',#13417,#13418);
#13417 = CARTESIAN_POINT('',(-1.5,-0.55,0.));
#13418 = VECTOR('',#13419,1.);
#13419 = DIRECTION('',(1.,0.,0.));
#13420 = ORIENTED_EDGE('',*,*,#13421,.T.);
#13421 = EDGE_CURVE('',#13414,#13422,#13424,.T.);
#13422 = VERTEX_POINT('',#13423);
#13423 = CARTESIAN_POINT('',(-0.2,-0.65,0.));
#13424 = LINE('',#13425,#13426);
#13425 = CARTESIAN_POINT('',(-0.2,0.675,0.));
#13426 = VECTOR('',#13427,1.);
#13427 = DIRECTION('',(0.,-1.,0.));
#13428 = ORIENTED_EDGE('',*,*,#13429,.F.);
#13429 = EDGE_CURVE('',#12697,#13422,#13430,.T.);
#13430 = LINE('',#13431,#13432);
#13431 = CARTESIAN_POINT('',(-1.6,-0.65,0.));
#13432 = VECTOR('',#13433,1.);
#13433 = DIRECTION('',(1.,0.,0.));
#13434 = PLANE('',#13435);
#13435 = AXIS2_PLACEMENT_3D('',#13436,#13437,#13438);
#13436 = CARTESIAN_POINT('',(0.,0.,0.));
#13437 = DIRECTION('',(0.,0.,1.));
#13438 = DIRECTION('',(1.,0.,-0.));
#13439 = ADVANCED_FACE('',(#13440),#13446,.F.);
#13440 = FACE_BOUND('',#13441,.F.);
#13441 = EDGE_LOOP('',(#13442,#13443,#13444,#13445));
#13442 = ORIENTED_EDGE('',*,*,#12688,.T.);
#13443 = ORIENTED_EDGE('',*,*,#12720,.T.);
#13444 = ORIENTED_EDGE('',*,*,#12751,.F.);
#13445 = ORIENTED_EDGE('',*,*,#13390,.F.);
#13446 = PLANE('',#13447);
#13447 = AXIS2_PLACEMENT_3D('',#13448,#13449,#13450);
#13448 = CARTESIAN_POINT('',(-0.25,-0.675,0.));
#13449 = DIRECTION('',(0.,1.,0.));
#13450 = DIRECTION('',(1.,0.,0.));
#13451 = ADVANCED_FACE('',(#13452),#13471,.T.);
#13452 = FACE_BOUND('',#13453,.T.);
#13453 = EDGE_LOOP('',(#13454,#13455,#13464,#13470));
#13454 = ORIENTED_EDGE('',*,*,#12771,.T.);
#13455 = ORIENTED_EDGE('',*,*,#13456,.T.);
#13456 = EDGE_CURVE('',#12772,#13457,#13459,.T.);
#13457 = VERTEX_POINT('',#13458);
#13458 = CARTESIAN_POINT('',(1.428571428571,0.478571428571,0.9));
#13459 = ELLIPSE('',#13460,0.101015254455,7.142857142857E-02);
#13460 = AXIS2_PLACEMENT_3D('',#13461,#13462,#13463);
#13461 = CARTESIAN_POINT('',(1.428571428571,0.478571428571,
    0.828571428571));
#13462 = DIRECTION('',(0.707106781187,-0.707106781187,0.));
#13463 = DIRECTION('',(0.707106781187,0.707106781187,0.));
#13464 = ORIENTED_EDGE('',*,*,#13465,.F.);
#13465 = EDGE_CURVE('',#12795,#13457,#13466,.T.);
#13466 = LINE('',#13467,#13468);
#13467 = CARTESIAN_POINT('',(1.428571428571,-0.55,0.9));
#13468 = VECTOR('',#13469,1.);
#13469 = DIRECTION('',(0.,1.,0.));
#13470 = ORIENTED_EDGE('',*,*,#12794,.F.);
#13471 = CYLINDRICAL_SURFACE('',#13472,7.142857142857E-02);
#13472 = AXIS2_PLACEMENT_3D('',#13473,#13474,#13475);
#13473 = CARTESIAN_POINT('',(1.428571428571,-0.55,0.828571428571));
#13474 = DIRECTION('',(0.,1.,0.));
#13475 = DIRECTION('',(1.,0.,0.));
#13476 = ADVANCED_FACE('',(#13477),#13496,.T.);
#13477 = FACE_BOUND('',#13478,.T.);
#13478 = EDGE_LOOP('',(#13479,#13480,#13481,#13489));
#13479 = ORIENTED_EDGE('',*,*,#12835,.T.);
#13480 = ORIENTED_EDGE('',*,*,#12811,.T.);
#13481 = ORIENTED_EDGE('',*,*,#13482,.F.);
#13482 = EDGE_CURVE('',#13483,#12804,#13485,.T.);
#13483 = VERTEX_POINT('',#13484);
#13484 = CARTESIAN_POINT('',(-1.428571428571,0.478571428571,0.9));
#13485 = LINE('',#13486,#13487);
#13486 = CARTESIAN_POINT('',(-1.428571428571,0.55,0.9));
#13487 = VECTOR('',#13488,1.);
#13488 = DIRECTION('',(0.,-1.,0.));
#13489 = ORIENTED_EDGE('',*,*,#13490,.F.);
#13490 = EDGE_CURVE('',#12828,#13483,#13491,.T.);
#13491 = ELLIPSE('',#13492,0.101015254455,7.142857142857E-02);
#13492 = AXIS2_PLACEMENT_3D('',#13493,#13494,#13495);
#13493 = CARTESIAN_POINT('',(-1.428571428571,0.478571428571,
    0.828571428571));
#13494 = DIRECTION('',(0.707106781187,0.707106781187,0.));
#13495 = DIRECTION('',(0.707106781187,-0.707106781187,0.));
#13496 = CYLINDRICAL_SURFACE('',#13497,7.142857142857E-02);
#13497 = AXIS2_PLACEMENT_3D('',#13498,#13499,#13500);
#13498 = CARTESIAN_POINT('',(-1.428571428571,0.55,0.828571428571));
#13499 = DIRECTION('',(0.,-1.,0.));
#13500 = DIRECTION('',(-1.,0.,0.));
#13501 = ADVANCED_FACE('',(#13502),#13513,.T.);
#13502 = FACE_BOUND('',#13503,.T.);
#13503 = EDGE_LOOP('',(#13504,#13505,#13506,#13507));
#13504 = ORIENTED_EDGE('',*,*,#13482,.T.);
#13505 = ORIENTED_EDGE('',*,*,#12803,.T.);
#13506 = ORIENTED_EDGE('',*,*,#13465,.T.);
#13507 = ORIENTED_EDGE('',*,*,#13508,.T.);
#13508 = EDGE_CURVE('',#13457,#13483,#13509,.T.);
#13509 = LINE('',#13510,#13511);
#13510 = CARTESIAN_POINT('',(1.5,0.478571428571,0.9));
#13511 = VECTOR('',#13512,1.);
#13512 = DIRECTION('',(-1.,0.,0.));
#13513 = PLANE('',#13514);
#13514 = AXIS2_PLACEMENT_3D('',#13515,#13516,#13517);
#13515 = CARTESIAN_POINT('',(2.707861035671E-17,0.,0.9));
#13516 = DIRECTION('',(0.,0.,1.));
#13517 = DIRECTION('',(1.,0.,-0.));
#13518 = ADVANCED_FACE('',(#13519),#13530,.F.);
#13519 = FACE_BOUND('',#13520,.F.);
#13520 = EDGE_LOOP('',(#13521,#13522,#13523,#13529));
#13521 = ORIENTED_EDGE('',*,*,#13397,.T.);
#13522 = ORIENTED_EDGE('',*,*,#12850,.T.);
#13523 = ORIENTED_EDGE('',*,*,#13524,.F.);
#13524 = EDGE_CURVE('',#13406,#12851,#13525,.T.);
#13525 = LINE('',#13526,#13527);
#13526 = CARTESIAN_POINT('',(-1.5,-0.55,0.));
#13527 = VECTOR('',#13528,1.);
#13528 = DIRECTION('',(1.,0.,0.));
#13529 = ORIENTED_EDGE('',*,*,#13405,.F.);
#13530 = PLANE('',#13531);
#13531 = AXIS2_PLACEMENT_3D('',#13532,#13533,#13534);
#13532 = CARTESIAN_POINT('',(0.,0.,0.));
#13533 = DIRECTION('',(0.,0.,1.));
#13534 = DIRECTION('',(1.,0.,-0.));
#13535 = ADVANCED_FACE('',(#13536),#13554,.F.);
#13536 = FACE_BOUND('',#13537,.F.);
#13537 = EDGE_LOOP('',(#13538,#13546,#13547,#13548));
#13538 = ORIENTED_EDGE('',*,*,#13539,.F.);
#13539 = EDGE_CURVE('',#12851,#13540,#13542,.T.);
#13540 = VERTEX_POINT('',#13541);
#13541 = CARTESIAN_POINT('',(0.25,0.55,0.));
#13542 = LINE('',#13543,#13544);
#13543 = CARTESIAN_POINT('',(0.25,-0.675,0.));
#13544 = VECTOR('',#13545,1.);
#13545 = DIRECTION('',(0.,1.,0.));
#13546 = ORIENTED_EDGE('',*,*,#12860,.T.);
#13547 = ORIENTED_EDGE('',*,*,#13101,.F.);
#13548 = ORIENTED_EDGE('',*,*,#13549,.T.);
#13549 = EDGE_CURVE('',#13102,#13540,#13550,.T.);
#13550 = LINE('',#13551,#13552);
#13551 = CARTESIAN_POINT('',(1.5,0.55,0.));
#13552 = VECTOR('',#13553,1.);
#13553 = DIRECTION('',(-1.,0.,0.));
#13554 = PLANE('',#13555);
#13555 = AXIS2_PLACEMENT_3D('',#13556,#13557,#13558);
#13556 = CARTESIAN_POINT('',(2.707861035671E-17,0.,0.));
#13557 = DIRECTION('',(0.,0.,1.));
#13558 = DIRECTION('',(1.,0.,-0.));
#13559 = ADVANCED_FACE('',(#13560),#13566,.F.);
#13560 = FACE_BOUND('',#13561,.F.);
#13561 = EDGE_LOOP('',(#13562,#13563,#13564,#13565));
#13562 = ORIENTED_EDGE('',*,*,#13180,.F.);
#13563 = ORIENTED_EDGE('',*,*,#12916,.T.);
#13564 = ORIENTED_EDGE('',*,*,#12908,.T.);
#13565 = ORIENTED_EDGE('',*,*,#12900,.T.);
#13566 = PLANE('',#13567);
#13567 = AXIS2_PLACEMENT_3D('',#13568,#13569,#13570);
#13568 = CARTESIAN_POINT('',(2.707861035671E-17,0.,0.));
#13569 = DIRECTION('',(0.,0.,1.));
#13570 = DIRECTION('',(1.,0.,-0.));
#13571 = ADVANCED_FACE('',(#13572),#13578,.F.);
#13572 = FACE_BOUND('',#13573,.F.);
#13573 = EDGE_LOOP('',(#13574,#13575,#13576,#13577));
#13574 = ORIENTED_EDGE('',*,*,#13186,.F.);
#13575 = ORIENTED_EDGE('',*,*,#12892,.T.);
#13576 = ORIENTED_EDGE('',*,*,#13158,.T.);
#13577 = ORIENTED_EDGE('',*,*,#13150,.F.);
#13578 = PLANE('',#13579);
#13579 = AXIS2_PLACEMENT_3D('',#13580,#13581,#13582);
#13580 = CARTESIAN_POINT('',(1.2,0.,0.));
#13581 = DIRECTION('',(0.,0.,1.));
#13582 = DIRECTION('',(1.,0.,-0.));
#13583 = ADVANCED_FACE('',(#13584),#13602,.T.);
#13584 = FACE_BOUND('',#13585,.T.);
#13585 = EDGE_LOOP('',(#13586,#13594,#13595,#13596));
#13586 = ORIENTED_EDGE('',*,*,#13587,.T.);
#13587 = EDGE_CURVE('',#13588,#13022,#13590,.T.);
#13588 = VERTEX_POINT('',#13589);
#13589 = CARTESIAN_POINT('',(0.95,0.675,0.425));
#13590 = LINE('',#13591,#13592);
#13591 = CARTESIAN_POINT('',(0.95,0.675,0.425));
#13592 = VECTOR('',#13593,1.);
#13593 = DIRECTION('',(0.,-1.,0.));
#13594 = ORIENTED_EDGE('',*,*,#13029,.T.);
#13595 = ORIENTED_EDGE('',*,*,#13052,.T.);
#13596 = ORIENTED_EDGE('',*,*,#13597,.T.);
#13597 = EDGE_CURVE('',#13053,#13588,#13598,.T.);
#13598 = LINE('',#13599,#13600);
#13599 = CARTESIAN_POINT('',(1.45,0.675,0.425));
#13600 = VECTOR('',#13601,1.);
#13601 = DIRECTION('',(-1.,0.,0.));
#13602 = PLANE('',#13603);
#13603 = AXIS2_PLACEMENT_3D('',#13604,#13605,#13606);
#13604 = CARTESIAN_POINT('',(1.2,0.,0.425));
#13605 = DIRECTION('',(0.,0.,1.));
#13606 = DIRECTION('',(1.,0.,-0.));
#13607 = ADVANCED_FACE('',(#13608),#13633,.F.);
#13608 = FACE_BOUND('',#13609,.F.);
#13609 = EDGE_LOOP('',(#13610,#13611,#13617,#13618,#13619,#13627));
#13610 = ORIENTED_EDGE('',*,*,#13125,.F.);
#13611 = ORIENTED_EDGE('',*,*,#13612,.T.);
#13612 = EDGE_CURVE('',#13126,#13588,#13613,.T.);
#13613 = LINE('',#13614,#13615);
#13614 = CARTESIAN_POINT('',(0.95,0.675,0.));
#13615 = VECTOR('',#13616,1.);
#13616 = DIRECTION('',(0.,0.,1.));
#13617 = ORIENTED_EDGE('',*,*,#13587,.T.);
#13618 = ORIENTED_EDGE('',*,*,#13021,.T.);
#13619 = ORIENTED_EDGE('',*,*,#13620,.F.);
#13620 = EDGE_CURVE('',#13621,#13014,#13623,.T.);
#13621 = VERTEX_POINT('',#13622);
#13622 = CARTESIAN_POINT('',(0.95,0.65,0.4));
#13623 = LINE('',#13624,#13625);
#13624 = CARTESIAN_POINT('',(0.95,0.3375,0.4));
#13625 = VECTOR('',#13626,1.);
#13626 = DIRECTION('',(0.,-1.,0.));
#13627 = ORIENTED_EDGE('',*,*,#13628,.T.);
#13628 = EDGE_CURVE('',#13621,#13128,#13629,.T.);
#13629 = LINE('',#13630,#13631);
#13630 = CARTESIAN_POINT('',(0.95,0.65,0.));
#13631 = VECTOR('',#13632,1.);
#13632 = DIRECTION('',(0.,0.,-1.));
#13633 = PLANE('',#13634);
#13634 = AXIS2_PLACEMENT_3D('',#13635,#13636,#13637);
#13635 = CARTESIAN_POINT('',(0.95,0.675,0.));
#13636 = DIRECTION('',(1.,0.,0.));
#13637 = DIRECTION('',(0.,-1.,0.));
#13638 = ADVANCED_FACE('',(#13639),#13657,.T.);
#13639 = FACE_BOUND('',#13640,.T.);
#13640 = EDGE_LOOP('',(#13641,#13642,#13643,#13651));
#13641 = ORIENTED_EDGE('',*,*,#13013,.F.);
#13642 = ORIENTED_EDGE('',*,*,#13620,.F.);
#13643 = ORIENTED_EDGE('',*,*,#13644,.T.);
#13644 = EDGE_CURVE('',#13621,#13645,#13647,.T.);
#13645 = VERTEX_POINT('',#13646);
#13646 = CARTESIAN_POINT('',(0.25,0.65,0.4));
#13647 = LINE('',#13648,#13649);
#13648 = CARTESIAN_POINT('',(1.6,0.65,0.4));
#13649 = VECTOR('',#13650,1.);
#13650 = DIRECTION('',(-1.,0.,0.));
#13651 = ORIENTED_EDGE('',*,*,#13652,.F.);
#13652 = EDGE_CURVE('',#13006,#13645,#13653,.T.);
#13653 = LINE('',#13654,#13655);
#13654 = CARTESIAN_POINT('',(0.25,-0.3375,0.4));
#13655 = VECTOR('',#13656,1.);
#13656 = DIRECTION('',(0.,1.,0.));
#13657 = PLANE('',#13658);
#13658 = AXIS2_PLACEMENT_3D('',#13659,#13660,#13661);
#13659 = CARTESIAN_POINT('',(0.,0.,0.4));
#13660 = DIRECTION('',(0.,0.,1.));
#13661 = DIRECTION('',(1.,0.,-0.));
#13662 = ADVANCED_FACE('',(#13663),#13697,.F.);
#13663 = FACE_BOUND('',#13664,.F.);
#13664 = EDGE_LOOP('',(#13665,#13666,#13674,#13682,#13690,#13696));
#13665 = ORIENTED_EDGE('',*,*,#13005,.T.);
#13666 = ORIENTED_EDGE('',*,*,#13667,.T.);
#13667 = EDGE_CURVE('',#12998,#13668,#13670,.T.);
#13668 = VERTEX_POINT('',#13669);
#13669 = CARTESIAN_POINT('',(0.25,0.675,0.425));
#13670 = LINE('',#13671,#13672);
#13671 = CARTESIAN_POINT('',(0.25,-0.675,0.425));
#13672 = VECTOR('',#13673,1.);
#13673 = DIRECTION('',(0.,1.,0.));
#13674 = ORIENTED_EDGE('',*,*,#13675,.F.);
#13675 = EDGE_CURVE('',#13676,#13668,#13678,.T.);
#13676 = VERTEX_POINT('',#13677);
#13677 = CARTESIAN_POINT('',(0.25,0.675,0.));
#13678 = LINE('',#13679,#13680);
#13679 = CARTESIAN_POINT('',(0.25,0.675,0.));
#13680 = VECTOR('',#13681,1.);
#13681 = DIRECTION('',(0.,0.,1.));
#13682 = ORIENTED_EDGE('',*,*,#13683,.F.);
#13683 = EDGE_CURVE('',#13684,#13676,#13686,.T.);
#13684 = VERTEX_POINT('',#13685);
#13685 = CARTESIAN_POINT('',(0.25,0.65,0.));
#13686 = LINE('',#13687,#13688);
#13687 = CARTESIAN_POINT('',(0.25,-0.675,0.));
#13688 = VECTOR('',#13689,1.);
#13689 = DIRECTION('',(0.,1.,0.));
#13690 = ORIENTED_EDGE('',*,*,#13691,.T.);
#13691 = EDGE_CURVE('',#13684,#13645,#13692,.T.);
#13692 = LINE('',#13693,#13694);
#13693 = CARTESIAN_POINT('',(0.25,0.65,0.));
#13694 = VECTOR('',#13695,1.);
#13695 = DIRECTION('',(0.,0.,1.));
#13696 = ORIENTED_EDGE('',*,*,#13652,.F.);
#13697 = PLANE('',#13698);
#13698 = AXIS2_PLACEMENT_3D('',#13699,#13700,#13701);
#13699 = CARTESIAN_POINT('',(0.25,-0.675,0.));
#13700 = DIRECTION('',(-1.,0.,0.));
#13701 = DIRECTION('',(0.,1.,0.));
#13702 = ADVANCED_FACE('',(#13703),#13721,.T.);
#13703 = FACE_BOUND('',#13704,.T.);
#13704 = EDGE_LOOP('',(#13705,#13713,#13714,#13715));
#13705 = ORIENTED_EDGE('',*,*,#13706,.T.);
#13706 = EDGE_CURVE('',#13707,#12990,#13709,.T.);
#13707 = VERTEX_POINT('',#13708);
#13708 = CARTESIAN_POINT('',(-0.25,0.675,0.425));
#13709 = LINE('',#13710,#13711);
#13710 = CARTESIAN_POINT('',(-0.25,0.675,0.425));
#13711 = VECTOR('',#13712,1.);
#13712 = DIRECTION('',(0.,-1.,0.));
#13713 = ORIENTED_EDGE('',*,*,#12997,.T.);
#13714 = ORIENTED_EDGE('',*,*,#13667,.T.);
#13715 = ORIENTED_EDGE('',*,*,#13716,.T.);
#13716 = EDGE_CURVE('',#13668,#13707,#13717,.T.);
#13717 = LINE('',#13718,#13719);
#13718 = CARTESIAN_POINT('',(0.25,0.675,0.425));
#13719 = VECTOR('',#13720,1.);
#13720 = DIRECTION('',(-1.,0.,0.));
#13721 = PLANE('',#13722);
#13722 = AXIS2_PLACEMENT_3D('',#13723,#13724,#13725);
#13723 = CARTESIAN_POINT('',(0.,0.,0.425));
#13724 = DIRECTION('',(0.,0.,1.));
#13725 = DIRECTION('',(1.,0.,-0.));
#13726 = ADVANCED_FACE('',(#13727),#13761,.F.);
#13727 = FACE_BOUND('',#13728,.F.);
#13728 = EDGE_LOOP('',(#13729,#13739,#13745,#13746,#13747,#13755));
#13729 = ORIENTED_EDGE('',*,*,#13730,.F.);
#13730 = EDGE_CURVE('',#13731,#13733,#13735,.T.);
#13731 = VERTEX_POINT('',#13732);
#13732 = CARTESIAN_POINT('',(-0.25,0.675,0.));
#13733 = VERTEX_POINT('',#13734);
#13734 = CARTESIAN_POINT('',(-0.25,0.65,0.));
#13735 = LINE('',#13736,#13737);
#13736 = CARTESIAN_POINT('',(-0.25,0.675,0.));
#13737 = VECTOR('',#13738,1.);
#13738 = DIRECTION('',(0.,-1.,0.));
#13739 = ORIENTED_EDGE('',*,*,#13740,.T.);
#13740 = EDGE_CURVE('',#13731,#13707,#13741,.T.);
#13741 = LINE('',#13742,#13743);
#13742 = CARTESIAN_POINT('',(-0.25,0.675,0.));
#13743 = VECTOR('',#13744,1.);
#13744 = DIRECTION('',(0.,0.,1.));
#13745 = ORIENTED_EDGE('',*,*,#13706,.T.);
#13746 = ORIENTED_EDGE('',*,*,#12989,.T.);
#13747 = ORIENTED_EDGE('',*,*,#13748,.F.);
#13748 = EDGE_CURVE('',#13749,#12982,#13751,.T.);
#13749 = VERTEX_POINT('',#13750);
#13750 = CARTESIAN_POINT('',(-0.25,0.65,0.4));
#13751 = LINE('',#13752,#13753);
#13752 = CARTESIAN_POINT('',(-0.25,0.3375,0.4));
#13753 = VECTOR('',#13754,1.);
#13754 = DIRECTION('',(0.,-1.,0.));
#13755 = ORIENTED_EDGE('',*,*,#13756,.T.);
#13756 = EDGE_CURVE('',#13749,#13733,#13757,.T.);
#13757 = LINE('',#13758,#13759);
#13758 = CARTESIAN_POINT('',(-0.25,0.65,0.));
#13759 = VECTOR('',#13760,1.);
#13760 = DIRECTION('',(0.,0.,-1.));
#13761 = PLANE('',#13762);
#13762 = AXIS2_PLACEMENT_3D('',#13763,#13764,#13765);
#13763 = CARTESIAN_POINT('',(-0.25,0.675,0.));
#13764 = DIRECTION('',(1.,0.,0.));
#13765 = DIRECTION('',(0.,-1.,0.));
#13766 = ADVANCED_FACE('',(#13767),#13785,.T.);
#13767 = FACE_BOUND('',#13768,.T.);
#13768 = EDGE_LOOP('',(#13769,#13770,#13771,#13779));
#13769 = ORIENTED_EDGE('',*,*,#12981,.F.);
#13770 = ORIENTED_EDGE('',*,*,#13748,.F.);
#13771 = ORIENTED_EDGE('',*,*,#13772,.T.);
#13772 = EDGE_CURVE('',#13749,#13773,#13775,.T.);
#13773 = VERTEX_POINT('',#13774);
#13774 = CARTESIAN_POINT('',(-0.95,0.65,0.4));
#13775 = LINE('',#13776,#13777);
#13776 = CARTESIAN_POINT('',(1.6,0.65,0.4));
#13777 = VECTOR('',#13778,1.);
#13778 = DIRECTION('',(-1.,0.,0.));
#13779 = ORIENTED_EDGE('',*,*,#13780,.F.);
#13780 = EDGE_CURVE('',#12974,#13773,#13781,.T.);
#13781 = LINE('',#13782,#13783);
#13782 = CARTESIAN_POINT('',(-0.95,-0.3375,0.4));
#13783 = VECTOR('',#13784,1.);
#13784 = DIRECTION('',(0.,1.,0.));
#13785 = PLANE('',#13786);
#13786 = AXIS2_PLACEMENT_3D('',#13787,#13788,#13789);
#13787 = CARTESIAN_POINT('',(0.,0.,0.4));
#13788 = DIRECTION('',(0.,0.,1.));
#13789 = DIRECTION('',(1.,0.,-0.));
#13790 = ADVANCED_FACE('',(#13791),#13825,.F.);
#13791 = FACE_BOUND('',#13792,.F.);
#13792 = EDGE_LOOP('',(#13793,#13794,#13802,#13810,#13818,#13824));
#13793 = ORIENTED_EDGE('',*,*,#12973,.T.);
#13794 = ORIENTED_EDGE('',*,*,#13795,.T.);
#13795 = EDGE_CURVE('',#12966,#13796,#13798,.T.);
#13796 = VERTEX_POINT('',#13797);
#13797 = CARTESIAN_POINT('',(-0.95,0.675,0.425));
#13798 = LINE('',#13799,#13800);
#13799 = CARTESIAN_POINT('',(-0.95,-0.675,0.425));
#13800 = VECTOR('',#13801,1.);
#13801 = DIRECTION('',(0.,1.,0.));
#13802 = ORIENTED_EDGE('',*,*,#13803,.F.);
#13803 = EDGE_CURVE('',#13804,#13796,#13806,.T.);
#13804 = VERTEX_POINT('',#13805);
#13805 = CARTESIAN_POINT('',(-0.95,0.675,0.));
#13806 = LINE('',#13807,#13808);
#13807 = CARTESIAN_POINT('',(-0.95,0.675,0.));
#13808 = VECTOR('',#13809,1.);
#13809 = DIRECTION('',(0.,0.,1.));
#13810 = ORIENTED_EDGE('',*,*,#13811,.F.);
#13811 = EDGE_CURVE('',#13812,#13804,#13814,.T.);
#13812 = VERTEX_POINT('',#13813);
#13813 = CARTESIAN_POINT('',(-0.95,0.65,0.));
#13814 = LINE('',#13815,#13816);
#13815 = CARTESIAN_POINT('',(-0.95,-0.675,0.));
#13816 = VECTOR('',#13817,1.);
#13817 = DIRECTION('',(0.,1.,0.));
#13818 = ORIENTED_EDGE('',*,*,#13819,.T.);
#13819 = EDGE_CURVE('',#13812,#13773,#13820,.T.);
#13820 = LINE('',#13821,#13822);
#13821 = CARTESIAN_POINT('',(-0.95,0.65,0.));
#13822 = VECTOR('',#13823,1.);
#13823 = DIRECTION('',(0.,0.,1.));
#13824 = ORIENTED_EDGE('',*,*,#13780,.F.);
#13825 = PLANE('',#13826);
#13826 = AXIS2_PLACEMENT_3D('',#13827,#13828,#13829);
#13827 = CARTESIAN_POINT('',(-0.95,-0.675,0.));
#13828 = DIRECTION('',(-1.,0.,0.));
#13829 = DIRECTION('',(0.,1.,0.));
#13830 = ADVANCED_FACE('',(#13831),#13842,.T.);
#13831 = FACE_BOUND('',#13832,.T.);
#13832 = EDGE_LOOP('',(#13833,#13834,#13835,#13836));
#13833 = ORIENTED_EDGE('',*,*,#13219,.T.);
#13834 = ORIENTED_EDGE('',*,*,#12965,.T.);
#13835 = ORIENTED_EDGE('',*,*,#13795,.T.);
#13836 = ORIENTED_EDGE('',*,*,#13837,.T.);
#13837 = EDGE_CURVE('',#13796,#13212,#13838,.T.);
#13838 = LINE('',#13839,#13840);
#13839 = CARTESIAN_POINT('',(-0.95,0.675,0.425));
#13840 = VECTOR('',#13841,1.);
#13841 = DIRECTION('',(-1.,0.,0.));
#13842 = PLANE('',#13843);
#13843 = AXIS2_PLACEMENT_3D('',#13844,#13845,#13846);
#13844 = CARTESIAN_POINT('',(-1.2,0.,0.425));
#13845 = DIRECTION('',(0.,0.,1.));
#13846 = DIRECTION('',(1.,0.,-0.));
#13847 = ADVANCED_FACE('',(#13848),#13854,.T.);
#13848 = FACE_BOUND('',#13849,.T.);
#13849 = EDGE_LOOP('',(#13850,#13851,#13852,#13853));
#13850 = ORIENTED_EDGE('',*,*,#12949,.T.);
#13851 = ORIENTED_EDGE('',*,*,#13490,.T.);
#13852 = ORIENTED_EDGE('',*,*,#13508,.F.);
#13853 = ORIENTED_EDGE('',*,*,#13456,.F.);
#13854 = CYLINDRICAL_SURFACE('',#13855,7.142857142857E-02);
#13855 = AXIS2_PLACEMENT_3D('',#13856,#13857,#13858);
#13856 = CARTESIAN_POINT('',(1.5,0.478571428571,0.828571428571));
#13857 = DIRECTION('',(-1.,0.,0.));
#13858 = DIRECTION('',(0.,1.,0.));
#13859 = ADVANCED_FACE('',(#13860),#13866,.F.);
#13860 = FACE_BOUND('',#13861,.F.);
#13861 = EDGE_LOOP('',(#13862,#13863,#13864,#13865));
#13862 = ORIENTED_EDGE('',*,*,#13060,.T.);
#13863 = ORIENTED_EDGE('',*,*,#13597,.T.);
#13864 = ORIENTED_EDGE('',*,*,#13612,.F.);
#13865 = ORIENTED_EDGE('',*,*,#13165,.F.);
#13866 = PLANE('',#13867);
#13867 = AXIS2_PLACEMENT_3D('',#13868,#13869,#13870);
#13868 = CARTESIAN_POINT('',(1.45,0.675,0.));
#13869 = DIRECTION('',(0.,-1.,0.));
#13870 = DIRECTION('',(-1.,0.,0.));
#13871 = ADVANCED_FACE('',(#13872),#13883,.F.);
#13872 = FACE_BOUND('',#13873,.F.);
#13873 = EDGE_LOOP('',(#13874,#13880,#13881,#13882));
#13874 = ORIENTED_EDGE('',*,*,#13875,.T.);
#13875 = EDGE_CURVE('',#13128,#13102,#13876,.T.);
#13876 = LINE('',#13877,#13878);
#13877 = CARTESIAN_POINT('',(0.95,0.675,0.));
#13878 = VECTOR('',#13879,1.);
#13879 = DIRECTION('',(0.,-1.,0.));
#13880 = ORIENTED_EDGE('',*,*,#13111,.F.);
#13881 = ORIENTED_EDGE('',*,*,#13143,.F.);
#13882 = ORIENTED_EDGE('',*,*,#13135,.T.);
#13883 = PLANE('',#13884);
#13884 = AXIS2_PLACEMENT_3D('',#13885,#13886,#13887);
#13885 = CARTESIAN_POINT('',(1.2,0.,0.));
#13886 = DIRECTION('',(0.,0.,1.));
#13887 = DIRECTION('',(1.,0.,-0.));
#13888 = ADVANCED_FACE('',(#13889),#13937,.F.);
#13889 = FACE_BOUND('',#13890,.F.);
#13890 = EDGE_LOOP('',(#13891,#13892,#13900,#13908,#13916,#13924,#13930,
    #13931));
#13891 = ORIENTED_EDGE('',*,*,#13201,.T.);
#13892 = ORIENTED_EDGE('',*,*,#13893,.F.);
#13893 = EDGE_CURVE('',#13894,#13204,#13896,.T.);
#13894 = VERTEX_POINT('',#13895);
#13895 = CARTESIAN_POINT('',(-1.4,0.65,0.));
#13896 = LINE('',#13897,#13898);
#13897 = CARTESIAN_POINT('',(1.6,0.65,0.));
#13898 = VECTOR('',#13899,1.);
#13899 = DIRECTION('',(-1.,0.,0.));
#13900 = ORIENTED_EDGE('',*,*,#13901,.T.);
#13901 = EDGE_CURVE('',#13894,#13902,#13904,.T.);
#13902 = VERTEX_POINT('',#13903);
#13903 = CARTESIAN_POINT('',(-1.4,0.55,0.));
#13904 = LINE('',#13905,#13906);
#13905 = CARTESIAN_POINT('',(-1.4,0.675,0.));
#13906 = VECTOR('',#13907,1.);
#13907 = DIRECTION('',(0.,-1.,0.));
#13908 = ORIENTED_EDGE('',*,*,#13909,.F.);
#13909 = EDGE_CURVE('',#13910,#13902,#13912,.T.);
#13910 = VERTEX_POINT('',#13911);
#13911 = CARTESIAN_POINT('',(-1.,0.55,0.));
#13912 = LINE('',#13913,#13914);
#13913 = CARTESIAN_POINT('',(1.5,0.55,0.));
#13914 = VECTOR('',#13915,1.);
#13915 = DIRECTION('',(-1.,0.,0.));
#13916 = ORIENTED_EDGE('',*,*,#13917,.T.);
#13917 = EDGE_CURVE('',#13910,#13918,#13920,.T.);
#13918 = VERTEX_POINT('',#13919);
#13919 = CARTESIAN_POINT('',(-1.,0.65,0.));
#13920 = LINE('',#13921,#13922);
#13921 = CARTESIAN_POINT('',(-1.,-0.675,0.));
#13922 = VECTOR('',#13923,1.);
#13923 = DIRECTION('',(0.,1.,0.));
#13924 = ORIENTED_EDGE('',*,*,#13925,.F.);
#13925 = EDGE_CURVE('',#13812,#13918,#13926,.T.);
#13926 = LINE('',#13927,#13928);
#13927 = CARTESIAN_POINT('',(1.6,0.65,0.));
#13928 = VECTOR('',#13929,1.);
#13929 = DIRECTION('',(-1.,0.,0.));
#13930 = ORIENTED_EDGE('',*,*,#13811,.T.);
#13931 = ORIENTED_EDGE('',*,*,#13932,.T.);
#13932 = EDGE_CURVE('',#13804,#13202,#13933,.T.);
#13933 = LINE('',#13934,#13935);
#13934 = CARTESIAN_POINT('',(-0.95,0.675,0.));
#13935 = VECTOR('',#13936,1.);
#13936 = DIRECTION('',(-1.,0.,0.));
#13937 = PLANE('',#13938);
#13938 = AXIS2_PLACEMENT_3D('',#13939,#13940,#13941);
#13939 = CARTESIAN_POINT('',(-1.2,0.,0.));
#13940 = DIRECTION('',(0.,0.,1.));
#13941 = DIRECTION('',(1.,0.,-0.));
#13942 = ADVANCED_FACE('',(#13943),#13949,.F.);
#13943 = FACE_BOUND('',#13944,.F.);
#13944 = EDGE_LOOP('',(#13945,#13946,#13947,#13948));
#13945 = ORIENTED_EDGE('',*,*,#13803,.T.);
#13946 = ORIENTED_EDGE('',*,*,#13837,.T.);
#13947 = ORIENTED_EDGE('',*,*,#13211,.F.);
#13948 = ORIENTED_EDGE('',*,*,#13932,.F.);
#13949 = PLANE('',#13950);
#13950 = AXIS2_PLACEMENT_3D('',#13951,#13952,#13953);
#13951 = CARTESIAN_POINT('',(-0.95,0.675,0.));
#13952 = DIRECTION('',(0.,-1.,0.));
#13953 = DIRECTION('',(-1.,0.,0.));
#13954 = ADVANCED_FACE('',(#13955),#13998,.F.);
#13955 = FACE_BOUND('',#13956,.F.);
#13956 = EDGE_LOOP('',(#13957,#13965,#13966,#13967,#13968,#13976,#13984,
    #13992));
#13957 = ORIENTED_EDGE('',*,*,#13958,.F.);
#13958 = EDGE_CURVE('',#13204,#13959,#13961,.T.);
#13959 = VERTEX_POINT('',#13960);
#13960 = CARTESIAN_POINT('',(-1.45,0.55,0.));
#13961 = LINE('',#13962,#13963);
#13962 = CARTESIAN_POINT('',(-1.45,0.675,0.));
#13963 = VECTOR('',#13964,1.);
#13964 = DIRECTION('',(0.,-1.,0.));
#13965 = ORIENTED_EDGE('',*,*,#13289,.T.);
#13966 = ORIENTED_EDGE('',*,*,#13275,.T.);
#13967 = ORIENTED_EDGE('',*,*,#13241,.T.);
#13968 = ORIENTED_EDGE('',*,*,#13969,.F.);
#13969 = EDGE_CURVE('',#13970,#12569,#13972,.T.);
#13970 = VERTEX_POINT('',#13971);
#13971 = CARTESIAN_POINT('',(-1.45,-0.55,0.));
#13972 = LINE('',#13973,#13974);
#13973 = CARTESIAN_POINT('',(-1.45,0.675,0.));
#13974 = VECTOR('',#13975,1.);
#13975 = DIRECTION('',(0.,-1.,0.));
#13976 = ORIENTED_EDGE('',*,*,#13977,.F.);
#13977 = EDGE_CURVE('',#13978,#13970,#13980,.T.);
#13978 = VERTEX_POINT('',#13979);
#13979 = CARTESIAN_POINT('',(-1.5,-0.55,0.));
#13980 = LINE('',#13981,#13982);
#13981 = CARTESIAN_POINT('',(-1.5,-0.55,0.));
#13982 = VECTOR('',#13983,1.);
#13983 = DIRECTION('',(1.,0.,0.));
#13984 = ORIENTED_EDGE('',*,*,#13985,.F.);
#13985 = EDGE_CURVE('',#13986,#13978,#13988,.T.);
#13986 = VERTEX_POINT('',#13987);
#13987 = CARTESIAN_POINT('',(-1.5,0.55,0.));
#13988 = LINE('',#13989,#13990);
#13989 = CARTESIAN_POINT('',(-1.5,0.55,0.));
#13990 = VECTOR('',#13991,1.);
#13991 = DIRECTION('',(0.,-1.,0.));
#13992 = ORIENTED_EDGE('',*,*,#13993,.F.);
#13993 = EDGE_CURVE('',#13959,#13986,#13994,.T.);
#13994 = LINE('',#13995,#13996);
#13995 = CARTESIAN_POINT('',(1.5,0.55,0.));
#13996 = VECTOR('',#13997,1.);
#13997 = DIRECTION('',(-1.,0.,0.));
#13998 = PLANE('',#13999);
#13999 = AXIS2_PLACEMENT_3D('',#14000,#14001,#14002);
#14000 = CARTESIAN_POINT('',(0.,0.,0.));
#14001 = DIRECTION('',(0.,0.,1.));
#14002 = DIRECTION('',(1.,0.,-0.));
#14003 = ADVANCED_FACE('',(#14004),#14015,.F.);
#14004 = FACE_BOUND('',#14005,.F.);
#14005 = EDGE_LOOP('',(#14006,#14007,#14008,#14009));
#14006 = ORIENTED_EDGE('',*,*,#13969,.T.);
#14007 = ORIENTED_EDGE('',*,*,#13346,.T.);
#14008 = ORIENTED_EDGE('',*,*,#13338,.F.);
#14009 = ORIENTED_EDGE('',*,*,#14010,.F.);
#14010 = EDGE_CURVE('',#13970,#13331,#14011,.T.);
#14011 = LINE('',#14012,#14013);
#14012 = CARTESIAN_POINT('',(-1.5,-0.55,0.));
#14013 = VECTOR('',#14014,1.);
#14014 = DIRECTION('',(1.,0.,0.));
#14015 = PLANE('',#14016);
#14016 = AXIS2_PLACEMENT_3D('',#14017,#14018,#14019);
#14017 = CARTESIAN_POINT('',(-1.2,0.,0.));
#14018 = DIRECTION('',(0.,0.,1.));
#14019 = DIRECTION('',(1.,0.,-0.));
#14020 = ADVANCED_FACE('',(#14021),#14037,.F.);
#14021 = FACE_BOUND('',#14022,.F.);
#14022 = EDGE_LOOP('',(#14023,#14029,#14030,#14036));
#14023 = ORIENTED_EDGE('',*,*,#14024,.T.);
#14024 = EDGE_CURVE('',#13902,#13331,#14025,.T.);
#14025 = LINE('',#14026,#14027);
#14026 = CARTESIAN_POINT('',(-1.4,0.675,0.));
#14027 = VECTOR('',#14028,1.);
#14028 = DIRECTION('',(0.,-1.,0.));
#14029 = ORIENTED_EDGE('',*,*,#13330,.T.);
#14030 = ORIENTED_EDGE('',*,*,#14031,.T.);
#14031 = EDGE_CURVE('',#13323,#13910,#14032,.T.);
#14032 = LINE('',#14033,#14034);
#14033 = CARTESIAN_POINT('',(-1.,-0.675,0.));
#14034 = VECTOR('',#14035,1.);
#14035 = DIRECTION('',(0.,1.,0.));
#14036 = ORIENTED_EDGE('',*,*,#13909,.T.);
#14037 = PLANE('',#14038);
#14038 = AXIS2_PLACEMENT_3D('',#14039,#14040,#14041);
#14039 = CARTESIAN_POINT('',(2.707861035671E-17,0.,0.));
#14040 = DIRECTION('',(0.,0.,1.));
#14041 = DIRECTION('',(1.,0.,-0.));
#14042 = ADVANCED_FACE('',(#14043),#14061,.F.);
#14043 = FACE_BOUND('',#14044,.F.);
#14044 = EDGE_LOOP('',(#14045,#14046,#14054,#14060));
#14045 = ORIENTED_EDGE('',*,*,#13314,.T.);
#14046 = ORIENTED_EDGE('',*,*,#14047,.T.);
#14047 = EDGE_CURVE('',#12618,#14048,#14050,.T.);
#14048 = VERTEX_POINT('',#14049);
#14049 = CARTESIAN_POINT('',(-0.95,-0.55,0.));
#14050 = LINE('',#14051,#14052);
#14051 = CARTESIAN_POINT('',(-0.95,-0.675,0.));
#14052 = VECTOR('',#14053,1.);
#14053 = DIRECTION('',(0.,1.,0.));
#14054 = ORIENTED_EDGE('',*,*,#14055,.F.);
#14055 = EDGE_CURVE('',#13323,#14048,#14056,.T.);
#14056 = LINE('',#14057,#14058);
#14057 = CARTESIAN_POINT('',(-1.5,-0.55,0.));
#14058 = VECTOR('',#14059,1.);
#14059 = DIRECTION('',(1.,0.,0.));
#14060 = ORIENTED_EDGE('',*,*,#13322,.F.);
#14061 = PLANE('',#14062);
#14062 = AXIS2_PLACEMENT_3D('',#14063,#14064,#14065);
#14063 = CARTESIAN_POINT('',(-1.2,0.,0.));
#14064 = DIRECTION('',(0.,0.,1.));
#14065 = DIRECTION('',(1.,0.,-0.));
#14066 = ADVANCED_FACE('',(#14067),#14085,.F.);
#14067 = FACE_BOUND('',#14068,.F.);
#14068 = EDGE_LOOP('',(#14069,#14070,#14071,#14079));
#14069 = ORIENTED_EDGE('',*,*,#14047,.F.);
#14070 = ORIENTED_EDGE('',*,*,#13372,.T.);
#14071 = ORIENTED_EDGE('',*,*,#14072,.F.);
#14072 = EDGE_CURVE('',#14073,#12697,#14075,.T.);
#14073 = VERTEX_POINT('',#14074);
#14074 = CARTESIAN_POINT('',(-0.25,-0.55,0.));
#14075 = LINE('',#14076,#14077);
#14076 = CARTESIAN_POINT('',(-0.25,0.675,0.));
#14077 = VECTOR('',#14078,1.);
#14078 = DIRECTION('',(0.,-1.,0.));
#14079 = ORIENTED_EDGE('',*,*,#14080,.F.);
#14080 = EDGE_CURVE('',#14048,#14073,#14081,.T.);
#14081 = LINE('',#14082,#14083);
#14082 = CARTESIAN_POINT('',(-1.5,-0.55,0.));
#14083 = VECTOR('',#14084,1.);
#14084 = DIRECTION('',(1.,0.,0.));
#14085 = PLANE('',#14086);
#14086 = AXIS2_PLACEMENT_3D('',#14087,#14088,#14089);
#14087 = CARTESIAN_POINT('',(0.,0.,0.));
#14088 = DIRECTION('',(0.,0.,1.));
#14089 = DIRECTION('',(1.,0.,-0.));
#14090 = ADVANCED_FACE('',(#14091),#14102,.F.);
#14091 = FACE_BOUND('',#14092,.F.);
#14092 = EDGE_LOOP('',(#14093,#14094,#14095,#14096));
#14093 = ORIENTED_EDGE('',*,*,#14072,.T.);
#14094 = ORIENTED_EDGE('',*,*,#13429,.T.);
#14095 = ORIENTED_EDGE('',*,*,#13421,.F.);
#14096 = ORIENTED_EDGE('',*,*,#14097,.F.);
#14097 = EDGE_CURVE('',#14073,#13414,#14098,.T.);
#14098 = LINE('',#14099,#14100);
#14099 = CARTESIAN_POINT('',(-1.5,-0.55,0.));
#14100 = VECTOR('',#14101,1.);
#14101 = DIRECTION('',(1.,0.,0.));
#14102 = PLANE('',#14103);
#14103 = AXIS2_PLACEMENT_3D('',#14104,#14105,#14106);
#14104 = CARTESIAN_POINT('',(0.,0.,0.));
#14105 = DIRECTION('',(0.,0.,1.));
#14106 = DIRECTION('',(1.,0.,-0.));
#14107 = ADVANCED_FACE('',(#14108),#14133,.F.);
#14108 = FACE_BOUND('',#14109,.F.);
#14109 = EDGE_LOOP('',(#14110,#14118,#14119,#14127));
#14110 = ORIENTED_EDGE('',*,*,#14111,.T.);
#14111 = EDGE_CURVE('',#14112,#13414,#14114,.T.);
#14112 = VERTEX_POINT('',#14113);
#14113 = CARTESIAN_POINT('',(-0.2,0.55,0.));
#14114 = LINE('',#14115,#14116);
#14115 = CARTESIAN_POINT('',(-0.2,0.675,0.));
#14116 = VECTOR('',#14117,1.);
#14117 = DIRECTION('',(0.,-1.,0.));
#14118 = ORIENTED_EDGE('',*,*,#13413,.T.);
#14119 = ORIENTED_EDGE('',*,*,#14120,.T.);
#14120 = EDGE_CURVE('',#13406,#14121,#14123,.T.);
#14121 = VERTEX_POINT('',#14122);
#14122 = CARTESIAN_POINT('',(0.2,0.55,0.));
#14123 = LINE('',#14124,#14125);
#14124 = CARTESIAN_POINT('',(0.2,-0.675,0.));
#14125 = VECTOR('',#14126,1.);
#14126 = DIRECTION('',(0.,1.,0.));
#14127 = ORIENTED_EDGE('',*,*,#14128,.T.);
#14128 = EDGE_CURVE('',#14121,#14112,#14129,.T.);
#14129 = LINE('',#14130,#14131);
#14130 = CARTESIAN_POINT('',(1.5,0.55,0.));
#14131 = VECTOR('',#14132,1.);
#14132 = DIRECTION('',(-1.,0.,0.));
#14133 = PLANE('',#14134);
#14134 = AXIS2_PLACEMENT_3D('',#14135,#14136,#14137);
#14135 = CARTESIAN_POINT('',(2.707861035671E-17,0.,0.));
#14136 = DIRECTION('',(0.,0.,1.));
#14137 = DIRECTION('',(1.,0.,-0.));
#14138 = ADVANCED_FACE('',(#14139),#14150,.F.);
#14139 = FACE_BOUND('',#14140,.F.);
#14140 = EDGE_LOOP('',(#14141,#14142,#14143,#14149));
#14141 = ORIENTED_EDGE('',*,*,#13524,.T.);
#14142 = ORIENTED_EDGE('',*,*,#13539,.T.);
#14143 = ORIENTED_EDGE('',*,*,#14144,.T.);
#14144 = EDGE_CURVE('',#13540,#14121,#14145,.T.);
#14145 = LINE('',#14146,#14147);
#14146 = CARTESIAN_POINT('',(1.5,0.55,0.));
#14147 = VECTOR('',#14148,1.);
#14148 = DIRECTION('',(-1.,0.,0.));
#14149 = ORIENTED_EDGE('',*,*,#14120,.F.);
#14150 = PLANE('',#14151);
#14151 = AXIS2_PLACEMENT_3D('',#14152,#14153,#14154);
#14152 = CARTESIAN_POINT('',(0.,0.,0.));
#14153 = DIRECTION('',(0.,0.,1.));
#14154 = DIRECTION('',(1.,0.,-0.));
#14155 = ADVANCED_FACE('',(#14156),#14172,.F.);
#14156 = FACE_BOUND('',#14157,.F.);
#14157 = EDGE_LOOP('',(#14158,#14164,#14165,#14166));
#14158 = ORIENTED_EDGE('',*,*,#14159,.F.);
#14159 = EDGE_CURVE('',#13540,#13684,#14160,.T.);
#14160 = LINE('',#14161,#14162);
#14161 = CARTESIAN_POINT('',(0.25,-0.675,0.));
#14162 = VECTOR('',#14163,1.);
#14163 = DIRECTION('',(0.,1.,0.));
#14164 = ORIENTED_EDGE('',*,*,#13549,.F.);
#14165 = ORIENTED_EDGE('',*,*,#13875,.F.);
#14166 = ORIENTED_EDGE('',*,*,#14167,.T.);
#14167 = EDGE_CURVE('',#13128,#13684,#14168,.T.);
#14168 = LINE('',#14169,#14170);
#14169 = CARTESIAN_POINT('',(1.6,0.65,0.));
#14170 = VECTOR('',#14171,1.);
#14171 = DIRECTION('',(-1.,0.,0.));
#14172 = PLANE('',#14173);
#14173 = AXIS2_PLACEMENT_3D('',#14174,#14175,#14176);
#14174 = CARTESIAN_POINT('',(0.,0.,0.));
#14175 = DIRECTION('',(0.,0.,1.));
#14176 = DIRECTION('',(1.,0.,-0.));
#14177 = ADVANCED_FACE('',(#14178),#14184,.F.);
#14178 = FACE_BOUND('',#14179,.F.);
#14179 = EDGE_LOOP('',(#14180,#14181,#14182,#14183));
#14180 = ORIENTED_EDGE('',*,*,#14167,.F.);
#14181 = ORIENTED_EDGE('',*,*,#13628,.F.);
#14182 = ORIENTED_EDGE('',*,*,#13644,.T.);
#14183 = ORIENTED_EDGE('',*,*,#13691,.F.);
#14184 = PLANE('',#14185);
#14185 = AXIS2_PLACEMENT_3D('',#14186,#14187,#14188);
#14186 = CARTESIAN_POINT('',(1.6,0.65,0.));
#14187 = DIRECTION('',(0.,-1.,0.));
#14188 = DIRECTION('',(-1.,0.,0.));
#14189 = ADVANCED_FACE('',(#14190),#14229,.F.);
#14190 = FACE_BOUND('',#14191,.F.);
#14191 = EDGE_LOOP('',(#14192,#14193,#14201,#14207,#14208,#14216,#14222,
    #14223));
#14192 = ORIENTED_EDGE('',*,*,#13730,.T.);
#14193 = ORIENTED_EDGE('',*,*,#14194,.F.);
#14194 = EDGE_CURVE('',#14195,#13733,#14197,.T.);
#14195 = VERTEX_POINT('',#14196);
#14196 = CARTESIAN_POINT('',(-0.2,0.65,0.));
#14197 = LINE('',#14198,#14199);
#14198 = CARTESIAN_POINT('',(1.6,0.65,0.));
#14199 = VECTOR('',#14200,1.);
#14200 = DIRECTION('',(-1.,0.,0.));
#14201 = ORIENTED_EDGE('',*,*,#14202,.T.);
#14202 = EDGE_CURVE('',#14195,#14112,#14203,.T.);
#14203 = LINE('',#14204,#14205);
#14204 = CARTESIAN_POINT('',(-0.2,0.675,0.));
#14205 = VECTOR('',#14206,1.);
#14206 = DIRECTION('',(0.,-1.,0.));
#14207 = ORIENTED_EDGE('',*,*,#14128,.F.);
#14208 = ORIENTED_EDGE('',*,*,#14209,.T.);
#14209 = EDGE_CURVE('',#14121,#14210,#14212,.T.);
#14210 = VERTEX_POINT('',#14211);
#14211 = CARTESIAN_POINT('',(0.2,0.65,0.));
#14212 = LINE('',#14213,#14214);
#14213 = CARTESIAN_POINT('',(0.2,-0.675,0.));
#14214 = VECTOR('',#14215,1.);
#14215 = DIRECTION('',(0.,1.,0.));
#14216 = ORIENTED_EDGE('',*,*,#14217,.F.);
#14217 = EDGE_CURVE('',#13684,#14210,#14218,.T.);
#14218 = LINE('',#14219,#14220);
#14219 = CARTESIAN_POINT('',(1.6,0.65,0.));
#14220 = VECTOR('',#14221,1.);
#14221 = DIRECTION('',(-1.,0.,0.));
#14222 = ORIENTED_EDGE('',*,*,#13683,.T.);
#14223 = ORIENTED_EDGE('',*,*,#14224,.T.);
#14224 = EDGE_CURVE('',#13676,#13731,#14225,.T.);
#14225 = LINE('',#14226,#14227);
#14226 = CARTESIAN_POINT('',(0.25,0.675,0.));
#14227 = VECTOR('',#14228,1.);
#14228 = DIRECTION('',(-1.,0.,0.));
#14229 = PLANE('',#14230);
#14230 = AXIS2_PLACEMENT_3D('',#14231,#14232,#14233);
#14231 = CARTESIAN_POINT('',(0.,0.,0.));
#14232 = DIRECTION('',(0.,0.,1.));
#14233 = DIRECTION('',(1.,0.,-0.));
#14234 = ADVANCED_FACE('',(#14235),#14241,.F.);
#14235 = FACE_BOUND('',#14236,.F.);
#14236 = EDGE_LOOP('',(#14237,#14238,#14239,#14240));
#14237 = ORIENTED_EDGE('',*,*,#13675,.T.);
#14238 = ORIENTED_EDGE('',*,*,#13716,.T.);
#14239 = ORIENTED_EDGE('',*,*,#13740,.F.);
#14240 = ORIENTED_EDGE('',*,*,#14224,.F.);
#14241 = PLANE('',#14242);
#14242 = AXIS2_PLACEMENT_3D('',#14243,#14244,#14245);
#14243 = CARTESIAN_POINT('',(0.25,0.675,0.));
#14244 = DIRECTION('',(0.,-1.,0.));
#14245 = DIRECTION('',(-1.,0.,0.));
#14246 = ADVANCED_FACE('',(#14247),#14258,.F.);
#14247 = FACE_BOUND('',#14248,.F.);
#14248 = EDGE_LOOP('',(#14249,#14255,#14256,#14257));
#14249 = ORIENTED_EDGE('',*,*,#14250,.F.);
#14250 = EDGE_CURVE('',#13733,#13812,#14251,.T.);
#14251 = LINE('',#14252,#14253);
#14252 = CARTESIAN_POINT('',(1.6,0.65,0.));
#14253 = VECTOR('',#14254,1.);
#14254 = DIRECTION('',(-1.,0.,0.));
#14255 = ORIENTED_EDGE('',*,*,#13756,.F.);
#14256 = ORIENTED_EDGE('',*,*,#13772,.T.);
#14257 = ORIENTED_EDGE('',*,*,#13819,.F.);
#14258 = PLANE('',#14259);
#14259 = AXIS2_PLACEMENT_3D('',#14260,#14261,#14262);
#14260 = CARTESIAN_POINT('',(1.6,0.65,0.));
#14261 = DIRECTION('',(0.,-1.,0.));
#14262 = DIRECTION('',(-1.,0.,0.));
#14263 = ADVANCED_FACE('',(#14264),#14282,.F.);
#14264 = FACE_BOUND('',#14265,.F.);
#14265 = EDGE_LOOP('',(#14266,#14274,#14280,#14281));
#14266 = ORIENTED_EDGE('',*,*,#14267,.F.);
#14267 = EDGE_CURVE('',#14268,#13910,#14270,.T.);
#14268 = VERTEX_POINT('',#14269);
#14269 = CARTESIAN_POINT('',(-0.95,0.55,0.));
#14270 = LINE('',#14271,#14272);
#14271 = CARTESIAN_POINT('',(1.5,0.55,0.));
#14272 = VECTOR('',#14273,1.);
#14273 = DIRECTION('',(-1.,0.,0.));
#14274 = ORIENTED_EDGE('',*,*,#14275,.T.);
#14275 = EDGE_CURVE('',#14268,#13812,#14276,.T.);
#14276 = LINE('',#14277,#14278);
#14277 = CARTESIAN_POINT('',(-0.95,-0.675,0.));
#14278 = VECTOR('',#14279,1.);
#14279 = DIRECTION('',(0.,1.,0.));
#14280 = ORIENTED_EDGE('',*,*,#13925,.T.);
#14281 = ORIENTED_EDGE('',*,*,#13917,.F.);
#14282 = PLANE('',#14283);
#14283 = AXIS2_PLACEMENT_3D('',#14284,#14285,#14286);
#14284 = CARTESIAN_POINT('',(-1.2,0.,0.));
#14285 = DIRECTION('',(0.,0.,1.));
#14286 = DIRECTION('',(1.,0.,-0.));
#14287 = ADVANCED_FACE('',(#14288),#14299,.F.);
#14288 = FACE_BOUND('',#14289,.F.);
#14289 = EDGE_LOOP('',(#14290,#14291,#14297,#14298));
#14290 = ORIENTED_EDGE('',*,*,#13958,.T.);
#14291 = ORIENTED_EDGE('',*,*,#14292,.F.);
#14292 = EDGE_CURVE('',#13902,#13959,#14293,.T.);
#14293 = LINE('',#14294,#14295);
#14294 = CARTESIAN_POINT('',(1.5,0.55,0.));
#14295 = VECTOR('',#14296,1.);
#14296 = DIRECTION('',(-1.,0.,0.));
#14297 = ORIENTED_EDGE('',*,*,#13901,.F.);
#14298 = ORIENTED_EDGE('',*,*,#13893,.T.);
#14299 = PLANE('',#14300);
#14300 = AXIS2_PLACEMENT_3D('',#14301,#14302,#14303);
#14301 = CARTESIAN_POINT('',(-1.2,0.,0.));
#14302 = DIRECTION('',(0.,0.,1.));
#14303 = DIRECTION('',(1.,0.,-0.));
#14304 = ADVANCED_FACE('',(#14305),#14316,.F.);
#14305 = FACE_BOUND('',#14306,.F.);
#14306 = EDGE_LOOP('',(#14307,#14308,#14309,#14310));
#14307 = ORIENTED_EDGE('',*,*,#13993,.T.);
#14308 = ORIENTED_EDGE('',*,*,#13985,.T.);
#14309 = ORIENTED_EDGE('',*,*,#13977,.T.);
#14310 = ORIENTED_EDGE('',*,*,#14311,.F.);
#14311 = EDGE_CURVE('',#13959,#13970,#14312,.T.);
#14312 = LINE('',#14313,#14314);
#14313 = CARTESIAN_POINT('',(-1.45,0.675,0.));
#14314 = VECTOR('',#14315,1.);
#14315 = DIRECTION('',(0.,-1.,0.));
#14316 = PLANE('',#14317);
#14317 = AXIS2_PLACEMENT_3D('',#14318,#14319,#14320);
#14318 = CARTESIAN_POINT('',(2.707861035671E-17,0.,0.));
#14319 = DIRECTION('',(0.,0.,1.));
#14320 = DIRECTION('',(1.,0.,-0.));
#14321 = ADVANCED_FACE('',(#14322),#14328,.F.);
#14322 = FACE_BOUND('',#14323,.F.);
#14323 = EDGE_LOOP('',(#14324,#14325,#14326,#14327));
#14324 = ORIENTED_EDGE('',*,*,#14311,.T.);
#14325 = ORIENTED_EDGE('',*,*,#14010,.T.);
#14326 = ORIENTED_EDGE('',*,*,#14024,.F.);
#14327 = ORIENTED_EDGE('',*,*,#14292,.T.);
#14328 = PLANE('',#14329);
#14329 = AXIS2_PLACEMENT_3D('',#14330,#14331,#14332);
#14330 = CARTESIAN_POINT('',(-1.2,0.,0.));
#14331 = DIRECTION('',(0.,0.,1.));
#14332 = DIRECTION('',(1.,0.,-0.));
#14333 = ADVANCED_FACE('',(#14334),#14345,.F.);
#14334 = FACE_BOUND('',#14335,.F.);
#14335 = EDGE_LOOP('',(#14336,#14337,#14343,#14344));
#14336 = ORIENTED_EDGE('',*,*,#14055,.T.);
#14337 = ORIENTED_EDGE('',*,*,#14338,.T.);
#14338 = EDGE_CURVE('',#14048,#14268,#14339,.T.);
#14339 = LINE('',#14340,#14341);
#14340 = CARTESIAN_POINT('',(-0.95,-0.675,0.));
#14341 = VECTOR('',#14342,1.);
#14342 = DIRECTION('',(0.,1.,0.));
#14343 = ORIENTED_EDGE('',*,*,#14267,.T.);
#14344 = ORIENTED_EDGE('',*,*,#14031,.F.);
#14345 = PLANE('',#14346);
#14346 = AXIS2_PLACEMENT_3D('',#14347,#14348,#14349);
#14347 = CARTESIAN_POINT('',(-1.2,0.,0.));
#14348 = DIRECTION('',(0.,0.,1.));
#14349 = DIRECTION('',(1.,0.,-0.));
#14350 = ADVANCED_FACE('',(#14351),#14369,.F.);
#14351 = FACE_BOUND('',#14352,.F.);
#14352 = EDGE_LOOP('',(#14353,#14354,#14355,#14363));
#14353 = ORIENTED_EDGE('',*,*,#14338,.F.);
#14354 = ORIENTED_EDGE('',*,*,#14080,.T.);
#14355 = ORIENTED_EDGE('',*,*,#14356,.F.);
#14356 = EDGE_CURVE('',#14357,#14073,#14359,.T.);
#14357 = VERTEX_POINT('',#14358);
#14358 = CARTESIAN_POINT('',(-0.25,0.55,0.));
#14359 = LINE('',#14360,#14361);
#14360 = CARTESIAN_POINT('',(-0.25,0.675,0.));
#14361 = VECTOR('',#14362,1.);
#14362 = DIRECTION('',(0.,-1.,0.));
#14363 = ORIENTED_EDGE('',*,*,#14364,.T.);
#14364 = EDGE_CURVE('',#14357,#14268,#14365,.T.);
#14365 = LINE('',#14366,#14367);
#14366 = CARTESIAN_POINT('',(1.5,0.55,0.));
#14367 = VECTOR('',#14368,1.);
#14368 = DIRECTION('',(-1.,0.,0.));
#14369 = PLANE('',#14370);
#14370 = AXIS2_PLACEMENT_3D('',#14371,#14372,#14373);
#14371 = CARTESIAN_POINT('',(2.707861035671E-17,0.,0.));
#14372 = DIRECTION('',(0.,0.,1.));
#14373 = DIRECTION('',(1.,0.,-0.));
#14374 = ADVANCED_FACE('',(#14375),#14386,.F.);
#14375 = FACE_BOUND('',#14376,.F.);
#14376 = EDGE_LOOP('',(#14377,#14378,#14379,#14380));
#14377 = ORIENTED_EDGE('',*,*,#14356,.T.);
#14378 = ORIENTED_EDGE('',*,*,#14097,.T.);
#14379 = ORIENTED_EDGE('',*,*,#14111,.F.);
#14380 = ORIENTED_EDGE('',*,*,#14381,.T.);
#14381 = EDGE_CURVE('',#14112,#14357,#14382,.T.);
#14382 = LINE('',#14383,#14384);
#14383 = CARTESIAN_POINT('',(1.5,0.55,0.));
#14384 = VECTOR('',#14385,1.);
#14385 = DIRECTION('',(-1.,0.,0.));
#14386 = PLANE('',#14387);
#14387 = AXIS2_PLACEMENT_3D('',#14388,#14389,#14390);
#14388 = CARTESIAN_POINT('',(0.,0.,0.));
#14389 = DIRECTION('',(0.,0.,1.));
#14390 = DIRECTION('',(1.,0.,-0.));
#14391 = ADVANCED_FACE('',(#14392),#14398,.F.);
#14392 = FACE_BOUND('',#14393,.F.);
#14393 = EDGE_LOOP('',(#14394,#14395,#14396,#14397));
#14394 = ORIENTED_EDGE('',*,*,#14144,.F.);
#14395 = ORIENTED_EDGE('',*,*,#14159,.T.);
#14396 = ORIENTED_EDGE('',*,*,#14217,.T.);
#14397 = ORIENTED_EDGE('',*,*,#14209,.F.);
#14398 = PLANE('',#14399);
#14399 = AXIS2_PLACEMENT_3D('',#14400,#14401,#14402);
#14400 = CARTESIAN_POINT('',(0.,0.,0.));
#14401 = DIRECTION('',(0.,0.,1.));
#14402 = DIRECTION('',(1.,0.,-0.));
#14403 = ADVANCED_FACE('',(#14404),#14415,.F.);
#14404 = FACE_BOUND('',#14405,.F.);
#14405 = EDGE_LOOP('',(#14406,#14412,#14413,#14414));
#14406 = ORIENTED_EDGE('',*,*,#14407,.T.);
#14407 = EDGE_CURVE('',#13733,#14357,#14408,.T.);
#14408 = LINE('',#14409,#14410);
#14409 = CARTESIAN_POINT('',(-0.25,0.675,0.));
#14410 = VECTOR('',#14411,1.);
#14411 = DIRECTION('',(0.,-1.,0.));
#14412 = ORIENTED_EDGE('',*,*,#14381,.F.);
#14413 = ORIENTED_EDGE('',*,*,#14202,.F.);
#14414 = ORIENTED_EDGE('',*,*,#14194,.T.);
#14415 = PLANE('',#14416);
#14416 = AXIS2_PLACEMENT_3D('',#14417,#14418,#14419);
#14417 = CARTESIAN_POINT('',(0.,0.,0.));
#14418 = DIRECTION('',(0.,0.,1.));
#14419 = DIRECTION('',(1.,0.,-0.));
#14420 = ADVANCED_FACE('',(#14421),#14427,.F.);
#14421 = FACE_BOUND('',#14422,.F.);
#14422 = EDGE_LOOP('',(#14423,#14424,#14425,#14426));
#14423 = ORIENTED_EDGE('',*,*,#14275,.F.);
#14424 = ORIENTED_EDGE('',*,*,#14364,.F.);
#14425 = ORIENTED_EDGE('',*,*,#14407,.F.);
#14426 = ORIENTED_EDGE('',*,*,#14250,.T.);
#14427 = PLANE('',#14428);
#14428 = AXIS2_PLACEMENT_3D('',#14429,#14430,#14431);
#14429 = CARTESIAN_POINT('',(0.,0.,0.));
#14430 = DIRECTION('',(0.,0.,1.));
#14431 = DIRECTION('',(1.,0.,-0.));
#14432 = ( GEOMETRIC_REPRESENTATION_CONTEXT(3) 
GLOBAL_UNCERTAINTY_ASSIGNED_CONTEXT((#14436)) 
GLOBAL_UNIT_ASSIGNED_CONTEXT((#14433,#14434,#14435)) 
REPRESENTATION_CONTEXT('Context #1',
  '3D Context with UNIT and UNCERTAINTY') );
#14433 = ( LENGTH_UNIT() NAMED_UNIT(*) SI_UNIT(.MILLI.,.METRE.) );
#14434 = ( NAMED_UNIT(*) PLANE_ANGLE_UNIT() SI_UNIT($,.RADIAN.) );
#14435 = ( NAMED_UNIT(*) SI_UNIT($,.STERADIAN.) SOLID_ANGLE_UNIT() );
#14436 = UNCERTAINTY_MEASURE_WITH_UNIT(LENGTH_MEASURE(1.E-07),#14433,
  'distance_accuracy_value','confusion accuracy');
#14437 = CONTEXT_DEPENDENT_SHAPE_REPRESENTATION(#14438,#14440);
#14438 = ( REPRESENTATION_RELATIONSHIP('','',#11961,#10) 
REPRESENTATION_RELATIONSHIP_WITH_TRANSFORMATION(#14439) 
SHAPE_REPRESENTATION_RELATIONSHIP() );
#14439 = ITEM_DEFINED_TRANSFORMATION('','',#11,#1291);
#14440 = PRODUCT_DEFINITION_SHAPE('Placement','Placement of an item',
  #14441);
#14441 = NEXT_ASSEMBLY_USAGE_OCCURRENCE('320','X2','',#5,#11956,$);
#14442 = PRODUCT_RELATED_PRODUCT_CATEGORY('part',$,(#11958));
#14443 = CONTEXT_DEPENDENT_SHAPE_REPRESENTATION(#14444,#14446);
#14444 = ( REPRESENTATION_RELATIONSHIP('','',#7351,#10) 
REPRESENTATION_RELATIONSHIP_WITH_TRANSFORMATION(#14445) 
SHAPE_REPRESENTATION_RELATIONSHIP() );
#14445 = ITEM_DEFINED_TRANSFORMATION('','',#11,#1295);
#14446 = PRODUCT_DEFINITION_SHAPE('Placement','Placement of an item',
  #14447);
#14447 = NEXT_ASSEMBLY_USAGE_OCCURRENCE('321','R41','',#5,#7346,$);
#14448 = CONTEXT_DEPENDENT_SHAPE_REPRESENTATION(#14449,#14451);
#14449 = ( REPRESENTATION_RELATIONSHIP('','',#10823,#10) 
REPRESENTATION_RELATIONSHIP_WITH_TRANSFORMATION(#14450) 
SHAPE_REPRESENTATION_RELATIONSHIP() );
#14450 = ITEM_DEFINED_TRANSFORMATION('','',#11,#1299);
#14451 = PRODUCT_DEFINITION_SHAPE('Placement','Placement of an item',
  #14452);
#14452 = NEXT_ASSEMBLY_USAGE_OCCURRENCE('322','C9','',#5,#10818,$);
#14453 = CONTEXT_DEPENDENT_SHAPE_REPRESENTATION(#14454,#14456);
#14454 = ( REPRESENTATION_RELATIONSHIP('','',#7351,#10) 
REPRESENTATION_RELATIONSHIP_WITH_TRANSFORMATION(#14455) 
SHAPE_REPRESENTATION_RELATIONSHIP() );
#14455 = ITEM_DEFINED_TRANSFORMATION('','',#11,#1303);
#14456 = PRODUCT_DEFINITION_SHAPE('Placement','Placement of an item',
  #14457);
#14457 = NEXT_ASSEMBLY_USAGE_OCCURRENCE('323','R34','',#5,#7346,$);
#14458 = CONTEXT_DEPENDENT_SHAPE_REPRESENTATION(#14459,#14461);
#14459 = ( REPRESENTATION_RELATIONSHIP('','',#8175,#10) 
REPRESENTATION_RELATIONSHIP_WITH_TRANSFORMATION(#14460) 
SHAPE_REPRESENTATION_RELATIONSHIP() );
#14460 = ITEM_DEFINED_TRANSFORMATION('','',#11,#1307);
#14461 = PRODUCT_DEFINITION_SHAPE('Placement','Placement of an item',
  #14462);
#14462 = NEXT_ASSEMBLY_USAGE_OCCURRENCE('324','Q5','',#5,#8170,$);
#14463 = CONTEXT_DEPENDENT_SHAPE_REPRESENTATION(#14464,#14466);
#14464 = ( REPRESENTATION_RELATIONSHIP('','',#10823,#10) 
REPRESENTATION_RELATIONSHIP_WITH_TRANSFORMATION(#14465) 
SHAPE_REPRESENTATION_RELATIONSHIP() );
#14465 = ITEM_DEFINED_TRANSFORMATION('','',#11,#1311);
#14466 = PRODUCT_DEFINITION_SHAPE('Placement','Placement of an item',
  #14467);
#14467 = NEXT_ASSEMBLY_USAGE_OCCURRENCE('325','C37','',#5,#10818,$);
#14468 = CONTEXT_DEPENDENT_SHAPE_REPRESENTATION(#14469,#14471);
#14469 = ( REPRESENTATION_RELATIONSHIP('','',#7351,#10) 
REPRESENTATION_RELATIONSHIP_WITH_TRANSFORMATION(#14470) 
SHAPE_REPRESENTATION_RELATIONSHIP() );
#14470 = ITEM_DEFINED_TRANSFORMATION('','',#11,#1315);
#14471 = PRODUCT_DEFINITION_SHAPE('Placement','Placement of an item',
  #14472);
#14472 = NEXT_ASSEMBLY_USAGE_OCCURRENCE('326','R69','',#5,#7346,$);
#14473 = CONTEXT_DEPENDENT_SHAPE_REPRESENTATION(#14474,#14476);
#14474 = ( REPRESENTATION_RELATIONSHIP('','',#10823,#10) 
REPRESENTATION_RELATIONSHIP_WITH_TRANSFORMATION(#14475) 
SHAPE_REPRESENTATION_RELATIONSHIP() );
#14475 = ITEM_DEFINED_TRANSFORMATION('','',#11,#1319);
#14476 = PRODUCT_DEFINITION_SHAPE('Placement','Placement of an item',
  #14477);
#14477 = NEXT_ASSEMBLY_USAGE_OCCURRENCE('327','C39','',#5,#10818,$);
#14478 = CONTEXT_DEPENDENT_SHAPE_REPRESENTATION(#14479,#14481);
#14479 = ( REPRESENTATION_RELATIONSHIP('','',#7351,#10) 
REPRESENTATION_RELATIONSHIP_WITH_TRANSFORMATION(#14480) 
SHAPE_REPRESENTATION_RELATIONSHIP() );
#14480 = ITEM_DEFINED_TRANSFORMATION('','',#11,#1323);
#14481 = PRODUCT_DEFINITION_SHAPE('Placement','Placement of an item',
  #14482);
#14482 = NEXT_ASSEMBLY_USAGE_OCCURRENCE('328','R53','',#5,#7346,$);
#14483 = CONTEXT_DEPENDENT_SHAPE_REPRESENTATION(#14484,#14486);
#14484 = ( REPRESENTATION_RELATIONSHIP('','',#10823,#10) 
REPRESENTATION_RELATIONSHIP_WITH_TRANSFORMATION(#14485) 
SHAPE_REPRESENTATION_RELATIONSHIP() );
#14485 = ITEM_DEFINED_TRANSFORMATION('','',#11,#1327);
#14486 = PRODUCT_DEFINITION_SHAPE('Placement','Placement of an item',
  #14487);
#14487 = NEXT_ASSEMBLY_USAGE_OCCURRENCE('329','C18','',#5,#10818,$);
#14488 = CONTEXT_DEPENDENT_SHAPE_REPRESENTATION(#14489,#14491);
#14489 = ( REPRESENTATION_RELATIONSHIP('','',#7351,#10) 
REPRESENTATION_RELATIONSHIP_WITH_TRANSFORMATION(#14490) 
SHAPE_REPRESENTATION_RELATIONSHIP() );
#14490 = ITEM_DEFINED_TRANSFORMATION('','',#11,#1331);
#14491 = PRODUCT_DEFINITION_SHAPE('Placement','Placement of an item',
  #14492);
#14492 = NEXT_ASSEMBLY_USAGE_OCCURRENCE('330','R27','',#5,#7346,$);
#14493 = CONTEXT_DEPENDENT_SHAPE_REPRESENTATION(#14494,#14496);
#14494 = ( REPRESENTATION_RELATIONSHIP('','',#7351,#10) 
REPRESENTATION_RELATIONSHIP_WITH_TRANSFORMATION(#14495) 
SHAPE_REPRESENTATION_RELATIONSHIP() );
#14495 = ITEM_DEFINED_TRANSFORMATION('','',#11,#1335);
#14496 = PRODUCT_DEFINITION_SHAPE('Placement','Placement of an item',
  #14497);
#14497 = NEXT_ASSEMBLY_USAGE_OCCURRENCE('331','R37','',#5,#7346,$);
#14498 = CONTEXT_DEPENDENT_SHAPE_REPRESENTATION(#14499,#14501);
#14499 = ( REPRESENTATION_RELATIONSHIP('','',#7351,#10) 
REPRESENTATION_RELATIONSHIP_WITH_TRANSFORMATION(#14500) 
SHAPE_REPRESENTATION_RELATIONSHIP() );
#14500 = ITEM_DEFINED_TRANSFORMATION('','',#11,#1339);
#14501 = PRODUCT_DEFINITION_SHAPE('Placement','Placement of an item',
  #14502);
#14502 = NEXT_ASSEMBLY_USAGE_OCCURRENCE('332','R65','',#5,#7346,$);
#14503 = CONTEXT_DEPENDENT_SHAPE_REPRESENTATION(#14504,#14506);
#14504 = ( REPRESENTATION_RELATIONSHIP('','',#7351,#10) 
REPRESENTATION_RELATIONSHIP_WITH_TRANSFORMATION(#14505) 
SHAPE_REPRESENTATION_RELATIONSHIP() );
#14505 = ITEM_DEFINED_TRANSFORMATION('','',#11,#1343);
#14506 = PRODUCT_DEFINITION_SHAPE('Placement','Placement of an item',
  #14507);
#14507 = NEXT_ASSEMBLY_USAGE_OCCURRENCE('333','R85','',#5,#7346,$);
#14508 = CONTEXT_DEPENDENT_SHAPE_REPRESENTATION(#14509,#14511);
#14509 = ( REPRESENTATION_RELATIONSHIP('','',#11961,#10) 
REPRESENTATION_RELATIONSHIP_WITH_TRANSFORMATION(#14510) 
SHAPE_REPRESENTATION_RELATIONSHIP() );
#14510 = ITEM_DEFINED_TRANSFORMATION('','',#11,#1347);
#14511 = PRODUCT_DEFINITION_SHAPE('Placement','Placement of an item',
  #14512);
#14512 = NEXT_ASSEMBLY_USAGE_OCCURRENCE('334','X3','',#5,#11956,$);
#14513 = CONTEXT_DEPENDENT_SHAPE_REPRESENTATION(#14514,#14516);
#14514 = ( REPRESENTATION_RELATIONSHIP('','',#7351,#10) 
REPRESENTATION_RELATIONSHIP_WITH_TRANSFORMATION(#14515) 
SHAPE_REPRESENTATION_RELATIONSHIP() );
#14515 = ITEM_DEFINED_TRANSFORMATION('','',#11,#1351);
#14516 = PRODUCT_DEFINITION_SHAPE('Placement','Placement of an item',
  #14517);
#14517 = NEXT_ASSEMBLY_USAGE_OCCURRENCE('335','R97','',#5,#7346,$);
#14518 = CONTEXT_DEPENDENT_SHAPE_REPRESENTATION(#14519,#14521);
#14519 = ( REPRESENTATION_RELATIONSHIP('','',#7351,#10) 
REPRESENTATION_RELATIONSHIP_WITH_TRANSFORMATION(#14520) 
SHAPE_REPRESENTATION_RELATIONSHIP() );
#14520 = ITEM_DEFINED_TRANSFORMATION('','',#11,#1355);
#14521 = PRODUCT_DEFINITION_SHAPE('Placement','Placement of an item',
  #14522);
#14522 = NEXT_ASSEMBLY_USAGE_OCCURRENCE('336','R36','',#5,#7346,$);
#14523 = CONTEXT_DEPENDENT_SHAPE_REPRESENTATION(#14524,#14526);
#14524 = ( REPRESENTATION_RELATIONSHIP('','',#10823,#10) 
REPRESENTATION_RELATIONSHIP_WITH_TRANSFORMATION(#14525) 
SHAPE_REPRESENTATION_RELATIONSHIP() );
#14525 = ITEM_DEFINED_TRANSFORMATION('','',#11,#1359);
#14526 = PRODUCT_DEFINITION_SHAPE('Placement','Placement of an item',
  #14527);
#14527 = NEXT_ASSEMBLY_USAGE_OCCURRENCE('337','C24','',#5,#10818,$);
#14528 = CONTEXT_DEPENDENT_SHAPE_REPRESENTATION(#14529,#14531);
#14529 = ( REPRESENTATION_RELATIONSHIP('','',#7351,#10) 
REPRESENTATION_RELATIONSHIP_WITH_TRANSFORMATION(#14530) 
SHAPE_REPRESENTATION_RELATIONSHIP() );
#14530 = ITEM_DEFINED_TRANSFORMATION('','',#11,#1363);
#14531 = PRODUCT_DEFINITION_SHAPE('Placement','Placement of an item',
  #14532);
#14532 = NEXT_ASSEMBLY_USAGE_OCCURRENCE('338','R16','',#5,#7346,$);
#14533 = CONTEXT_DEPENDENT_SHAPE_REPRESENTATION(#14534,#14536);
#14534 = ( REPRESENTATION_RELATIONSHIP('','',#10823,#10) 
REPRESENTATION_RELATIONSHIP_WITH_TRANSFORMATION(#14535) 
SHAPE_REPRESENTATION_RELATIONSHIP() );
#14535 = ITEM_DEFINED_TRANSFORMATION('','',#11,#1367);
#14536 = PRODUCT_DEFINITION_SHAPE('Placement','Placement of an item',
  #14537);
#14537 = NEXT_ASSEMBLY_USAGE_OCCURRENCE('339','C36','',#5,#10818,$);
#14538 = CONTEXT_DEPENDENT_SHAPE_REPRESENTATION(#14539,#14541);
#14539 = ( REPRESENTATION_RELATIONSHIP('','',#7351,#10) 
REPRESENTATION_RELATIONSHIP_WITH_TRANSFORMATION(#14540) 
SHAPE_REPRESENTATION_RELATIONSHIP() );
#14540 = ITEM_DEFINED_TRANSFORMATION('','',#11,#1371);
#14541 = PRODUCT_DEFINITION_SHAPE('Placement','Placement of an item',
  #14542);
#14542 = NEXT_ASSEMBLY_USAGE_OCCURRENCE('340','R43','',#5,#7346,$);
#14543 = CONTEXT_DEPENDENT_SHAPE_REPRESENTATION(#14544,#14546);
#14544 = ( REPRESENTATION_RELATIONSHIP('','',#7351,#10) 
REPRESENTATION_RELATIONSHIP_WITH_TRANSFORMATION(#14545) 
SHAPE_REPRESENTATION_RELATIONSHIP() );
#14545 = ITEM_DEFINED_TRANSFORMATION('','',#11,#1375);
#14546 = PRODUCT_DEFINITION_SHAPE('Placement','Placement of an item',
  #14547);
#14547 = NEXT_ASSEMBLY_USAGE_OCCURRENCE('341','R98','',#5,#7346,$);
#14548 = CONTEXT_DEPENDENT_SHAPE_REPRESENTATION(#14549,#14551);
#14549 = ( REPRESENTATION_RELATIONSHIP('','',#7351,#10) 
REPRESENTATION_RELATIONSHIP_WITH_TRANSFORMATION(#14550) 
SHAPE_REPRESENTATION_RELATIONSHIP() );
#14550 = ITEM_DEFINED_TRANSFORMATION('','',#11,#1379);
#14551 = PRODUCT_DEFINITION_SHAPE('Placement','Placement of an item',
  #14552);
#14552 = NEXT_ASSEMBLY_USAGE_OCCURRENCE('342','R14','',#5,#7346,$);
#14553 = CONTEXT_DEPENDENT_SHAPE_REPRESENTATION(#14554,#14556);
#14554 = ( REPRESENTATION_RELATIONSHIP('','',#7351,#10) 
REPRESENTATION_RELATIONSHIP_WITH_TRANSFORMATION(#14555) 
SHAPE_REPRESENTATION_RELATIONSHIP() );
#14555 = ITEM_DEFINED_TRANSFORMATION('','',#11,#1383);
#14556 = PRODUCT_DEFINITION_SHAPE('Placement','Placement of an item',
  #14557);
#14557 = NEXT_ASSEMBLY_USAGE_OCCURRENCE('343','R17','',#5,#7346,$);
#14558 = CONTEXT_DEPENDENT_SHAPE_REPRESENTATION(#14559,#14561);
#14559 = ( REPRESENTATION_RELATIONSHIP('','',#7351,#10) 
REPRESENTATION_RELATIONSHIP_WITH_TRANSFORMATION(#14560) 
SHAPE_REPRESENTATION_RELATIONSHIP() );
#14560 = ITEM_DEFINED_TRANSFORMATION('','',#11,#1387);
#14561 = PRODUCT_DEFINITION_SHAPE('Placement','Placement of an item',
  #14562);
#14562 = NEXT_ASSEMBLY_USAGE_OCCURRENCE('344','R24','',#5,#7346,$);
#14563 = CONTEXT_DEPENDENT_SHAPE_REPRESENTATION(#14564,#14566);
#14564 = ( REPRESENTATION_RELATIONSHIP('','',#10823,#10) 
REPRESENTATION_RELATIONSHIP_WITH_TRANSFORMATION(#14565) 
SHAPE_REPRESENTATION_RELATIONSHIP() );
#14565 = ITEM_DEFINED_TRANSFORMATION('','',#11,#1391);
#14566 = PRODUCT_DEFINITION_SHAPE('Placement','Placement of an item',
  #14567);
#14567 = NEXT_ASSEMBLY_USAGE_OCCURRENCE('345','C32','',#5,#10818,$);
#14568 = CONTEXT_DEPENDENT_SHAPE_REPRESENTATION(#14569,#14571);
#14569 = ( REPRESENTATION_RELATIONSHIP('','',#10823,#10) 
REPRESENTATION_RELATIONSHIP_WITH_TRANSFORMATION(#14570) 
SHAPE_REPRESENTATION_RELATIONSHIP() );
#14570 = ITEM_DEFINED_TRANSFORMATION('','',#11,#1395);
#14571 = PRODUCT_DEFINITION_SHAPE('Placement','Placement of an item',
  #14572);
#14572 = NEXT_ASSEMBLY_USAGE_OCCURRENCE('346','C27','',#5,#10818,$);
#14573 = CONTEXT_DEPENDENT_SHAPE_REPRESENTATION(#14574,#14576);
#14574 = ( REPRESENTATION_RELATIONSHIP('','',#7351,#10) 
REPRESENTATION_RELATIONSHIP_WITH_TRANSFORMATION(#14575) 
SHAPE_REPRESENTATION_RELATIONSHIP() );
#14575 = ITEM_DEFINED_TRANSFORMATION('','',#11,#1399);
#14576 = PRODUCT_DEFINITION_SHAPE('Placement','Placement of an item',
  #14577);
#14577 = NEXT_ASSEMBLY_USAGE_OCCURRENCE('347','R94','',#5,#7346,$);
#14578 = CONTEXT_DEPENDENT_SHAPE_REPRESENTATION(#14579,#14581);
#14579 = ( REPRESENTATION_RELATIONSHIP('','',#7351,#10) 
REPRESENTATION_RELATIONSHIP_WITH_TRANSFORMATION(#14580) 
SHAPE_REPRESENTATION_RELATIONSHIP() );
#14580 = ITEM_DEFINED_TRANSFORMATION('','',#11,#1403);
#14581 = PRODUCT_DEFINITION_SHAPE('Placement','Placement of an item',
  #14582);
#14582 = NEXT_ASSEMBLY_USAGE_OCCURRENCE('348','R73','',#5,#7346,$);
#14583 = CONTEXT_DEPENDENT_SHAPE_REPRESENTATION(#14584,#14586);
#14584 = ( REPRESENTATION_RELATIONSHIP('','',#7351,#10) 
REPRESENTATION_RELATIONSHIP_WITH_TRANSFORMATION(#14585) 
SHAPE_REPRESENTATION_RELATIONSHIP() );
#14585 = ITEM_DEFINED_TRANSFORMATION('','',#11,#1407);
#14586 = PRODUCT_DEFINITION_SHAPE('Placement','Placement of an item',
  #14587);
#14587 = NEXT_ASSEMBLY_USAGE_OCCURRENCE('349','R25','',#5,#7346,$);
#14588 = CONTEXT_DEPENDENT_SHAPE_REPRESENTATION(#14589,#14591);
#14589 = ( REPRESENTATION_RELATIONSHIP('','',#10823,#10) 
REPRESENTATION_RELATIONSHIP_WITH_TRANSFORMATION(#14590) 
SHAPE_REPRESENTATION_RELATIONSHIP() );
#14590 = ITEM_DEFINED_TRANSFORMATION('','',#11,#1411);
#14591 = PRODUCT_DEFINITION_SHAPE('Placement','Placement of an item',
  #14592);
#14592 = NEXT_ASSEMBLY_USAGE_OCCURRENCE('350','C20','',#5,#10818,$);
#14593 = CONTEXT_DEPENDENT_SHAPE_REPRESENTATION(#14594,#14596);
#14594 = ( REPRESENTATION_RELATIONSHIP('','',#7351,#10) 
REPRESENTATION_RELATIONSHIP_WITH_TRANSFORMATION(#14595) 
SHAPE_REPRESENTATION_RELATIONSHIP() );
#14595 = ITEM_DEFINED_TRANSFORMATION('','',#11,#1415);
#14596 = PRODUCT_DEFINITION_SHAPE('Placement','Placement of an item',
  #14597);
#14597 = NEXT_ASSEMBLY_USAGE_OCCURRENCE('351','R39','',#5,#7346,$);
#14598 = CONTEXT_DEPENDENT_SHAPE_REPRESENTATION(#14599,#14601);
#14599 = ( REPRESENTATION_RELATIONSHIP('','',#8175,#10) 
REPRESENTATION_RELATIONSHIP_WITH_TRANSFORMATION(#14600) 
SHAPE_REPRESENTATION_RELATIONSHIP() );
#14600 = ITEM_DEFINED_TRANSFORMATION('','',#11,#1419);
#14601 = PRODUCT_DEFINITION_SHAPE('Placement','Placement of an item',
  #14602);
#14602 = NEXT_ASSEMBLY_USAGE_OCCURRENCE('352','Q3','',#5,#8170,$);
#14603 = CONTEXT_DEPENDENT_SHAPE_REPRESENTATION(#14604,#14606);
#14604 = ( REPRESENTATION_RELATIONSHIP('','',#7351,#10) 
REPRESENTATION_RELATIONSHIP_WITH_TRANSFORMATION(#14605) 
SHAPE_REPRESENTATION_RELATIONSHIP() );
#14605 = ITEM_DEFINED_TRANSFORMATION('','',#11,#1423);
#14606 = PRODUCT_DEFINITION_SHAPE('Placement','Placement of an item',
  #14607);
#14607 = NEXT_ASSEMBLY_USAGE_OCCURRENCE('353','R86','',#5,#7346,$);
#14608 = CONTEXT_DEPENDENT_SHAPE_REPRESENTATION(#14609,#14611);
#14609 = ( REPRESENTATION_RELATIONSHIP('','',#7351,#10) 
REPRESENTATION_RELATIONSHIP_WITH_TRANSFORMATION(#14610) 
SHAPE_REPRESENTATION_RELATIONSHIP() );
#14610 = ITEM_DEFINED_TRANSFORMATION('','',#11,#1427);
#14611 = PRODUCT_DEFINITION_SHAPE('Placement','Placement of an item',
  #14612);
#14612 = NEXT_ASSEMBLY_USAGE_OCCURRENCE('354','R50','',#5,#7346,$);
#14613 = CONTEXT_DEPENDENT_SHAPE_REPRESENTATION(#14614,#14616);
#14614 = ( REPRESENTATION_RELATIONSHIP('','',#7351,#10) 
REPRESENTATION_RELATIONSHIP_WITH_TRANSFORMATION(#14615) 
SHAPE_REPRESENTATION_RELATIONSHIP() );
#14615 = ITEM_DEFINED_TRANSFORMATION('','',#11,#1431);
#14616 = PRODUCT_DEFINITION_SHAPE('Placement','Placement of an item',
  #14617);
#14617 = NEXT_ASSEMBLY_USAGE_OCCURRENCE('355','R42','',#5,#7346,$);
#14618 = CONTEXT_DEPENDENT_SHAPE_REPRESENTATION(#14619,#14621);
#14619 = ( REPRESENTATION_RELATIONSHIP('','',#10823,#10) 
REPRESENTATION_RELATIONSHIP_WITH_TRANSFORMATION(#14620) 
SHAPE_REPRESENTATION_RELATIONSHIP() );
#14620 = ITEM_DEFINED_TRANSFORMATION('','',#11,#1435);
#14621 = PRODUCT_DEFINITION_SHAPE('Placement','Placement of an item',
  #14622);
#14622 = NEXT_ASSEMBLY_USAGE_OCCURRENCE('356','C33','',#5,#10818,$);
#14623 = CONTEXT_DEPENDENT_SHAPE_REPRESENTATION(#14624,#14626);
#14624 = ( REPRESENTATION_RELATIONSHIP('','',#7351,#10) 
REPRESENTATION_RELATIONSHIP_WITH_TRANSFORMATION(#14625) 
SHAPE_REPRESENTATION_RELATIONSHIP() );
#14625 = ITEM_DEFINED_TRANSFORMATION('','',#11,#1439);
#14626 = PRODUCT_DEFINITION_SHAPE('Placement','Placement of an item',
  #14627);
#14627 = NEXT_ASSEMBLY_USAGE_OCCURRENCE('357','R95','',#5,#7346,$);
#14628 = CONTEXT_DEPENDENT_SHAPE_REPRESENTATION(#14629,#14631);
#14629 = ( REPRESENTATION_RELATIONSHIP('','',#7351,#10) 
REPRESENTATION_RELATIONSHIP_WITH_TRANSFORMATION(#14630) 
SHAPE_REPRESENTATION_RELATIONSHIP() );
#14630 = ITEM_DEFINED_TRANSFORMATION('','',#11,#1443);
#14631 = PRODUCT_DEFINITION_SHAPE('Placement','Placement of an item',
  #14632);
#14632 = NEXT_ASSEMBLY_USAGE_OCCURRENCE('358','R26','',#5,#7346,$);
#14633 = CONTEXT_DEPENDENT_SHAPE_REPRESENTATION(#14634,#14636);
#14634 = ( REPRESENTATION_RELATIONSHIP('','',#8175,#10) 
REPRESENTATION_RELATIONSHIP_WITH_TRANSFORMATION(#14635) 
SHAPE_REPRESENTATION_RELATIONSHIP() );
#14635 = ITEM_DEFINED_TRANSFORMATION('','',#11,#1447);
#14636 = PRODUCT_DEFINITION_SHAPE('Placement','Placement of an item',
  #14637);
#14637 = NEXT_ASSEMBLY_USAGE_OCCURRENCE('359','Q4','',#5,#8170,$);
#14638 = CONTEXT_DEPENDENT_SHAPE_REPRESENTATION(#14639,#14641);
#14639 = ( REPRESENTATION_RELATIONSHIP('','',#10823,#10) 
REPRESENTATION_RELATIONSHIP_WITH_TRANSFORMATION(#14640) 
SHAPE_REPRESENTATION_RELATIONSHIP() );
#14640 = ITEM_DEFINED_TRANSFORMATION('','',#11,#1451);
#14641 = PRODUCT_DEFINITION_SHAPE('Placement','Placement of an item',
  #14642);
#14642 = NEXT_ASSEMBLY_USAGE_OCCURRENCE('360','C26','',#5,#10818,$);
#14643 = CONTEXT_DEPENDENT_SHAPE_REPRESENTATION(#14644,#14646);
#14644 = ( REPRESENTATION_RELATIONSHIP('','',#10823,#10) 
REPRESENTATION_RELATIONSHIP_WITH_TRANSFORMATION(#14645) 
SHAPE_REPRESENTATION_RELATIONSHIP() );
#14645 = ITEM_DEFINED_TRANSFORMATION('','',#11,#1455);
#14646 = PRODUCT_DEFINITION_SHAPE('Placement','Placement of an item',
  #14647);
#14647 = NEXT_ASSEMBLY_USAGE_OCCURRENCE('361','C17','',#5,#10818,$);
#14648 = CONTEXT_DEPENDENT_SHAPE_REPRESENTATION(#14649,#14651);
#14649 = ( REPRESENTATION_RELATIONSHIP('','',#7351,#10) 
REPRESENTATION_RELATIONSHIP_WITH_TRANSFORMATION(#14650) 
SHAPE_REPRESENTATION_RELATIONSHIP() );
#14650 = ITEM_DEFINED_TRANSFORMATION('','',#11,#1459);
#14651 = PRODUCT_DEFINITION_SHAPE('Placement','Placement of an item',
  #14652);
#14652 = NEXT_ASSEMBLY_USAGE_OCCURRENCE('362','R22','',#5,#7346,$);
#14653 = CONTEXT_DEPENDENT_SHAPE_REPRESENTATION(#14654,#14656);
#14654 = ( REPRESENTATION_RELATIONSHIP('','',#8175,#10) 
REPRESENTATION_RELATIONSHIP_WITH_TRANSFORMATION(#14655) 
SHAPE_REPRESENTATION_RELATIONSHIP() );
#14655 = ITEM_DEFINED_TRANSFORMATION('','',#11,#1463);
#14656 = PRODUCT_DEFINITION_SHAPE('Placement','Placement of an item',
  #14657);
#14657 = NEXT_ASSEMBLY_USAGE_OCCURRENCE('363','Q9','',#5,#8170,$);
#14658 = CONTEXT_DEPENDENT_SHAPE_REPRESENTATION(#14659,#14661);
#14659 = ( REPRESENTATION_RELATIONSHIP('','',#7351,#10) 
REPRESENTATION_RELATIONSHIP_WITH_TRANSFORMATION(#14660) 
SHAPE_REPRESENTATION_RELATIONSHIP() );
#14660 = ITEM_DEFINED_TRANSFORMATION('','',#11,#1467);
#14661 = PRODUCT_DEFINITION_SHAPE('Placement','Placement of an item',
  #14662);
#14662 = NEXT_ASSEMBLY_USAGE_OCCURRENCE('364','R57','',#5,#7346,$);
#14663 = CONTEXT_DEPENDENT_SHAPE_REPRESENTATION(#14664,#14666);
#14664 = ( REPRESENTATION_RELATIONSHIP('','',#7351,#10) 
REPRESENTATION_RELATIONSHIP_WITH_TRANSFORMATION(#14665) 
SHAPE_REPRESENTATION_RELATIONSHIP() );
#14665 = ITEM_DEFINED_TRANSFORMATION('','',#11,#1471);
#14666 = PRODUCT_DEFINITION_SHAPE('Placement','Placement of an item',
  #14667);
#14667 = NEXT_ASSEMBLY_USAGE_OCCURRENCE('365','R58','',#5,#7346,$);
#14668 = CONTEXT_DEPENDENT_SHAPE_REPRESENTATION(#14669,#14671);
#14669 = ( REPRESENTATION_RELATIONSHIP('','',#8175,#10) 
REPRESENTATION_RELATIONSHIP_WITH_TRANSFORMATION(#14670) 
SHAPE_REPRESENTATION_RELATIONSHIP() );
#14670 = ITEM_DEFINED_TRANSFORMATION('','',#11,#1475);
#14671 = PRODUCT_DEFINITION_SHAPE('Placement','Placement of an item',
  #14672);
#14672 = NEXT_ASSEMBLY_USAGE_OCCURRENCE('366','Q15','',#5,#8170,$);
#14673 = CONTEXT_DEPENDENT_SHAPE_REPRESENTATION(#14674,#14676);
#14674 = ( REPRESENTATION_RELATIONSHIP('','',#7351,#10) 
REPRESENTATION_RELATIONSHIP_WITH_TRANSFORMATION(#14675) 
SHAPE_REPRESENTATION_RELATIONSHIP() );
#14675 = ITEM_DEFINED_TRANSFORMATION('','',#11,#1479);
#14676 = PRODUCT_DEFINITION_SHAPE('Placement','Placement of an item',
  #14677);
#14677 = NEXT_ASSEMBLY_USAGE_OCCURRENCE('367','R18','',#5,#7346,$);
#14678 = CONTEXT_DEPENDENT_SHAPE_REPRESENTATION(#14679,#14681);
#14679 = ( REPRESENTATION_RELATIONSHIP('','',#7351,#10) 
REPRESENTATION_RELATIONSHIP_WITH_TRANSFORMATION(#14680) 
SHAPE_REPRESENTATION_RELATIONSHIP() );
#14680 = ITEM_DEFINED_TRANSFORMATION('','',#11,#1483);
#14681 = PRODUCT_DEFINITION_SHAPE('Placement','Placement of an item',
  #14682);
#14682 = NEXT_ASSEMBLY_USAGE_OCCURRENCE('368','R3','',#5,#7346,$);
#14683 = CONTEXT_DEPENDENT_SHAPE_REPRESENTATION(#14684,#14686);
#14684 = ( REPRESENTATION_RELATIONSHIP('','',#7351,#10) 
REPRESENTATION_RELATIONSHIP_WITH_TRANSFORMATION(#14685) 
SHAPE_REPRESENTATION_RELATIONSHIP() );
#14685 = ITEM_DEFINED_TRANSFORMATION('','',#11,#1487);
#14686 = PRODUCT_DEFINITION_SHAPE('Placement','Placement of an item',
  #14687);
#14687 = NEXT_ASSEMBLY_USAGE_OCCURRENCE('369','R81','',#5,#7346,$);
#14688 = CONTEXT_DEPENDENT_SHAPE_REPRESENTATION(#14689,#14691);
#14689 = ( REPRESENTATION_RELATIONSHIP('','',#7351,#10) 
REPRESENTATION_RELATIONSHIP_WITH_TRANSFORMATION(#14690) 
SHAPE_REPRESENTATION_RELATIONSHIP() );
#14690 = ITEM_DEFINED_TRANSFORMATION('','',#11,#1491);
#14691 = PRODUCT_DEFINITION_SHAPE('Placement','Placement of an item',
  #14692);
#14692 = NEXT_ASSEMBLY_USAGE_OCCURRENCE('370','R4','',#5,#7346,$);
#14693 = CONTEXT_DEPENDENT_SHAPE_REPRESENTATION(#14694,#14696);
#14694 = ( REPRESENTATION_RELATIONSHIP('','',#8175,#10) 
REPRESENTATION_RELATIONSHIP_WITH_TRANSFORMATION(#14695) 
SHAPE_REPRESENTATION_RELATIONSHIP() );
#14695 = ITEM_DEFINED_TRANSFORMATION('','',#11,#1495);
#14696 = PRODUCT_DEFINITION_SHAPE('Placement','Placement of an item',
  #14697);
#14697 = NEXT_ASSEMBLY_USAGE_OCCURRENCE('371','Q11','',#5,#8170,$);
#14698 = CONTEXT_DEPENDENT_SHAPE_REPRESENTATION(#14699,#14701);
#14699 = ( REPRESENTATION_RELATIONSHIP('','',#7351,#10) 
REPRESENTATION_RELATIONSHIP_WITH_TRANSFORMATION(#14700) 
SHAPE_REPRESENTATION_RELATIONSHIP() );
#14700 = ITEM_DEFINED_TRANSFORMATION('','',#11,#1499);
#14701 = PRODUCT_DEFINITION_SHAPE('Placement','Placement of an item',
  #14702);
#14702 = NEXT_ASSEMBLY_USAGE_OCCURRENCE('372','R83','',#5,#7346,$);
#14703 = CONTEXT_DEPENDENT_SHAPE_REPRESENTATION(#14704,#14706);
#14704 = ( REPRESENTATION_RELATIONSHIP('','',#7351,#10) 
REPRESENTATION_RELATIONSHIP_WITH_TRANSFORMATION(#14705) 
SHAPE_REPRESENTATION_RELATIONSHIP() );
#14705 = ITEM_DEFINED_TRANSFORMATION('','',#11,#1503);
#14706 = PRODUCT_DEFINITION_SHAPE('Placement','Placement of an item',
  #14707);
#14707 = NEXT_ASSEMBLY_USAGE_OCCURRENCE('373','R68','',#5,#7346,$);
#14708 = CONTEXT_DEPENDENT_SHAPE_REPRESENTATION(#14709,#14711);
#14709 = ( REPRESENTATION_RELATIONSHIP('','',#7351,#10) 
REPRESENTATION_RELATIONSHIP_WITH_TRANSFORMATION(#14710) 
SHAPE_REPRESENTATION_RELATIONSHIP() );
#14710 = ITEM_DEFINED_TRANSFORMATION('','',#11,#1507);
#14711 = PRODUCT_DEFINITION_SHAPE('Placement','Placement of an item',
  #14712);
#14712 = NEXT_ASSEMBLY_USAGE_OCCURRENCE('374','R76','',#5,#7346,$);
#14713 = CONTEXT_DEPENDENT_SHAPE_REPRESENTATION(#14714,#14716);
#14714 = ( REPRESENTATION_RELATIONSHIP('','',#7351,#10) 
REPRESENTATION_RELATIONSHIP_WITH_TRANSFORMATION(#14715) 
SHAPE_REPRESENTATION_RELATIONSHIP() );
#14715 = ITEM_DEFINED_TRANSFORMATION('','',#11,#1511);
#14716 = PRODUCT_DEFINITION_SHAPE('Placement','Placement of an item',
  #14717);
#14717 = NEXT_ASSEMBLY_USAGE_OCCURRENCE('375','R5','',#5,#7346,$);
#14718 = CONTEXT_DEPENDENT_SHAPE_REPRESENTATION(#14719,#14721);
#14719 = ( REPRESENTATION_RELATIONSHIP('','',#7351,#10) 
REPRESENTATION_RELATIONSHIP_WITH_TRANSFORMATION(#14720) 
SHAPE_REPRESENTATION_RELATIONSHIP() );
#14720 = ITEM_DEFINED_TRANSFORMATION('','',#11,#1515);
#14721 = PRODUCT_DEFINITION_SHAPE('Placement','Placement of an item',
  #14722);
#14722 = NEXT_ASSEMBLY_USAGE_OCCURRENCE('376','R46','',#5,#7346,$);
#14723 = CONTEXT_DEPENDENT_SHAPE_REPRESENTATION(#14724,#14726);
#14724 = ( REPRESENTATION_RELATIONSHIP('','',#7351,#10) 
REPRESENTATION_RELATIONSHIP_WITH_TRANSFORMATION(#14725) 
SHAPE_REPRESENTATION_RELATIONSHIP() );
#14725 = ITEM_DEFINED_TRANSFORMATION('','',#11,#1519);
#14726 = PRODUCT_DEFINITION_SHAPE('Placement','Placement of an item',
  #14727);
#14727 = NEXT_ASSEMBLY_USAGE_OCCURRENCE('377','R9','',#5,#7346,$);
#14728 = CONTEXT_DEPENDENT_SHAPE_REPRESENTATION(#14729,#14731);
#14729 = ( REPRESENTATION_RELATIONSHIP('','',#7351,#10) 
REPRESENTATION_RELATIONSHIP_WITH_TRANSFORMATION(#14730) 
SHAPE_REPRESENTATION_RELATIONSHIP() );
#14730 = ITEM_DEFINED_TRANSFORMATION('','',#11,#1523);
#14731 = PRODUCT_DEFINITION_SHAPE('Placement','Placement of an item',
  #14732);
#14732 = NEXT_ASSEMBLY_USAGE_OCCURRENCE('378','R44','',#5,#7346,$);
#14733 = CONTEXT_DEPENDENT_SHAPE_REPRESENTATION(#14734,#14736);
#14734 = ( REPRESENTATION_RELATIONSHIP('','',#8175,#10) 
REPRESENTATION_RELATIONSHIP_WITH_TRANSFORMATION(#14735) 
SHAPE_REPRESENTATION_RELATIONSHIP() );
#14735 = ITEM_DEFINED_TRANSFORMATION('','',#11,#1527);
#14736 = PRODUCT_DEFINITION_SHAPE('Placement','Placement of an item',
  #14737);
#14737 = NEXT_ASSEMBLY_USAGE_OCCURRENCE('379','Q1','',#5,#8170,$);
#14738 = CONTEXT_DEPENDENT_SHAPE_REPRESENTATION(#14739,#14741);
#14739 = ( REPRESENTATION_RELATIONSHIP('','',#7351,#10) 
REPRESENTATION_RELATIONSHIP_WITH_TRANSFORMATION(#14740) 
SHAPE_REPRESENTATION_RELATIONSHIP() );
#14740 = ITEM_DEFINED_TRANSFORMATION('','',#11,#1531);
#14741 = PRODUCT_DEFINITION_SHAPE('Placement','Placement of an item',
  #14742);
#14742 = NEXT_ASSEMBLY_USAGE_OCCURRENCE('380','R2','',#5,#7346,$);
#14743 = CONTEXT_DEPENDENT_SHAPE_REPRESENTATION(#14744,#14746);
#14744 = ( REPRESENTATION_RELATIONSHIP('','',#10823,#10) 
REPRESENTATION_RELATIONSHIP_WITH_TRANSFORMATION(#14745) 
SHAPE_REPRESENTATION_RELATIONSHIP() );
#14745 = ITEM_DEFINED_TRANSFORMATION('','',#11,#1535);
#14746 = PRODUCT_DEFINITION_SHAPE('Placement','Placement of an item',
  #14747);
#14747 = NEXT_ASSEMBLY_USAGE_OCCURRENCE('381','C22','',#5,#10818,$);
#14748 = CONTEXT_DEPENDENT_SHAPE_REPRESENTATION(#14749,#14751);
#14749 = ( REPRESENTATION_RELATIONSHIP('','',#7351,#10) 
REPRESENTATION_RELATIONSHIP_WITH_TRANSFORMATION(#14750) 
SHAPE_REPRESENTATION_RELATIONSHIP() );
#14750 = ITEM_DEFINED_TRANSFORMATION('','',#11,#1539);
#14751 = PRODUCT_DEFINITION_SHAPE('Placement','Placement of an item',
  #14752);
#14752 = NEXT_ASSEMBLY_USAGE_OCCURRENCE('382','R47','',#5,#7346,$);
#14753 = CONTEXT_DEPENDENT_SHAPE_REPRESENTATION(#14754,#14756);
#14754 = ( REPRESENTATION_RELATIONSHIP('','',#11961,#10) 
REPRESENTATION_RELATIONSHIP_WITH_TRANSFORMATION(#14755) 
SHAPE_REPRESENTATION_RELATIONSHIP() );
#14755 = ITEM_DEFINED_TRANSFORMATION('','',#11,#1543);
#14756 = PRODUCT_DEFINITION_SHAPE('Placement','Placement of an item',
  #14757);
#14757 = NEXT_ASSEMBLY_USAGE_OCCURRENCE('383','X4','',#5,#11956,$);
#14758 = CONTEXT_DEPENDENT_SHAPE_REPRESENTATION(#14759,#14761);
#14759 = ( REPRESENTATION_RELATIONSHIP('','',#7351,#10) 
REPRESENTATION_RELATIONSHIP_WITH_TRANSFORMATION(#14760) 
SHAPE_REPRESENTATION_RELATIONSHIP() );
#14760 = ITEM_DEFINED_TRANSFORMATION('','',#11,#1547);
#14761 = PRODUCT_DEFINITION_SHAPE('Placement','Placement of an item',
  #14762);
#14762 = NEXT_ASSEMBLY_USAGE_OCCURRENCE('384','R72','',#5,#7346,$);
#14763 = CONTEXT_DEPENDENT_SHAPE_REPRESENTATION(#14764,#14766);
#14764 = ( REPRESENTATION_RELATIONSHIP('','',#8175,#10) 
REPRESENTATION_RELATIONSHIP_WITH_TRANSFORMATION(#14765) 
SHAPE_REPRESENTATION_RELATIONSHIP() );
#14765 = ITEM_DEFINED_TRANSFORMATION('','',#11,#1551);
#14766 = PRODUCT_DEFINITION_SHAPE('Placement','Placement of an item',
  #14767);
#14767 = NEXT_ASSEMBLY_USAGE_OCCURRENCE('385','Q10','',#5,#8170,$);
#14768 = CONTEXT_DEPENDENT_SHAPE_REPRESENTATION(#14769,#14771);
#14769 = ( REPRESENTATION_RELATIONSHIP('','',#8175,#10) 
REPRESENTATION_RELATIONSHIP_WITH_TRANSFORMATION(#14770) 
SHAPE_REPRESENTATION_RELATIONSHIP() );
#14770 = ITEM_DEFINED_TRANSFORMATION('','',#11,#1555);
#14771 = PRODUCT_DEFINITION_SHAPE('Placement','Placement of an item',
  #14772);
#14772 = NEXT_ASSEMBLY_USAGE_OCCURRENCE('386','Q8','',#5,#8170,$);
#14773 = CONTEXT_DEPENDENT_SHAPE_REPRESENTATION(#14774,#14776);
#14774 = ( REPRESENTATION_RELATIONSHIP('','',#8175,#10) 
REPRESENTATION_RELATIONSHIP_WITH_TRANSFORMATION(#14775) 
SHAPE_REPRESENTATION_RELATIONSHIP() );
#14775 = ITEM_DEFINED_TRANSFORMATION('','',#11,#1559);
#14776 = PRODUCT_DEFINITION_SHAPE('Placement','Placement of an item',
  #14777);
#14777 = NEXT_ASSEMBLY_USAGE_OCCURRENCE('387','Q16','',#5,#8170,$);
#14778 = CONTEXT_DEPENDENT_SHAPE_REPRESENTATION(#14779,#14781);
#14779 = ( REPRESENTATION_RELATIONSHIP('','',#10823,#10) 
REPRESENTATION_RELATIONSHIP_WITH_TRANSFORMATION(#14780) 
SHAPE_REPRESENTATION_RELATIONSHIP() );
#14780 = ITEM_DEFINED_TRANSFORMATION('','',#11,#1563);
#14781 = PRODUCT_DEFINITION_SHAPE('Placement','Placement of an item',
  #14782);
#14782 = NEXT_ASSEMBLY_USAGE_OCCURRENCE('388','C7','',#5,#10818,$);
#14783 = CONTEXT_DEPENDENT_SHAPE_REPRESENTATION(#14784,#14786);
#14784 = ( REPRESENTATION_RELATIONSHIP('','',#10823,#10) 
REPRESENTATION_RELATIONSHIP_WITH_TRANSFORMATION(#14785) 
SHAPE_REPRESENTATION_RELATIONSHIP() );
#14785 = ITEM_DEFINED_TRANSFORMATION('','',#11,#1567);
#14786 = PRODUCT_DEFINITION_SHAPE('Placement','Placement of an item',
  #14787);
#14787 = NEXT_ASSEMBLY_USAGE_OCCURRENCE('389','C21','',#5,#10818,$);
#14788 = CONTEXT_DEPENDENT_SHAPE_REPRESENTATION(#14789,#14791);
#14789 = ( REPRESENTATION_RELATIONSHIP('','',#7351,#10) 
REPRESENTATION_RELATIONSHIP_WITH_TRANSFORMATION(#14790) 
SHAPE_REPRESENTATION_RELATIONSHIP() );
#14790 = ITEM_DEFINED_TRANSFORMATION('','',#11,#1571);
#14791 = PRODUCT_DEFINITION_SHAPE('Placement','Placement of an item',
  #14792);
#14792 = NEXT_ASSEMBLY_USAGE_OCCURRENCE('390','R79','',#5,#7346,$);
#14793 = CONTEXT_DEPENDENT_SHAPE_REPRESENTATION(#14794,#14796);
#14794 = ( REPRESENTATION_RELATIONSHIP('','',#10823,#10) 
REPRESENTATION_RELATIONSHIP_WITH_TRANSFORMATION(#14795) 
SHAPE_REPRESENTATION_RELATIONSHIP() );
#14795 = ITEM_DEFINED_TRANSFORMATION('','',#11,#1575);
#14796 = PRODUCT_DEFINITION_SHAPE('Placement','Placement of an item',
  #14797);
#14797 = NEXT_ASSEMBLY_USAGE_OCCURRENCE('391','C40','',#5,#10818,$);
#14798 = CONTEXT_DEPENDENT_SHAPE_REPRESENTATION(#14799,#14801);
#14799 = ( REPRESENTATION_RELATIONSHIP('','',#7351,#10) 
REPRESENTATION_RELATIONSHIP_WITH_TRANSFORMATION(#14800) 
SHAPE_REPRESENTATION_RELATIONSHIP() );
#14800 = ITEM_DEFINED_TRANSFORMATION('','',#11,#1579);
#14801 = PRODUCT_DEFINITION_SHAPE('Placement','Placement of an item',
  #14802);
#14802 = NEXT_ASSEMBLY_USAGE_OCCURRENCE('392','R52','',#5,#7346,$);
#14803 = CONTEXT_DEPENDENT_SHAPE_REPRESENTATION(#14804,#14806);
#14804 = ( REPRESENTATION_RELATIONSHIP('','',#7351,#10) 
REPRESENTATION_RELATIONSHIP_WITH_TRANSFORMATION(#14805) 
SHAPE_REPRESENTATION_RELATIONSHIP() );
#14805 = ITEM_DEFINED_TRANSFORMATION('','',#11,#1583);
#14806 = PRODUCT_DEFINITION_SHAPE('Placement','Placement of an item',
  #14807);
#14807 = NEXT_ASSEMBLY_USAGE_OCCURRENCE('393','R80','',#5,#7346,$);
#14808 = CONTEXT_DEPENDENT_SHAPE_REPRESENTATION(#14809,#14811);
#14809 = ( REPRESENTATION_RELATIONSHIP('','',#8175,#10) 
REPRESENTATION_RELATIONSHIP_WITH_TRANSFORMATION(#14810) 
SHAPE_REPRESENTATION_RELATIONSHIP() );
#14810 = ITEM_DEFINED_TRANSFORMATION('','',#11,#1587);
#14811 = PRODUCT_DEFINITION_SHAPE('Placement','Placement of an item',
  #14812);
#14812 = NEXT_ASSEMBLY_USAGE_OCCURRENCE('394','Q13','',#5,#8170,$);
#14813 = CONTEXT_DEPENDENT_SHAPE_REPRESENTATION(#14814,#14816);
#14814 = ( REPRESENTATION_RELATIONSHIP('','',#7351,#10) 
REPRESENTATION_RELATIONSHIP_WITH_TRANSFORMATION(#14815) 
SHAPE_REPRESENTATION_RELATIONSHIP() );
#14815 = ITEM_DEFINED_TRANSFORMATION('','',#11,#1591);
#14816 = PRODUCT_DEFINITION_SHAPE('Placement','Placement of an item',
  #14817);
#14817 = NEXT_ASSEMBLY_USAGE_OCCURRENCE('395','R84','',#5,#7346,$);
#14818 = CONTEXT_DEPENDENT_SHAPE_REPRESENTATION(#14819,#14821);
#14819 = ( REPRESENTATION_RELATIONSHIP('','',#10823,#10) 
REPRESENTATION_RELATIONSHIP_WITH_TRANSFORMATION(#14820) 
SHAPE_REPRESENTATION_RELATIONSHIP() );
#14820 = ITEM_DEFINED_TRANSFORMATION('','',#11,#1595);
#14821 = PRODUCT_DEFINITION_SHAPE('Placement','Placement of an item',
  #14822);
#14822 = NEXT_ASSEMBLY_USAGE_OCCURRENCE('396','C23','',#5,#10818,$);
#14823 = CONTEXT_DEPENDENT_SHAPE_REPRESENTATION(#14824,#14826);
#14824 = ( REPRESENTATION_RELATIONSHIP('','',#10823,#10) 
REPRESENTATION_RELATIONSHIP_WITH_TRANSFORMATION(#14825) 
SHAPE_REPRESENTATION_RELATIONSHIP() );
#14825 = ITEM_DEFINED_TRANSFORMATION('','',#11,#1599);
#14826 = PRODUCT_DEFINITION_SHAPE('Placement','Placement of an item',
  #14827);
#14827 = NEXT_ASSEMBLY_USAGE_OCCURRENCE('397','C29','',#5,#10818,$);
#14828 = CONTEXT_DEPENDENT_SHAPE_REPRESENTATION(#14829,#14831);
#14829 = ( REPRESENTATION_RELATIONSHIP('','',#11961,#10) 
REPRESENTATION_RELATIONSHIP_WITH_TRANSFORMATION(#14830) 
SHAPE_REPRESENTATION_RELATIONSHIP() );
#14830 = ITEM_DEFINED_TRANSFORMATION('','',#11,#1603);
#14831 = PRODUCT_DEFINITION_SHAPE('Placement','Placement of an item',
  #14832);
#14832 = NEXT_ASSEMBLY_USAGE_OCCURRENCE('398','X1','',#5,#11956,$);
#14833 = CONTEXT_DEPENDENT_SHAPE_REPRESENTATION(#14834,#14836);
#14834 = ( REPRESENTATION_RELATIONSHIP('','',#7351,#10) 
REPRESENTATION_RELATIONSHIP_WITH_TRANSFORMATION(#14835) 
SHAPE_REPRESENTATION_RELATIONSHIP() );
#14835 = ITEM_DEFINED_TRANSFORMATION('','',#11,#1607);
#14836 = PRODUCT_DEFINITION_SHAPE('Placement','Placement of an item',
  #14837);
#14837 = NEXT_ASSEMBLY_USAGE_OCCURRENCE('399','R91','',#5,#7346,$);
#14838 = CONTEXT_DEPENDENT_SHAPE_REPRESENTATION(#14839,#14841);
#14839 = ( REPRESENTATION_RELATIONSHIP('','',#7351,#10) 
REPRESENTATION_RELATIONSHIP_WITH_TRANSFORMATION(#14840) 
SHAPE_REPRESENTATION_RELATIONSHIP() );
#14840 = ITEM_DEFINED_TRANSFORMATION('','',#11,#1611);
#14841 = PRODUCT_DEFINITION_SHAPE('Placement','Placement of an item',
  #14842);
#14842 = NEXT_ASSEMBLY_USAGE_OCCURRENCE('400','R49','',#5,#7346,$);
#14843 = CONTEXT_DEPENDENT_SHAPE_REPRESENTATION(#14844,#14846);
#14844 = ( REPRESENTATION_RELATIONSHIP('','',#7351,#10) 
REPRESENTATION_RELATIONSHIP_WITH_TRANSFORMATION(#14845) 
SHAPE_REPRESENTATION_RELATIONSHIP() );
#14845 = ITEM_DEFINED_TRANSFORMATION('','',#11,#1615);
#14846 = PRODUCT_DEFINITION_SHAPE('Placement','Placement of an item',
  #14847);
#14847 = NEXT_ASSEMBLY_USAGE_OCCURRENCE('401','R31','',#5,#7346,$);
#14848 = CONTEXT_DEPENDENT_SHAPE_REPRESENTATION(#14849,#14851);
#14849 = ( REPRESENTATION_RELATIONSHIP('','',#7351,#10) 
REPRESENTATION_RELATIONSHIP_WITH_TRANSFORMATION(#14850) 
SHAPE_REPRESENTATION_RELATIONSHIP() );
#14850 = ITEM_DEFINED_TRANSFORMATION('','',#11,#1619);
#14851 = PRODUCT_DEFINITION_SHAPE('Placement','Placement of an item',
  #14852);
#14852 = NEXT_ASSEMBLY_USAGE_OCCURRENCE('402','R59','',#5,#7346,$);
#14853 = CONTEXT_DEPENDENT_SHAPE_REPRESENTATION(#14854,#14856);
#14854 = ( REPRESENTATION_RELATIONSHIP('','',#7351,#10) 
REPRESENTATION_RELATIONSHIP_WITH_TRANSFORMATION(#14855) 
SHAPE_REPRESENTATION_RELATIONSHIP() );
#14855 = ITEM_DEFINED_TRANSFORMATION('','',#11,#1623);
#14856 = PRODUCT_DEFINITION_SHAPE('Placement','Placement of an item',
  #14857);
#14857 = NEXT_ASSEMBLY_USAGE_OCCURRENCE('403','R67','',#5,#7346,$);
#14858 = CONTEXT_DEPENDENT_SHAPE_REPRESENTATION(#14859,#14861);
#14859 = ( REPRESENTATION_RELATIONSHIP('','',#7351,#10) 
REPRESENTATION_RELATIONSHIP_WITH_TRANSFORMATION(#14860) 
SHAPE_REPRESENTATION_RELATIONSHIP() );
#14860 = ITEM_DEFINED_TRANSFORMATION('','',#11,#1627);
#14861 = PRODUCT_DEFINITION_SHAPE('Placement','Placement of an item',
  #14862);
#14862 = NEXT_ASSEMBLY_USAGE_OCCURRENCE('404','R82','',#5,#7346,$);
#14863 = CONTEXT_DEPENDENT_SHAPE_REPRESENTATION(#14864,#14866);
#14864 = ( REPRESENTATION_RELATIONSHIP('','',#10823,#10) 
REPRESENTATION_RELATIONSHIP_WITH_TRANSFORMATION(#14865) 
SHAPE_REPRESENTATION_RELATIONSHIP() );
#14865 = ITEM_DEFINED_TRANSFORMATION('','',#11,#1631);
#14866 = PRODUCT_DEFINITION_SHAPE('Placement','Placement of an item',
  #14867);
#14867 = NEXT_ASSEMBLY_USAGE_OCCURRENCE('405','C19','',#5,#10818,$);
#14868 = CONTEXT_DEPENDENT_SHAPE_REPRESENTATION(#14869,#14871);
#14869 = ( REPRESENTATION_RELATIONSHIP('','',#10823,#10) 
REPRESENTATION_RELATIONSHIP_WITH_TRANSFORMATION(#14870) 
SHAPE_REPRESENTATION_RELATIONSHIP() );
#14870 = ITEM_DEFINED_TRANSFORMATION('','',#11,#1635);
#14871 = PRODUCT_DEFINITION_SHAPE('Placement','Placement of an item',
  #14872);
#14872 = NEXT_ASSEMBLY_USAGE_OCCURRENCE('406','C34','',#5,#10818,$);
#14873 = CONTEXT_DEPENDENT_SHAPE_REPRESENTATION(#14874,#14876);
#14874 = ( REPRESENTATION_RELATIONSHIP('','',#7351,#10) 
REPRESENTATION_RELATIONSHIP_WITH_TRANSFORMATION(#14875) 
SHAPE_REPRESENTATION_RELATIONSHIP() );
#14875 = ITEM_DEFINED_TRANSFORMATION('','',#11,#1639);
#14876 = PRODUCT_DEFINITION_SHAPE('Placement','Placement of an item',
  #14877);
#14877 = NEXT_ASSEMBLY_USAGE_OCCURRENCE('407','R51','',#5,#7346,$);
#14878 = CONTEXT_DEPENDENT_SHAPE_REPRESENTATION(#14879,#14881);
#14879 = ( REPRESENTATION_RELATIONSHIP('','',#7351,#10) 
REPRESENTATION_RELATIONSHIP_WITH_TRANSFORMATION(#14880) 
SHAPE_REPRESENTATION_RELATIONSHIP() );
#14880 = ITEM_DEFINED_TRANSFORMATION('','',#11,#1643);
#14881 = PRODUCT_DEFINITION_SHAPE('Placement','Placement of an item',
  #14882);
#14882 = NEXT_ASSEMBLY_USAGE_OCCURRENCE('408','R54','',#5,#7346,$);
#14883 = CONTEXT_DEPENDENT_SHAPE_REPRESENTATION(#14884,#14886);
#14884 = ( REPRESENTATION_RELATIONSHIP('','',#7351,#10) 
REPRESENTATION_RELATIONSHIP_WITH_TRANSFORMATION(#14885) 
SHAPE_REPRESENTATION_RELATIONSHIP() );
#14885 = ITEM_DEFINED_TRANSFORMATION('','',#11,#1647);
#14886 = PRODUCT_DEFINITION_SHAPE('Placement','Placement of an item',
  #14887);
#14887 = NEXT_ASSEMBLY_USAGE_OCCURRENCE('409','R89','',#5,#7346,$);
#14888 = CONTEXT_DEPENDENT_SHAPE_REPRESENTATION(#14889,#14891);
#14889 = ( REPRESENTATION_RELATIONSHIP('','',#10823,#10) 
REPRESENTATION_RELATIONSHIP_WITH_TRANSFORMATION(#14890) 
SHAPE_REPRESENTATION_RELATIONSHIP() );
#14890 = ITEM_DEFINED_TRANSFORMATION('','',#11,#1651);
#14891 = PRODUCT_DEFINITION_SHAPE('Placement','Placement of an item',
  #14892);
#14892 = NEXT_ASSEMBLY_USAGE_OCCURRENCE('410','C35','',#5,#10818,$);
#14893 = CONTEXT_DEPENDENT_SHAPE_REPRESENTATION(#14894,#14896);
#14894 = ( REPRESENTATION_RELATIONSHIP('','',#7351,#10) 
REPRESENTATION_RELATIONSHIP_WITH_TRANSFORMATION(#14895) 
SHAPE_REPRESENTATION_RELATIONSHIP() );
#14895 = ITEM_DEFINED_TRANSFORMATION('','',#11,#1655);
#14896 = PRODUCT_DEFINITION_SHAPE('Placement','Placement of an item',
  #14897);
#14897 = NEXT_ASSEMBLY_USAGE_OCCURRENCE('411','R55','',#5,#7346,$);
#14898 = CONTEXT_DEPENDENT_SHAPE_REPRESENTATION(#14899,#14901);
#14899 = ( REPRESENTATION_RELATIONSHIP('','',#8175,#10) 
REPRESENTATION_RELATIONSHIP_WITH_TRANSFORMATION(#14900) 
SHAPE_REPRESENTATION_RELATIONSHIP() );
#14900 = ITEM_DEFINED_TRANSFORMATION('','',#11,#1659);
#14901 = PRODUCT_DEFINITION_SHAPE('Placement','Placement of an item',
  #14902);
#14902 = NEXT_ASSEMBLY_USAGE_OCCURRENCE('412','Q7','',#5,#8170,$);
#14903 = CONTEXT_DEPENDENT_SHAPE_REPRESENTATION(#14904,#14906);
#14904 = ( REPRESENTATION_RELATIONSHIP('','',#7351,#10) 
REPRESENTATION_RELATIONSHIP_WITH_TRANSFORMATION(#14905) 
SHAPE_REPRESENTATION_RELATIONSHIP() );
#14905 = ITEM_DEFINED_TRANSFORMATION('','',#11,#1663);
#14906 = PRODUCT_DEFINITION_SHAPE('Placement','Placement of an item',
  #14907);
#14907 = NEXT_ASSEMBLY_USAGE_OCCURRENCE('413','R70','',#5,#7346,$);
#14908 = CONTEXT_DEPENDENT_SHAPE_REPRESENTATION(#14909,#14911);
#14909 = ( REPRESENTATION_RELATIONSHIP('','',#7351,#10) 
REPRESENTATION_RELATIONSHIP_WITH_TRANSFORMATION(#14910) 
SHAPE_REPRESENTATION_RELATIONSHIP() );
#14910 = ITEM_DEFINED_TRANSFORMATION('','',#11,#1667);
#14911 = PRODUCT_DEFINITION_SHAPE('Placement','Placement of an item',
  #14912);
#14912 = NEXT_ASSEMBLY_USAGE_OCCURRENCE('414','R93','',#5,#7346,$);
#14913 = CONTEXT_DEPENDENT_SHAPE_REPRESENTATION(#14914,#14916);
#14914 = ( REPRESENTATION_RELATIONSHIP('','',#7351,#10) 
REPRESENTATION_RELATIONSHIP_WITH_TRANSFORMATION(#14915) 
SHAPE_REPRESENTATION_RELATIONSHIP() );
#14915 = ITEM_DEFINED_TRANSFORMATION('','',#11,#1671);
#14916 = PRODUCT_DEFINITION_SHAPE('Placement','Placement of an item',
  #14917);
#14917 = NEXT_ASSEMBLY_USAGE_OCCURRENCE('415','R78','',#5,#7346,$);
#14918 = CONTEXT_DEPENDENT_SHAPE_REPRESENTATION(#14919,#14921);
#14919 = ( REPRESENTATION_RELATIONSHIP('','',#7351,#10) 
REPRESENTATION_RELATIONSHIP_WITH_TRANSFORMATION(#14920) 
SHAPE_REPRESENTATION_RELATIONSHIP() );
#14920 = ITEM_DEFINED_TRANSFORMATION('','',#11,#1675);
#14921 = PRODUCT_DEFINITION_SHAPE('Placement','Placement of an item',
  #14922);
#14922 = NEXT_ASSEMBLY_USAGE_OCCURRENCE('416','R8','',#5,#7346,$);
#14923 = CONTEXT_DEPENDENT_SHAPE_REPRESENTATION(#14924,#14926);
#14924 = ( REPRESENTATION_RELATIONSHIP('','',#7351,#10) 
REPRESENTATION_RELATIONSHIP_WITH_TRANSFORMATION(#14925) 
SHAPE_REPRESENTATION_RELATIONSHIP() );
#14925 = ITEM_DEFINED_TRANSFORMATION('','',#11,#1679);
#14926 = PRODUCT_DEFINITION_SHAPE('Placement','Placement of an item',
  #14927);
#14927 = NEXT_ASSEMBLY_USAGE_OCCURRENCE('417','R7','',#5,#7346,$);
#14928 = CONTEXT_DEPENDENT_SHAPE_REPRESENTATION(#14929,#14931);
#14929 = ( REPRESENTATION_RELATIONSHIP('','',#10823,#10) 
REPRESENTATION_RELATIONSHIP_WITH_TRANSFORMATION(#14930) 
SHAPE_REPRESENTATION_RELATIONSHIP() );
#14930 = ITEM_DEFINED_TRANSFORMATION('','',#11,#1683);
#14931 = PRODUCT_DEFINITION_SHAPE('Placement','Placement of an item',
  #14932);
#14932 = NEXT_ASSEMBLY_USAGE_OCCURRENCE('418','C38','',#5,#10818,$);
#14933 = CONTEXT_DEPENDENT_SHAPE_REPRESENTATION(#14934,#14936);
#14934 = ( REPRESENTATION_RELATIONSHIP('','',#7351,#10) 
REPRESENTATION_RELATIONSHIP_WITH_TRANSFORMATION(#14935) 
SHAPE_REPRESENTATION_RELATIONSHIP() );
#14935 = ITEM_DEFINED_TRANSFORMATION('','',#11,#1687);
#14936 = PRODUCT_DEFINITION_SHAPE('Placement','Placement of an item',
  #14937);
#14937 = NEXT_ASSEMBLY_USAGE_OCCURRENCE('419','R71','',#5,#7346,$);
#14938 = CONTEXT_DEPENDENT_SHAPE_REPRESENTATION(#14939,#14941);
#14939 = ( REPRESENTATION_RELATIONSHIP('','',#10823,#10) 
REPRESENTATION_RELATIONSHIP_WITH_TRANSFORMATION(#14940) 
SHAPE_REPRESENTATION_RELATIONSHIP() );
#14940 = ITEM_DEFINED_TRANSFORMATION('','',#11,#1691);
#14941 = PRODUCT_DEFINITION_SHAPE('Placement','Placement of an item',
  #14942);
#14942 = NEXT_ASSEMBLY_USAGE_OCCURRENCE('420','C31','',#5,#10818,$);
#14943 = SHAPE_DEFINITION_REPRESENTATION(#14944,#14950);
#14944 = PRODUCT_DEFINITION_SHAPE('','',#14945);
#14945 = PRODUCT_DEFINITION('design','',#14946,#14949);
#14946 = PRODUCT_DEFINITION_FORMATION('','',#14947);
#14947 = PRODUCT('driver_40mm_atmega_PCB','driver_40mm_atmega_PCB','',(
    #14948));
#14948 = PRODUCT_CONTEXT('',#2,'mechanical');
#14949 = PRODUCT_DEFINITION_CONTEXT('part definition',#2,'design');
#14950 = ADVANCED_BREP_SHAPE_REPRESENTATION('',(#11,#14951),#15101);
#14951 = MANIFOLD_SOLID_BREP('',#14952);
#14952 = CLOSED_SHELL('',(#14953,#14993,#15024,#15055,#15077,#15089));
#14953 = ADVANCED_FACE('',(#14954),#14988,.T.);
#14954 = FACE_BOUND('',#14955,.T.);
#14955 = EDGE_LOOP('',(#14956,#14966,#14974,#14982));
#14956 = ORIENTED_EDGE('',*,*,#14957,.T.);
#14957 = EDGE_CURVE('',#14958,#14960,#14962,.T.);
#14958 = VERTEX_POINT('',#14959);
#14959 = CARTESIAN_POINT('',(90.2,-90.2,0.));
#14960 = VERTEX_POINT('',#14961);
#14961 = CARTESIAN_POINT('',(90.2,-90.2,1.51));
#14962 = LINE('',#14963,#14964);
#14963 = CARTESIAN_POINT('',(90.2,-90.2,0.));
#14964 = VECTOR('',#14965,1.);
#14965 = DIRECTION('',(0.,0.,1.));
#14966 = ORIENTED_EDGE('',*,*,#14967,.T.);
#14967 = EDGE_CURVE('',#14960,#14968,#14970,.T.);
#14968 = VERTEX_POINT('',#14969);
#14969 = CARTESIAN_POINT('',(49.8,-90.2,1.51));
#14970 = LINE('',#14971,#14972);
#14971 = CARTESIAN_POINT('',(90.2,-90.2,1.51));
#14972 = VECTOR('',#14973,1.);
#14973 = DIRECTION('',(-1.,0.,0.));
#14974 = ORIENTED_EDGE('',*,*,#14975,.F.);
#14975 = EDGE_CURVE('',#14976,#14968,#14978,.T.);
#14976 = VERTEX_POINT('',#14977);
#14977 = CARTESIAN_POINT('',(49.8,-90.2,0.));
#14978 = LINE('',#14979,#14980);
#14979 = CARTESIAN_POINT('',(49.8,-90.2,0.));
#14980 = VECTOR('',#14981,1.);
#14981 = DIRECTION('',(0.,0.,1.));
#14982 = ORIENTED_EDGE('',*,*,#14983,.F.);
#14983 = EDGE_CURVE('',#14958,#14976,#14984,.T.);
#14984 = LINE('',#14985,#14986);
#14985 = CARTESIAN_POINT('',(90.2,-90.2,0.));
#14986 = VECTOR('',#14987,1.);
#14987 = DIRECTION('',(-1.,0.,0.));
#14988 = PLANE('',#14989);
#14989 = AXIS2_PLACEMENT_3D('',#14990,#14991,#14992);
#14990 = CARTESIAN_POINT('',(90.2,-90.2,0.));
#14991 = DIRECTION('',(0.,-1.,0.));
#14992 = DIRECTION('',(-1.,0.,0.));
#14993 = ADVANCED_FACE('',(#14994),#15019,.T.);
#14994 = FACE_BOUND('',#14995,.T.);
#14995 = EDGE_LOOP('',(#14996,#14997,#15005,#15013));
#14996 = ORIENTED_EDGE('',*,*,#14975,.T.);
#14997 = ORIENTED_EDGE('',*,*,#14998,.T.);
#14998 = EDGE_CURVE('',#14968,#14999,#15001,.T.);
#14999 = VERTEX_POINT('',#15000);
#15000 = CARTESIAN_POINT('',(49.8,-49.8,1.51));
#15001 = LINE('',#15002,#15003);
#15002 = CARTESIAN_POINT('',(49.8,-90.2,1.51));
#15003 = VECTOR('',#15004,1.);
#15004 = DIRECTION('',(0.,1.,0.));
#15005 = ORIENTED_EDGE('',*,*,#15006,.F.);
#15006 = EDGE_CURVE('',#15007,#14999,#15009,.T.);
#15007 = VERTEX_POINT('',#15008);
#15008 = CARTESIAN_POINT('',(49.8,-49.8,0.));
#15009 = LINE('',#15010,#15011);
#15010 = CARTESIAN_POINT('',(49.8,-49.8,0.));
#15011 = VECTOR('',#15012,1.);
#15012 = DIRECTION('',(0.,0.,1.));
#15013 = ORIENTED_EDGE('',*,*,#15014,.F.);
#15014 = EDGE_CURVE('',#14976,#15007,#15015,.T.);
#15015 = LINE('',#15016,#15017);
#15016 = CARTESIAN_POINT('',(49.8,-90.2,0.));
#15017 = VECTOR('',#15018,1.);
#15018 = DIRECTION('',(0.,1.,0.));
#15019 = PLANE('',#15020);
#15020 = AXIS2_PLACEMENT_3D('',#15021,#15022,#15023);
#15021 = CARTESIAN_POINT('',(49.8,-90.2,0.));
#15022 = DIRECTION('',(-1.,0.,0.));
#15023 = DIRECTION('',(0.,1.,0.));
#15024 = ADVANCED_FACE('',(#15025),#15050,.T.);
#15025 = FACE_BOUND('',#15026,.T.);
#15026 = EDGE_LOOP('',(#15027,#15028,#15036,#15044));
#15027 = ORIENTED_EDGE('',*,*,#15006,.T.);
#15028 = ORIENTED_EDGE('',*,*,#15029,.T.);
#15029 = EDGE_CURVE('',#14999,#15030,#15032,.T.);
#15030 = VERTEX_POINT('',#15031);
#15031 = CARTESIAN_POINT('',(90.2,-49.8,1.51));
#15032 = LINE('',#15033,#15034);
#15033 = CARTESIAN_POINT('',(49.8,-49.8,1.51));
#15034 = VECTOR('',#15035,1.);
#15035 = DIRECTION('',(1.,0.,0.));
#15036 = ORIENTED_EDGE('',*,*,#15037,.F.);
#15037 = EDGE_CURVE('',#15038,#15030,#15040,.T.);
#15038 = VERTEX_POINT('',#15039);
#15039 = CARTESIAN_POINT('',(90.2,-49.8,0.));
#15040 = LINE('',#15041,#15042);
#15041 = CARTESIAN_POINT('',(90.2,-49.8,0.));
#15042 = VECTOR('',#15043,1.);
#15043 = DIRECTION('',(0.,0.,1.));
#15044 = ORIENTED_EDGE('',*,*,#15045,.F.);
#15045 = EDGE_CURVE('',#15007,#15038,#15046,.T.);
#15046 = LINE('',#15047,#15048);
#15047 = CARTESIAN_POINT('',(49.8,-49.8,0.));
#15048 = VECTOR('',#15049,1.);
#15049 = DIRECTION('',(1.,0.,0.));
#15050 = PLANE('',#15051);
#15051 = AXIS2_PLACEMENT_3D('',#15052,#15053,#15054);
#15052 = CARTESIAN_POINT('',(49.8,-49.8,0.));
#15053 = DIRECTION('',(0.,1.,0.));
#15054 = DIRECTION('',(1.,0.,0.));
#15055 = ADVANCED_FACE('',(#15056),#15072,.T.);
#15056 = FACE_BOUND('',#15057,.T.);
#15057 = EDGE_LOOP('',(#15058,#15059,#15065,#15066));
#15058 = ORIENTED_EDGE('',*,*,#15037,.T.);
#15059 = ORIENTED_EDGE('',*,*,#15060,.T.);
#15060 = EDGE_CURVE('',#15030,#14960,#15061,.T.);
#15061 = LINE('',#15062,#15063);
#15062 = CARTESIAN_POINT('',(90.2,-49.8,1.51));
#15063 = VECTOR('',#15064,1.);
#15064 = DIRECTION('',(0.,-1.,0.));
#15065 = ORIENTED_EDGE('',*,*,#14957,.F.);
#15066 = ORIENTED_EDGE('',*,*,#15067,.F.);
#15067 = EDGE_CURVE('',#15038,#14958,#15068,.T.);
#15068 = LINE('',#15069,#15070);
#15069 = CARTESIAN_POINT('',(90.2,-49.8,0.));
#15070 = VECTOR('',#15071,1.);
#15071 = DIRECTION('',(0.,-1.,0.));
#15072 = PLANE('',#15073);
#15073 = AXIS2_PLACEMENT_3D('',#15074,#15075,#15076);
#15074 = CARTESIAN_POINT('',(90.2,-49.8,0.));
#15075 = DIRECTION('',(1.,0.,-0.));
#15076 = DIRECTION('',(0.,-1.,0.));
#15077 = ADVANCED_FACE('',(#15078),#15084,.F.);
#15078 = FACE_BOUND('',#15079,.T.);
#15079 = EDGE_LOOP('',(#15080,#15081,#15082,#15083));
#15080 = ORIENTED_EDGE('',*,*,#14983,.T.);
#15081 = ORIENTED_EDGE('',*,*,#15014,.T.);
#15082 = ORIENTED_EDGE('',*,*,#15045,.T.);
#15083 = ORIENTED_EDGE('',*,*,#15067,.T.);
#15084 = PLANE('',#15085);
#15085 = AXIS2_PLACEMENT_3D('',#15086,#15087,#15088);
#15086 = CARTESIAN_POINT('',(0.,0.,0.));
#15087 = DIRECTION('',(0.,0.,1.));
#15088 = DIRECTION('',(1.,0.,-0.));
#15089 = ADVANCED_FACE('',(#15090),#15096,.T.);
#15090 = FACE_BOUND('',#15091,.F.);
#15091 = EDGE_LOOP('',(#15092,#15093,#15094,#15095));
#15092 = ORIENTED_EDGE('',*,*,#14967,.T.);
#15093 = ORIENTED_EDGE('',*,*,#14998,.T.);
#15094 = ORIENTED_EDGE('',*,*,#15029,.T.);
#15095 = ORIENTED_EDGE('',*,*,#15060,.T.);
#15096 = PLANE('',#15097);
#15097 = AXIS2_PLACEMENT_3D('',#15098,#15099,#15100);
#15098 = CARTESIAN_POINT('',(0.,0.,1.51));
#15099 = DIRECTION('',(0.,0.,1.));
#15100 = DIRECTION('',(1.,0.,-0.));
#15101 = ( GEOMETRIC_REPRESENTATION_CONTEXT(3) 
GLOBAL_UNCERTAINTY_ASSIGNED_CONTEXT((#15105)) 
GLOBAL_UNIT_ASSIGNED_CONTEXT((#15102,#15103,#15104)) 
REPRESENTATION_CONTEXT('Context #1',
  '3D Context with UNIT and UNCERTAINTY') );
#15102 = ( LENGTH_UNIT() NAMED_UNIT(*) SI_UNIT(.MILLI.,.METRE.) );
#15103 = ( NAMED_UNIT(*) PLANE_ANGLE_UNIT() SI_UNIT($,.RADIAN.) );
#15104 = ( NAMED_UNIT(*) SI_UNIT($,.STERADIAN.) SOLID_ANGLE_UNIT() );
#15105 = UNCERTAINTY_MEASURE_WITH_UNIT(LENGTH_MEASURE(1.E-07),#15102,
  'distance_accuracy_value','confusion accuracy');
#15106 = CONTEXT_DEPENDENT_SHAPE_REPRESENTATION(#15107,#15109);
#15107 = ( REPRESENTATION_RELATIONSHIP('','',#14950,#10) 
REPRESENTATION_RELATIONSHIP_WITH_TRANSFORMATION(#15108) 
SHAPE_REPRESENTATION_RELATIONSHIP() );
#15108 = ITEM_DEFINED_TRANSFORMATION('','',#11,#1695);
#15109 = PRODUCT_DEFINITION_SHAPE('Placement','Placement of an item',
  #15110);
#15110 = NEXT_ASSEMBLY_USAGE_OCCURRENCE('421','=>[0:1:1:8]','',#5,#14945
  ,$);
#15111 = PRODUCT_RELATED_PRODUCT_CATEGORY('part',$,(#14947));
#15112 = MECHANICAL_DESIGN_GEOMETRIC_PRESENTATION_REPRESENTATION('',(
    #15113,#15121,#15128,#15135,#15142,#15149,#15156,#15163,#15170,
    #15177,#15184,#15191,#15198,#15205,#15212,#15219,#15226,#15234,
    #15241,#15248,#15255,#15262,#15269,#15276,#15283,#15290,#15297,
    #15304,#15311,#15318,#15325,#15332,#15339,#15346,#15353,#15360,
    #15367,#15374,#15381,#15388,#15395,#15402,#15409,#15416,#15423,
    #15430,#15437,#15444,#15451,#15458,#15465,#15472,#15479,#15486,
    #15493,#15500,#15507,#15514,#15521,#15528,#15535,#15542,#15549,
    #15556,#15563,#15570,#15577,#15584,#15591,#15598,#15605,#15612,
    #15619,#15626,#15633,#15640,#15647,#15654,#15661,#15668,#15675,
    #15682,#15689,#15696,#15703,#15710,#15717,#15724,#15731,#15738,
    #15745,#15752,#15759,#15766,#15773,#15780,#15787,#15794,#15801,
    #15808),#7318);
#15113 = STYLED_ITEM('color',(#15114),#4532);
#15114 = PRESENTATION_STYLE_ASSIGNMENT((#15115));
#15115 = SURFACE_STYLE_USAGE(.BOTH.,#15116);
#15116 = SURFACE_SIDE_STYLE('',(#15117));
#15117 = SURFACE_STYLE_FILL_AREA(#15118);
#15118 = FILL_AREA_STYLE('',(#15119));
#15119 = FILL_AREA_STYLE_COLOUR('',#15120);
#15120 = COLOUR_RGB('',0.147999998088,0.144999993226,0.144999993226);
#15121 = STYLED_ITEM('color',(#15122),#4572);
#15122 = PRESENTATION_STYLE_ASSIGNMENT((#15123));
#15123 = SURFACE_STYLE_USAGE(.BOTH.,#15124);
#15124 = SURFACE_SIDE_STYLE('',(#15125));
#15125 = SURFACE_STYLE_FILL_AREA(#15126);
#15126 = FILL_AREA_STYLE('',(#15127));
#15127 = FILL_AREA_STYLE_COLOUR('',#15120);
#15128 = STYLED_ITEM('color',(#15129),#4603);
#15129 = PRESENTATION_STYLE_ASSIGNMENT((#15130));
#15130 = SURFACE_STYLE_USAGE(.BOTH.,#15131);
#15131 = SURFACE_SIDE_STYLE('',(#15132));
#15132 = SURFACE_STYLE_FILL_AREA(#15133);
#15133 = FILL_AREA_STYLE('',(#15134));
#15134 = FILL_AREA_STYLE_COLOUR('',#15120);
#15135 = STYLED_ITEM('color',(#15136),#4634);
#15136 = PRESENTATION_STYLE_ASSIGNMENT((#15137));
#15137 = SURFACE_STYLE_USAGE(.BOTH.,#15138);
#15138 = SURFACE_SIDE_STYLE('',(#15139));
#15139 = SURFACE_STYLE_FILL_AREA(#15140);
#15140 = FILL_AREA_STYLE('',(#15141));
#15141 = FILL_AREA_STYLE_COLOUR('',#15120);
#15142 = STYLED_ITEM('color',(#15143),#4867);
#15143 = PRESENTATION_STYLE_ASSIGNMENT((#15144));
#15144 = SURFACE_STYLE_USAGE(.BOTH.,#15145);
#15145 = SURFACE_SIDE_STYLE('',(#15146));
#15146 = SURFACE_STYLE_FILL_AREA(#15147);
#15147 = FILL_AREA_STYLE('',(#15148));
#15148 = FILL_AREA_STYLE_COLOUR('',#15120);
#15149 = STYLED_ITEM('color',(#15150),#5100);
#15150 = PRESENTATION_STYLE_ASSIGNMENT((#15151));
#15151 = SURFACE_STYLE_USAGE(.BOTH.,#15152);
#15152 = SURFACE_SIDE_STYLE('',(#15153));
#15153 = SURFACE_STYLE_FILL_AREA(#15154);
#15154 = FILL_AREA_STYLE('',(#15155));
#15155 = FILL_AREA_STYLE_COLOUR('',#15120);
#15156 = STYLED_ITEM('color',(#15157),#5117);
#15157 = PRESENTATION_STYLE_ASSIGNMENT((#15158));
#15158 = SURFACE_STYLE_USAGE(.BOTH.,#15159);
#15159 = SURFACE_SIDE_STYLE('',(#15160));
#15160 = SURFACE_STYLE_FILL_AREA(#15161);
#15161 = FILL_AREA_STYLE('',(#15162));
#15162 = FILL_AREA_STYLE_COLOUR('',#15120);
#15163 = STYLED_ITEM('color',(#15164),#5134);
#15164 = PRESENTATION_STYLE_ASSIGNMENT((#15165));
#15165 = SURFACE_STYLE_USAGE(.BOTH.,#15166);
#15166 = SURFACE_SIDE_STYLE('',(#15167));
#15167 = SURFACE_STYLE_FILL_AREA(#15168);
#15168 = FILL_AREA_STYLE('',(#15169));
#15169 = FILL_AREA_STYLE_COLOUR('',#15120);
#15170 = STYLED_ITEM('color',(#15171),#5151);
#15171 = PRESENTATION_STYLE_ASSIGNMENT((#15172));
#15172 = SURFACE_STYLE_USAGE(.BOTH.,#15173);
#15173 = SURFACE_SIDE_STYLE('',(#15174));
#15174 = SURFACE_STYLE_FILL_AREA(#15175);
#15175 = FILL_AREA_STYLE('',(#15176));
#15176 = FILL_AREA_STYLE_COLOUR('',#15120);
#15177 = STYLED_ITEM('color',(#15178),#5168);
#15178 = PRESENTATION_STYLE_ASSIGNMENT((#15179));
#15179 = SURFACE_STYLE_USAGE(.BOTH.,#15180);
#15180 = SURFACE_SIDE_STYLE('',(#15181));
#15181 = SURFACE_STYLE_FILL_AREA(#15182);
#15182 = FILL_AREA_STYLE('',(#15183));
#15183 = FILL_AREA_STYLE_COLOUR('',#15120);
#15184 = STYLED_ITEM('color',(#15185),#5185);
#15185 = PRESENTATION_STYLE_ASSIGNMENT((#15186));
#15186 = SURFACE_STYLE_USAGE(.BOTH.,#15187);
#15187 = SURFACE_SIDE_STYLE('',(#15188));
#15188 = SURFACE_STYLE_FILL_AREA(#15189);
#15189 = FILL_AREA_STYLE('',(#15190));
#15190 = FILL_AREA_STYLE_COLOUR('',#15120);
#15191 = STYLED_ITEM('color',(#15192),#5202);
#15192 = PRESENTATION_STYLE_ASSIGNMENT((#15193));
#15193 = SURFACE_STYLE_USAGE(.BOTH.,#15194);
#15194 = SURFACE_SIDE_STYLE('',(#15195));
#15195 = SURFACE_STYLE_FILL_AREA(#15196);
#15196 = FILL_AREA_STYLE('',(#15197));
#15197 = FILL_AREA_STYLE_COLOUR('',#15120);
#15198 = STYLED_ITEM('color',(#15199),#5219);
#15199 = PRESENTATION_STYLE_ASSIGNMENT((#15200));
#15200 = SURFACE_STYLE_USAGE(.BOTH.,#15201);
#15201 = SURFACE_SIDE_STYLE('',(#15202));
#15202 = SURFACE_STYLE_FILL_AREA(#15203);
#15203 = FILL_AREA_STYLE('',(#15204));
#15204 = FILL_AREA_STYLE_COLOUR('',#15120);
#15205 = STYLED_ITEM('color',(#15206),#5236);
#15206 = PRESENTATION_STYLE_ASSIGNMENT((#15207));
#15207 = SURFACE_STYLE_USAGE(.BOTH.,#15208);
#15208 = SURFACE_SIDE_STYLE('',(#15209));
#15209 = SURFACE_STYLE_FILL_AREA(#15210);
#15210 = FILL_AREA_STYLE('',(#15211));
#15211 = FILL_AREA_STYLE_COLOUR('',#15120);
#15212 = STYLED_ITEM('color',(#15213),#5253);
#15213 = PRESENTATION_STYLE_ASSIGNMENT((#15214));
#15214 = SURFACE_STYLE_USAGE(.BOTH.,#15215);
#15215 = SURFACE_SIDE_STYLE('',(#15216));
#15216 = SURFACE_STYLE_FILL_AREA(#15217);
#15217 = FILL_AREA_STYLE('',(#15218));
#15218 = FILL_AREA_STYLE_COLOUR('',#15120);
#15219 = STYLED_ITEM('color',(#15220),#5270);
#15220 = PRESENTATION_STYLE_ASSIGNMENT((#15221));
#15221 = SURFACE_STYLE_USAGE(.BOTH.,#15222);
#15222 = SURFACE_SIDE_STYLE('',(#15223));
#15223 = SURFACE_STYLE_FILL_AREA(#15224);
#15224 = FILL_AREA_STYLE('',(#15225));
#15225 = FILL_AREA_STYLE_COLOUR('',#15120);
#15226 = STYLED_ITEM('color',(#15227),#5282);
#15227 = PRESENTATION_STYLE_ASSIGNMENT((#15228));
#15228 = SURFACE_STYLE_USAGE(.BOTH.,#15229);
#15229 = SURFACE_SIDE_STYLE('',(#15230));
#15230 = SURFACE_STYLE_FILL_AREA(#15231);
#15231 = FILL_AREA_STYLE('',(#15232));
#15232 = FILL_AREA_STYLE_COLOUR('',#15233);
#15233 = COLOUR_RGB('',0.859000020776,0.737999965183,0.495999988746);
#15234 = STYLED_ITEM('color',(#15235),#5313);
#15235 = PRESENTATION_STYLE_ASSIGNMENT((#15236));
#15236 = SURFACE_STYLE_USAGE(.BOTH.,#15237);
#15237 = SURFACE_SIDE_STYLE('',(#15238));
#15238 = SURFACE_STYLE_FILL_AREA(#15239);
#15239 = FILL_AREA_STYLE('',(#15240));
#15240 = FILL_AREA_STYLE_COLOUR('',#15233);
#15241 = STYLED_ITEM('color',(#15242),#5362);
#15242 = PRESENTATION_STYLE_ASSIGNMENT((#15243));
#15243 = SURFACE_STYLE_USAGE(.BOTH.,#15244);
#15244 = SURFACE_SIDE_STYLE('',(#15245));
#15245 = SURFACE_STYLE_FILL_AREA(#15246);
#15246 = FILL_AREA_STYLE('',(#15247));
#15247 = FILL_AREA_STYLE_COLOUR('',#15233);
#15248 = STYLED_ITEM('color',(#15249),#5386);
#15249 = PRESENTATION_STYLE_ASSIGNMENT((#15250));
#15250 = SURFACE_STYLE_USAGE(.BOTH.,#15251);
#15251 = SURFACE_SIDE_STYLE('',(#15252));
#15252 = SURFACE_STYLE_FILL_AREA(#15253);
#15253 = FILL_AREA_STYLE('',(#15254));
#15254 = FILL_AREA_STYLE_COLOUR('',#15233);
#15255 = STYLED_ITEM('color',(#15256),#5428);
#15256 = PRESENTATION_STYLE_ASSIGNMENT((#15257));
#15257 = SURFACE_STYLE_USAGE(.BOTH.,#15258);
#15258 = SURFACE_SIDE_STYLE('',(#15259));
#15259 = SURFACE_STYLE_FILL_AREA(#15260);
#15260 = FILL_AREA_STYLE('',(#15261));
#15261 = FILL_AREA_STYLE_COLOUR('',#15233);
#15262 = STYLED_ITEM('color',(#15263),#5484);
#15263 = PRESENTATION_STYLE_ASSIGNMENT((#15264));
#15264 = SURFACE_STYLE_USAGE(.BOTH.,#15265);
#15265 = SURFACE_SIDE_STYLE('',(#15266));
#15266 = SURFACE_STYLE_FILL_AREA(#15267);
#15267 = FILL_AREA_STYLE('',(#15268));
#15268 = FILL_AREA_STYLE_COLOUR('',#15233);
#15269 = STYLED_ITEM('color',(#15270),#5508);
#15270 = PRESENTATION_STYLE_ASSIGNMENT((#15271));
#15271 = SURFACE_STYLE_USAGE(.BOTH.,#15272);
#15272 = SURFACE_SIDE_STYLE('',(#15273));
#15273 = SURFACE_STYLE_FILL_AREA(#15274);
#15274 = FILL_AREA_STYLE('',(#15275));
#15275 = FILL_AREA_STYLE_COLOUR('',#15233);
#15276 = STYLED_ITEM('color',(#15277),#5557);
#15277 = PRESENTATION_STYLE_ASSIGNMENT((#15278));
#15278 = SURFACE_STYLE_USAGE(.BOTH.,#15279);
#15279 = SURFACE_SIDE_STYLE('',(#15280));
#15280 = SURFACE_STYLE_FILL_AREA(#15281);
#15281 = FILL_AREA_STYLE('',(#15282));
#15282 = FILL_AREA_STYLE_COLOUR('',#15233);
#15283 = STYLED_ITEM('color',(#15284),#5574);
#15284 = PRESENTATION_STYLE_ASSIGNMENT((#15285));
#15285 = SURFACE_STYLE_USAGE(.BOTH.,#15286);
#15286 = SURFACE_SIDE_STYLE('',(#15287));
#15287 = SURFACE_STYLE_FILL_AREA(#15288);
#15288 = FILL_AREA_STYLE('',(#15289));
#15289 = FILL_AREA_STYLE_COLOUR('',#15233);
#15290 = STYLED_ITEM('color',(#15291),#5630);
#15291 = PRESENTATION_STYLE_ASSIGNMENT((#15292));
#15292 = SURFACE_STYLE_USAGE(.BOTH.,#15293);
#15293 = SURFACE_SIDE_STYLE('',(#15294));
#15294 = SURFACE_STYLE_FILL_AREA(#15295);
#15295 = FILL_AREA_STYLE('',(#15296));
#15296 = FILL_AREA_STYLE_COLOUR('',#15233);
#15297 = STYLED_ITEM('color',(#15298),#5654);
#15298 = PRESENTATION_STYLE_ASSIGNMENT((#15299));
#15299 = SURFACE_STYLE_USAGE(.BOTH.,#15300);
#15300 = SURFACE_SIDE_STYLE('',(#15301));
#15301 = SURFACE_STYLE_FILL_AREA(#15302);
#15302 = FILL_AREA_STYLE('',(#15303));
#15303 = FILL_AREA_STYLE_COLOUR('',#15233);
#15304 = STYLED_ITEM('color',(#15305),#5703);
#15305 = PRESENTATION_STYLE_ASSIGNMENT((#15306));
#15306 = SURFACE_STYLE_USAGE(.BOTH.,#15307);
#15307 = SURFACE_SIDE_STYLE('',(#15308));
#15308 = SURFACE_STYLE_FILL_AREA(#15309);
#15309 = FILL_AREA_STYLE('',(#15310));
#15310 = FILL_AREA_STYLE_COLOUR('',#15233);
#15311 = STYLED_ITEM('color',(#15312),#5720);
#15312 = PRESENTATION_STYLE_ASSIGNMENT((#15313));
#15313 = SURFACE_STYLE_USAGE(.BOTH.,#15314);
#15314 = SURFACE_SIDE_STYLE('',(#15315));
#15315 = SURFACE_STYLE_FILL_AREA(#15316);
#15316 = FILL_AREA_STYLE('',(#15317));
#15317 = FILL_AREA_STYLE_COLOUR('',#15233);
#15318 = STYLED_ITEM('color',(#15319),#5776);
#15319 = PRESENTATION_STYLE_ASSIGNMENT((#15320));
#15320 = SURFACE_STYLE_USAGE(.BOTH.,#15321);
#15321 = SURFACE_SIDE_STYLE('',(#15322));
#15322 = SURFACE_STYLE_FILL_AREA(#15323);
#15323 = FILL_AREA_STYLE('',(#15324));
#15324 = FILL_AREA_STYLE_COLOUR('',#15233);
#15325 = STYLED_ITEM('color',(#15326),#5800);
#15326 = PRESENTATION_STYLE_ASSIGNMENT((#15327));
#15327 = SURFACE_STYLE_USAGE(.BOTH.,#15328);
#15328 = SURFACE_SIDE_STYLE('',(#15329));
#15329 = SURFACE_STYLE_FILL_AREA(#15330);
#15330 = FILL_AREA_STYLE('',(#15331));
#15331 = FILL_AREA_STYLE_COLOUR('',#15233);
#15332 = STYLED_ITEM('color',(#15333),#5849);
#15333 = PRESENTATION_STYLE_ASSIGNMENT((#15334));
#15334 = SURFACE_STYLE_USAGE(.BOTH.,#15335);
#15335 = SURFACE_SIDE_STYLE('',(#15336));
#15336 = SURFACE_STYLE_FILL_AREA(#15337);
#15337 = FILL_AREA_STYLE('',(#15338));
#15338 = FILL_AREA_STYLE_COLOUR('',#15233);
#15339 = STYLED_ITEM('color',(#15340),#5866);
#15340 = PRESENTATION_STYLE_ASSIGNMENT((#15341));
#15341 = SURFACE_STYLE_USAGE(.BOTH.,#15342);
#15342 = SURFACE_SIDE_STYLE('',(#15343));
#15343 = SURFACE_STYLE_FILL_AREA(#15344);
#15344 = FILL_AREA_STYLE('',(#15345));
#15345 = FILL_AREA_STYLE_COLOUR('',#15233);
#15346 = STYLED_ITEM('color',(#15347),#5897);
#15347 = PRESENTATION_STYLE_ASSIGNMENT((#15348));
#15348 = SURFACE_STYLE_USAGE(.BOTH.,#15349);
#15349 = SURFACE_SIDE_STYLE('',(#15350));
#15350 = SURFACE_STYLE_FILL_AREA(#15351);
#15351 = FILL_AREA_STYLE('',(#15352));
#15352 = FILL_AREA_STYLE_COLOUR('',#15233);
#15353 = STYLED_ITEM('color',(#15354),#5921);
#15354 = PRESENTATION_STYLE_ASSIGNMENT((#15355));
#15355 = SURFACE_STYLE_USAGE(.BOTH.,#15356);
#15356 = SURFACE_SIDE_STYLE('',(#15357));
#15357 = SURFACE_STYLE_FILL_AREA(#15358);
#15358 = FILL_AREA_STYLE('',(#15359));
#15359 = FILL_AREA_STYLE_COLOUR('',#15233);
#15360 = STYLED_ITEM('color',(#15361),#5945);
#15361 = PRESENTATION_STYLE_ASSIGNMENT((#15362));
#15362 = SURFACE_STYLE_USAGE(.BOTH.,#15363);
#15363 = SURFACE_SIDE_STYLE('',(#15364));
#15364 = SURFACE_STYLE_FILL_AREA(#15365);
#15365 = FILL_AREA_STYLE('',(#15366));
#15366 = FILL_AREA_STYLE_COLOUR('',#15233);
#15367 = STYLED_ITEM('color',(#15368),#5962);
#15368 = PRESENTATION_STYLE_ASSIGNMENT((#15369));
#15369 = SURFACE_STYLE_USAGE(.BOTH.,#15370);
#15370 = SURFACE_SIDE_STYLE('',(#15371));
#15371 = SURFACE_STYLE_FILL_AREA(#15372);
#15372 = FILL_AREA_STYLE('',(#15373));
#15373 = FILL_AREA_STYLE_COLOUR('',#15233);
#15374 = STYLED_ITEM('color',(#15375),#5993);
#15375 = PRESENTATION_STYLE_ASSIGNMENT((#15376));
#15376 = SURFACE_STYLE_USAGE(.BOTH.,#15377);
#15377 = SURFACE_SIDE_STYLE('',(#15378));
#15378 = SURFACE_STYLE_FILL_AREA(#15379);
#15379 = FILL_AREA_STYLE('',(#15380));
#15380 = FILL_AREA_STYLE_COLOUR('',#15233);
#15381 = STYLED_ITEM('color',(#15382),#6017);
#15382 = PRESENTATION_STYLE_ASSIGNMENT((#15383));
#15383 = SURFACE_STYLE_USAGE(.BOTH.,#15384);
#15384 = SURFACE_SIDE_STYLE('',(#15385));
#15385 = SURFACE_STYLE_FILL_AREA(#15386);
#15386 = FILL_AREA_STYLE('',(#15387));
#15387 = FILL_AREA_STYLE_COLOUR('',#15233);
#15388 = STYLED_ITEM('color',(#15389),#6041);
#15389 = PRESENTATION_STYLE_ASSIGNMENT((#15390));
#15390 = SURFACE_STYLE_USAGE(.BOTH.,#15391);
#15391 = SURFACE_SIDE_STYLE('',(#15392));
#15392 = SURFACE_STYLE_FILL_AREA(#15393);
#15393 = FILL_AREA_STYLE('',(#15394));
#15394 = FILL_AREA_STYLE_COLOUR('',#15233);
#15395 = STYLED_ITEM('color',(#15396),#6058);
#15396 = PRESENTATION_STYLE_ASSIGNMENT((#15397));
#15397 = SURFACE_STYLE_USAGE(.BOTH.,#15398);
#15398 = SURFACE_SIDE_STYLE('',(#15399));
#15399 = SURFACE_STYLE_FILL_AREA(#15400);
#15400 = FILL_AREA_STYLE('',(#15401));
#15401 = FILL_AREA_STYLE_COLOUR('',#15233);
#15402 = STYLED_ITEM('color',(#15403),#6089);
#15403 = PRESENTATION_STYLE_ASSIGNMENT((#15404));
#15404 = SURFACE_STYLE_USAGE(.BOTH.,#15405);
#15405 = SURFACE_SIDE_STYLE('',(#15406));
#15406 = SURFACE_STYLE_FILL_AREA(#15407);
#15407 = FILL_AREA_STYLE('',(#15408));
#15408 = FILL_AREA_STYLE_COLOUR('',#15233);
#15409 = STYLED_ITEM('color',(#15410),#6113);
#15410 = PRESENTATION_STYLE_ASSIGNMENT((#15411));
#15411 = SURFACE_STYLE_USAGE(.BOTH.,#15412);
#15412 = SURFACE_SIDE_STYLE('',(#15413));
#15413 = SURFACE_STYLE_FILL_AREA(#15414);
#15414 = FILL_AREA_STYLE('',(#15415));
#15415 = FILL_AREA_STYLE_COLOUR('',#15233);
#15416 = STYLED_ITEM('color',(#15417),#6137);
#15417 = PRESENTATION_STYLE_ASSIGNMENT((#15418));
#15418 = SURFACE_STYLE_USAGE(.BOTH.,#15419);
#15419 = SURFACE_SIDE_STYLE('',(#15420));
#15420 = SURFACE_STYLE_FILL_AREA(#15421);
#15421 = FILL_AREA_STYLE('',(#15422));
#15422 = FILL_AREA_STYLE_COLOUR('',#15233);
#15423 = STYLED_ITEM('color',(#15424),#6154);
#15424 = PRESENTATION_STYLE_ASSIGNMENT((#15425));
#15425 = SURFACE_STYLE_USAGE(.BOTH.,#15426);
#15426 = SURFACE_SIDE_STYLE('',(#15427));
#15427 = SURFACE_STYLE_FILL_AREA(#15428);
#15428 = FILL_AREA_STYLE('',(#15429));
#15429 = FILL_AREA_STYLE_COLOUR('',#15233);
#15430 = STYLED_ITEM('color',(#15431),#6185);
#15431 = PRESENTATION_STYLE_ASSIGNMENT((#15432));
#15432 = SURFACE_STYLE_USAGE(.BOTH.,#15433);
#15433 = SURFACE_SIDE_STYLE('',(#15434));
#15434 = SURFACE_STYLE_FILL_AREA(#15435);
#15435 = FILL_AREA_STYLE('',(#15436));
#15436 = FILL_AREA_STYLE_COLOUR('',#15233);
#15437 = STYLED_ITEM('color',(#15438),#6209);
#15438 = PRESENTATION_STYLE_ASSIGNMENT((#15439));
#15439 = SURFACE_STYLE_USAGE(.BOTH.,#15440);
#15440 = SURFACE_SIDE_STYLE('',(#15441));
#15441 = SURFACE_STYLE_FILL_AREA(#15442);
#15442 = FILL_AREA_STYLE('',(#15443));
#15443 = FILL_AREA_STYLE_COLOUR('',#15233);
#15444 = STYLED_ITEM('color',(#15445),#6233);
#15445 = PRESENTATION_STYLE_ASSIGNMENT((#15446));
#15446 = SURFACE_STYLE_USAGE(.BOTH.,#15447);
#15447 = SURFACE_SIDE_STYLE('',(#15448));
#15448 = SURFACE_STYLE_FILL_AREA(#15449);
#15449 = FILL_AREA_STYLE('',(#15450));
#15450 = FILL_AREA_STYLE_COLOUR('',#15233);
#15451 = STYLED_ITEM('color',(#15452),#6250);
#15452 = PRESENTATION_STYLE_ASSIGNMENT((#15453));
#15453 = SURFACE_STYLE_USAGE(.BOTH.,#15454);
#15454 = SURFACE_SIDE_STYLE('',(#15455));
#15455 = SURFACE_STYLE_FILL_AREA(#15456);
#15456 = FILL_AREA_STYLE('',(#15457));
#15457 = FILL_AREA_STYLE_COLOUR('',#15233);
#15458 = STYLED_ITEM('color',(#15459),#6267);
#15459 = PRESENTATION_STYLE_ASSIGNMENT((#15460));
#15460 = SURFACE_STYLE_USAGE(.BOTH.,#15461);
#15461 = SURFACE_SIDE_STYLE('',(#15462));
#15462 = SURFACE_STYLE_FILL_AREA(#15463);
#15463 = FILL_AREA_STYLE('',(#15464));
#15464 = FILL_AREA_STYLE_COLOUR('',#15233);
#15465 = STYLED_ITEM('color',(#15466),#6298);
#15466 = PRESENTATION_STYLE_ASSIGNMENT((#15467));
#15467 = SURFACE_STYLE_USAGE(.BOTH.,#15468);
#15468 = SURFACE_SIDE_STYLE('',(#15469));
#15469 = SURFACE_STYLE_FILL_AREA(#15470);
#15470 = FILL_AREA_STYLE('',(#15471));
#15471 = FILL_AREA_STYLE_COLOUR('',#15233);
#15472 = STYLED_ITEM('color',(#15473),#6315);
#15473 = PRESENTATION_STYLE_ASSIGNMENT((#15474));
#15474 = SURFACE_STYLE_USAGE(.BOTH.,#15475);
#15475 = SURFACE_SIDE_STYLE('',(#15476));
#15476 = SURFACE_STYLE_FILL_AREA(#15477);
#15477 = FILL_AREA_STYLE('',(#15478));
#15478 = FILL_AREA_STYLE_COLOUR('',#15233);
#15479 = STYLED_ITEM('color',(#15480),#6332);
#15480 = PRESENTATION_STYLE_ASSIGNMENT((#15481));
#15481 = SURFACE_STYLE_USAGE(.BOTH.,#15482);
#15482 = SURFACE_SIDE_STYLE('',(#15483));
#15483 = SURFACE_STYLE_FILL_AREA(#15484);
#15484 = FILL_AREA_STYLE('',(#15485));
#15485 = FILL_AREA_STYLE_COLOUR('',#15233);
#15486 = STYLED_ITEM('color',(#15487),#6363);
#15487 = PRESENTATION_STYLE_ASSIGNMENT((#15488));
#15488 = SURFACE_STYLE_USAGE(.BOTH.,#15489);
#15489 = SURFACE_SIDE_STYLE('',(#15490));
#15490 = SURFACE_STYLE_FILL_AREA(#15491);
#15491 = FILL_AREA_STYLE('',(#15492));
#15492 = FILL_AREA_STYLE_COLOUR('',#15233);
#15493 = STYLED_ITEM('color',(#15494),#6394);
#15494 = PRESENTATION_STYLE_ASSIGNMENT((#15495));
#15495 = SURFACE_STYLE_USAGE(.BOTH.,#15496);
#15496 = SURFACE_SIDE_STYLE('',(#15497));
#15497 = SURFACE_STYLE_FILL_AREA(#15498);
#15498 = FILL_AREA_STYLE('',(#15499));
#15499 = FILL_AREA_STYLE_COLOUR('',#15233);
#15500 = STYLED_ITEM('color',(#15501),#6411);
#15501 = PRESENTATION_STYLE_ASSIGNMENT((#15502));
#15502 = SURFACE_STYLE_USAGE(.BOTH.,#15503);
#15503 = SURFACE_SIDE_STYLE('',(#15504));
#15504 = SURFACE_STYLE_FILL_AREA(#15505);
#15505 = FILL_AREA_STYLE('',(#15506));
#15506 = FILL_AREA_STYLE_COLOUR('',#15233);
#15507 = STYLED_ITEM('color',(#15508),#6428);
#15508 = PRESENTATION_STYLE_ASSIGNMENT((#15509));
#15509 = SURFACE_STYLE_USAGE(.BOTH.,#15510);
#15510 = SURFACE_SIDE_STYLE('',(#15511));
#15511 = SURFACE_STYLE_FILL_AREA(#15512);
#15512 = FILL_AREA_STYLE('',(#15513));
#15513 = FILL_AREA_STYLE_COLOUR('',#15233);
#15514 = STYLED_ITEM('color',(#15515),#6445);
#15515 = PRESENTATION_STYLE_ASSIGNMENT((#15516));
#15516 = SURFACE_STYLE_USAGE(.BOTH.,#15517);
#15517 = SURFACE_SIDE_STYLE('',(#15518));
#15518 = SURFACE_STYLE_FILL_AREA(#15519);
#15519 = FILL_AREA_STYLE('',(#15520));
#15520 = FILL_AREA_STYLE_COLOUR('',#15233);
#15521 = STYLED_ITEM('color',(#15522),#6476);
#15522 = PRESENTATION_STYLE_ASSIGNMENT((#15523));
#15523 = SURFACE_STYLE_USAGE(.BOTH.,#15524);
#15524 = SURFACE_SIDE_STYLE('',(#15525));
#15525 = SURFACE_STYLE_FILL_AREA(#15526);
#15526 = FILL_AREA_STYLE('',(#15527));
#15527 = FILL_AREA_STYLE_COLOUR('',#15233);
#15528 = STYLED_ITEM('color',(#15529),#6507);
#15529 = PRESENTATION_STYLE_ASSIGNMENT((#15530));
#15530 = SURFACE_STYLE_USAGE(.BOTH.,#15531);
#15531 = SURFACE_SIDE_STYLE('',(#15532));
#15532 = SURFACE_STYLE_FILL_AREA(#15533);
#15533 = FILL_AREA_STYLE('',(#15534));
#15534 = FILL_AREA_STYLE_COLOUR('',#15233);
#15535 = STYLED_ITEM('color',(#15536),#6524);
#15536 = PRESENTATION_STYLE_ASSIGNMENT((#15537));
#15537 = SURFACE_STYLE_USAGE(.BOTH.,#15538);
#15538 = SURFACE_SIDE_STYLE('',(#15539));
#15539 = SURFACE_STYLE_FILL_AREA(#15540);
#15540 = FILL_AREA_STYLE('',(#15541));
#15541 = FILL_AREA_STYLE_COLOUR('',#15233);
#15542 = STYLED_ITEM('color',(#15543),#6541);
#15543 = PRESENTATION_STYLE_ASSIGNMENT((#15544));
#15544 = SURFACE_STYLE_USAGE(.BOTH.,#15545);
#15545 = SURFACE_SIDE_STYLE('',(#15546));
#15546 = SURFACE_STYLE_FILL_AREA(#15547);
#15547 = FILL_AREA_STYLE('',(#15548));
#15548 = FILL_AREA_STYLE_COLOUR('',#15233);
#15549 = STYLED_ITEM('color',(#15550),#6558);
#15550 = PRESENTATION_STYLE_ASSIGNMENT((#15551));
#15551 = SURFACE_STYLE_USAGE(.BOTH.,#15552);
#15552 = SURFACE_SIDE_STYLE('',(#15553));
#15553 = SURFACE_STYLE_FILL_AREA(#15554);
#15554 = FILL_AREA_STYLE('',(#15555));
#15555 = FILL_AREA_STYLE_COLOUR('',#15233);
#15556 = STYLED_ITEM('color',(#15557),#6589);
#15557 = PRESENTATION_STYLE_ASSIGNMENT((#15558));
#15558 = SURFACE_STYLE_USAGE(.BOTH.,#15559);
#15559 = SURFACE_SIDE_STYLE('',(#15560));
#15560 = SURFACE_STYLE_FILL_AREA(#15561);
#15561 = FILL_AREA_STYLE('',(#15562));
#15562 = FILL_AREA_STYLE_COLOUR('',#15233);
#15563 = STYLED_ITEM('color',(#15564),#6620);
#15564 = PRESENTATION_STYLE_ASSIGNMENT((#15565));
#15565 = SURFACE_STYLE_USAGE(.BOTH.,#15566);
#15566 = SURFACE_SIDE_STYLE('',(#15567));
#15567 = SURFACE_STYLE_FILL_AREA(#15568);
#15568 = FILL_AREA_STYLE('',(#15569));
#15569 = FILL_AREA_STYLE_COLOUR('',#15233);
#15570 = STYLED_ITEM('color',(#15571),#6637);
#15571 = PRESENTATION_STYLE_ASSIGNMENT((#15572));
#15572 = SURFACE_STYLE_USAGE(.BOTH.,#15573);
#15573 = SURFACE_SIDE_STYLE('',(#15574));
#15574 = SURFACE_STYLE_FILL_AREA(#15575);
#15575 = FILL_AREA_STYLE('',(#15576));
#15576 = FILL_AREA_STYLE_COLOUR('',#15233);
#15577 = STYLED_ITEM('color',(#15578),#6654);
#15578 = PRESENTATION_STYLE_ASSIGNMENT((#15579));
#15579 = SURFACE_STYLE_USAGE(.BOTH.,#15580);
#15580 = SURFACE_SIDE_STYLE('',(#15581));
#15581 = SURFACE_STYLE_FILL_AREA(#15582);
#15582 = FILL_AREA_STYLE('',(#15583));
#15583 = FILL_AREA_STYLE_COLOUR('',#15233);
#15584 = STYLED_ITEM('color',(#15585),#6671);
#15585 = PRESENTATION_STYLE_ASSIGNMENT((#15586));
#15586 = SURFACE_STYLE_USAGE(.BOTH.,#15587);
#15587 = SURFACE_SIDE_STYLE('',(#15588));
#15588 = SURFACE_STYLE_FILL_AREA(#15589);
#15589 = FILL_AREA_STYLE('',(#15590));
#15590 = FILL_AREA_STYLE_COLOUR('',#15233);
#15591 = STYLED_ITEM('color',(#15592),#6702);
#15592 = PRESENTATION_STYLE_ASSIGNMENT((#15593));
#15593 = SURFACE_STYLE_USAGE(.BOTH.,#15594);
#15594 = SURFACE_SIDE_STYLE('',(#15595));
#15595 = SURFACE_STYLE_FILL_AREA(#15596);
#15596 = FILL_AREA_STYLE('',(#15597));
#15597 = FILL_AREA_STYLE_COLOUR('',#15233);
#15598 = STYLED_ITEM('color',(#15599),#6733);
#15599 = PRESENTATION_STYLE_ASSIGNMENT((#15600));
#15600 = SURFACE_STYLE_USAGE(.BOTH.,#15601);
#15601 = SURFACE_SIDE_STYLE('',(#15602));
#15602 = SURFACE_STYLE_FILL_AREA(#15603);
#15603 = FILL_AREA_STYLE('',(#15604));
#15604 = FILL_AREA_STYLE_COLOUR('',#15233);
#15605 = STYLED_ITEM('color',(#15606),#6757);
#15606 = PRESENTATION_STYLE_ASSIGNMENT((#15607));
#15607 = SURFACE_STYLE_USAGE(.BOTH.,#15608);
#15608 = SURFACE_SIDE_STYLE('',(#15609));
#15609 = SURFACE_STYLE_FILL_AREA(#15610);
#15610 = FILL_AREA_STYLE('',(#15611));
#15611 = FILL_AREA_STYLE_COLOUR('',#15233);
#15612 = STYLED_ITEM('color',(#15613),#6781);
#15613 = PRESENTATION_STYLE_ASSIGNMENT((#15614));
#15614 = SURFACE_STYLE_USAGE(.BOTH.,#15615);
#15615 = SURFACE_SIDE_STYLE('',(#15616));
#15616 = SURFACE_STYLE_FILL_AREA(#15617);
#15617 = FILL_AREA_STYLE('',(#15618));
#15618 = FILL_AREA_STYLE_COLOUR('',#15233);
#15619 = STYLED_ITEM('color',(#15620),#6798);
#15620 = PRESENTATION_STYLE_ASSIGNMENT((#15621));
#15621 = SURFACE_STYLE_USAGE(.BOTH.,#15622);
#15622 = SURFACE_SIDE_STYLE('',(#15623));
#15623 = SURFACE_STYLE_FILL_AREA(#15624);
#15624 = FILL_AREA_STYLE('',(#15625));
#15625 = FILL_AREA_STYLE_COLOUR('',#15233);
#15626 = STYLED_ITEM('color',(#15627),#6829);
#15627 = PRESENTATION_STYLE_ASSIGNMENT((#15628));
#15628 = SURFACE_STYLE_USAGE(.BOTH.,#15629);
#15629 = SURFACE_SIDE_STYLE('',(#15630));
#15630 = SURFACE_STYLE_FILL_AREA(#15631);
#15631 = FILL_AREA_STYLE('',(#15632));
#15632 = FILL_AREA_STYLE_COLOUR('',#15233);
#15633 = STYLED_ITEM('color',(#15634),#6853);
#15634 = PRESENTATION_STYLE_ASSIGNMENT((#15635));
#15635 = SURFACE_STYLE_USAGE(.BOTH.,#15636);
#15636 = SURFACE_SIDE_STYLE('',(#15637));
#15637 = SURFACE_STYLE_FILL_AREA(#15638);
#15638 = FILL_AREA_STYLE('',(#15639));
#15639 = FILL_AREA_STYLE_COLOUR('',#15233);
#15640 = STYLED_ITEM('color',(#15641),#6877);
#15641 = PRESENTATION_STYLE_ASSIGNMENT((#15642));
#15642 = SURFACE_STYLE_USAGE(.BOTH.,#15643);
#15643 = SURFACE_SIDE_STYLE('',(#15644));
#15644 = SURFACE_STYLE_FILL_AREA(#15645);
#15645 = FILL_AREA_STYLE('',(#15646));
#15646 = FILL_AREA_STYLE_COLOUR('',#15233);
#15647 = STYLED_ITEM('color',(#15648),#6894);
#15648 = PRESENTATION_STYLE_ASSIGNMENT((#15649));
#15649 = SURFACE_STYLE_USAGE(.BOTH.,#15650);
#15650 = SURFACE_SIDE_STYLE('',(#15651));
#15651 = SURFACE_STYLE_FILL_AREA(#15652);
#15652 = FILL_AREA_STYLE('',(#15653));
#15653 = FILL_AREA_STYLE_COLOUR('',#15233);
#15654 = STYLED_ITEM('color',(#15655),#6925);
#15655 = PRESENTATION_STYLE_ASSIGNMENT((#15656));
#15656 = SURFACE_STYLE_USAGE(.BOTH.,#15657);
#15657 = SURFACE_SIDE_STYLE('',(#15658));
#15658 = SURFACE_STYLE_FILL_AREA(#15659);
#15659 = FILL_AREA_STYLE('',(#15660));
#15660 = FILL_AREA_STYLE_COLOUR('',#15233);
#15661 = STYLED_ITEM('color',(#15662),#6949);
#15662 = PRESENTATION_STYLE_ASSIGNMENT((#15663));
#15663 = SURFACE_STYLE_USAGE(.BOTH.,#15664);
#15664 = SURFACE_SIDE_STYLE('',(#15665));
#15665 = SURFACE_STYLE_FILL_AREA(#15666);
#15666 = FILL_AREA_STYLE('',(#15667));
#15667 = FILL_AREA_STYLE_COLOUR('',#15233);
#15668 = STYLED_ITEM('color',(#15669),#6973);
#15669 = PRESENTATION_STYLE_ASSIGNMENT((#15670));
#15670 = SURFACE_STYLE_USAGE(.BOTH.,#15671);
#15671 = SURFACE_SIDE_STYLE('',(#15672));
#15672 = SURFACE_STYLE_FILL_AREA(#15673);
#15673 = FILL_AREA_STYLE('',(#15674));
#15674 = FILL_AREA_STYLE_COLOUR('',#15233);
#15675 = STYLED_ITEM('color',(#15676),#6990);
#15676 = PRESENTATION_STYLE_ASSIGNMENT((#15677));
#15677 = SURFACE_STYLE_USAGE(.BOTH.,#15678);
#15678 = SURFACE_SIDE_STYLE('',(#15679));
#15679 = SURFACE_STYLE_FILL_AREA(#15680);
#15680 = FILL_AREA_STYLE('',(#15681));
#15681 = FILL_AREA_STYLE_COLOUR('',#15233);
#15682 = STYLED_ITEM('color',(#15683),#7021);
#15683 = PRESENTATION_STYLE_ASSIGNMENT((#15684));
#15684 = SURFACE_STYLE_USAGE(.BOTH.,#15685);
#15685 = SURFACE_SIDE_STYLE('',(#15686));
#15686 = SURFACE_STYLE_FILL_AREA(#15687);
#15687 = FILL_AREA_STYLE('',(#15688));
#15688 = FILL_AREA_STYLE_COLOUR('',#15233);
#15689 = STYLED_ITEM('color',(#15690),#7045);
#15690 = PRESENTATION_STYLE_ASSIGNMENT((#15691));
#15691 = SURFACE_STYLE_USAGE(.BOTH.,#15692);
#15692 = SURFACE_SIDE_STYLE('',(#15693));
#15693 = SURFACE_STYLE_FILL_AREA(#15694);
#15694 = FILL_AREA_STYLE('',(#15695));
#15695 = FILL_AREA_STYLE_COLOUR('',#15233);
#15696 = STYLED_ITEM('color',(#15697),#7069);
#15697 = PRESENTATION_STYLE_ASSIGNMENT((#15698));
#15698 = SURFACE_STYLE_USAGE(.BOTH.,#15699);
#15699 = SURFACE_SIDE_STYLE('',(#15700));
#15700 = SURFACE_STYLE_FILL_AREA(#15701);
#15701 = FILL_AREA_STYLE('',(#15702));
#15702 = FILL_AREA_STYLE_COLOUR('',#15233);
#15703 = STYLED_ITEM('color',(#15704),#7086);
#15704 = PRESENTATION_STYLE_ASSIGNMENT((#15705));
#15705 = SURFACE_STYLE_USAGE(.BOTH.,#15706);
#15706 = SURFACE_SIDE_STYLE('',(#15707));
#15707 = SURFACE_STYLE_FILL_AREA(#15708);
#15708 = FILL_AREA_STYLE('',(#15709));
#15709 = FILL_AREA_STYLE_COLOUR('',#15233);
#15710 = STYLED_ITEM('color',(#15711),#7103);
#15711 = PRESENTATION_STYLE_ASSIGNMENT((#15712));
#15712 = SURFACE_STYLE_USAGE(.BOTH.,#15713);
#15713 = SURFACE_SIDE_STYLE('',(#15714));
#15714 = SURFACE_STYLE_FILL_AREA(#15715);
#15715 = FILL_AREA_STYLE('',(#15716));
#15716 = FILL_AREA_STYLE_COLOUR('',#15233);
#15717 = STYLED_ITEM('color',(#15718),#7120);
#15718 = PRESENTATION_STYLE_ASSIGNMENT((#15719));
#15719 = SURFACE_STYLE_USAGE(.BOTH.,#15720);
#15720 = SURFACE_SIDE_STYLE('',(#15721));
#15721 = SURFACE_STYLE_FILL_AREA(#15722);
#15722 = FILL_AREA_STYLE('',(#15723));
#15723 = FILL_AREA_STYLE_COLOUR('',#15233);
#15724 = STYLED_ITEM('color',(#15725),#7132);
#15725 = PRESENTATION_STYLE_ASSIGNMENT((#15726));
#15726 = SURFACE_STYLE_USAGE(.BOTH.,#15727);
#15727 = SURFACE_SIDE_STYLE('',(#15728));
#15728 = SURFACE_STYLE_FILL_AREA(#15729);
#15729 = FILL_AREA_STYLE('',(#15730));
#15730 = FILL_AREA_STYLE_COLOUR('',#15233);
#15731 = STYLED_ITEM('color',(#15732),#7149);
#15732 = PRESENTATION_STYLE_ASSIGNMENT((#15733));
#15733 = SURFACE_STYLE_USAGE(.BOTH.,#15734);
#15734 = SURFACE_SIDE_STYLE('',(#15735));
#15735 = SURFACE_STYLE_FILL_AREA(#15736);
#15736 = FILL_AREA_STYLE('',(#15737));
#15737 = FILL_AREA_STYLE_COLOUR('',#15233);
#15738 = STYLED_ITEM('color',(#15739),#7166);
#15739 = PRESENTATION_STYLE_ASSIGNMENT((#15740));
#15740 = SURFACE_STYLE_USAGE(.BOTH.,#15741);
#15741 = SURFACE_SIDE_STYLE('',(#15742));
#15742 = SURFACE_STYLE_FILL_AREA(#15743);
#15743 = FILL_AREA_STYLE('',(#15744));
#15744 = FILL_AREA_STYLE_COLOUR('',#15233);
#15745 = STYLED_ITEM('color',(#15746),#7178);
#15746 = PRESENTATION_STYLE_ASSIGNMENT((#15747));
#15747 = SURFACE_STYLE_USAGE(.BOTH.,#15748);
#15748 = SURFACE_SIDE_STYLE('',(#15749));
#15749 = SURFACE_STYLE_FILL_AREA(#15750);
#15750 = FILL_AREA_STYLE('',(#15751));
#15751 = FILL_AREA_STYLE_COLOUR('',#15233);
#15752 = STYLED_ITEM('color',(#15753),#7195);
#15753 = PRESENTATION_STYLE_ASSIGNMENT((#15754));
#15754 = SURFACE_STYLE_USAGE(.BOTH.,#15755);
#15755 = SURFACE_SIDE_STYLE('',(#15756));
#15756 = SURFACE_STYLE_FILL_AREA(#15757);
#15757 = FILL_AREA_STYLE('',(#15758));
#15758 = FILL_AREA_STYLE_COLOUR('',#15233);
#15759 = STYLED_ITEM('color',(#15760),#7212);
#15760 = PRESENTATION_STYLE_ASSIGNMENT((#15761));
#15761 = SURFACE_STYLE_USAGE(.BOTH.,#15762);
#15762 = SURFACE_SIDE_STYLE('',(#15763));
#15763 = SURFACE_STYLE_FILL_AREA(#15764);
#15764 = FILL_AREA_STYLE('',(#15765));
#15765 = FILL_AREA_STYLE_COLOUR('',#15233);
#15766 = STYLED_ITEM('color',(#15767),#7224);
#15767 = PRESENTATION_STYLE_ASSIGNMENT((#15768));
#15768 = SURFACE_STYLE_USAGE(.BOTH.,#15769);
#15769 = SURFACE_SIDE_STYLE('',(#15770));
#15770 = SURFACE_STYLE_FILL_AREA(#15771);
#15771 = FILL_AREA_STYLE('',(#15772));
#15772 = FILL_AREA_STYLE_COLOUR('',#15233);
#15773 = STYLED_ITEM('color',(#15774),#7241);
#15774 = PRESENTATION_STYLE_ASSIGNMENT((#15775));
#15775 = SURFACE_STYLE_USAGE(.BOTH.,#15776);
#15776 = SURFACE_SIDE_STYLE('',(#15777));
#15777 = SURFACE_STYLE_FILL_AREA(#15778);
#15778 = FILL_AREA_STYLE('',(#15779));
#15779 = FILL_AREA_STYLE_COLOUR('',#15233);
#15780 = STYLED_ITEM('color',(#15781),#7258);
#15781 = PRESENTATION_STYLE_ASSIGNMENT((#15782));
#15782 = SURFACE_STYLE_USAGE(.BOTH.,#15783);
#15783 = SURFACE_SIDE_STYLE('',(#15784));
#15784 = SURFACE_STYLE_FILL_AREA(#15785);
#15785 = FILL_AREA_STYLE('',(#15786));
#15786 = FILL_AREA_STYLE_COLOUR('',#15233);
#15787 = STYLED_ITEM('color',(#15788),#7270);
#15788 = PRESENTATION_STYLE_ASSIGNMENT((#15789));
#15789 = SURFACE_STYLE_USAGE(.BOTH.,#15790);
#15790 = SURFACE_SIDE_STYLE('',(#15791));
#15791 = SURFACE_STYLE_FILL_AREA(#15792);
#15792 = FILL_AREA_STYLE('',(#15793));
#15793 = FILL_AREA_STYLE_COLOUR('',#15233);
#15794 = STYLED_ITEM('color',(#15795),#7282);
#15795 = PRESENTATION_STYLE_ASSIGNMENT((#15796));
#15796 = SURFACE_STYLE_USAGE(.BOTH.,#15797);
#15797 = SURFACE_SIDE_STYLE('',(#15798));
#15798 = SURFACE_STYLE_FILL_AREA(#15799);
#15799 = FILL_AREA_STYLE('',(#15800));
#15800 = FILL_AREA_STYLE_COLOUR('',#15233);
#15801 = STYLED_ITEM('color',(#15802),#7294);
#15802 = PRESENTATION_STYLE_ASSIGNMENT((#15803));
#15803 = SURFACE_STYLE_USAGE(.BOTH.,#15804);
#15804 = SURFACE_SIDE_STYLE('',(#15805));
#15805 = SURFACE_STYLE_FILL_AREA(#15806);
#15806 = FILL_AREA_STYLE('',(#15807));
#15807 = FILL_AREA_STYLE_COLOUR('',#15233);
#15808 = STYLED_ITEM('color',(#15809),#7306);
#15809 = PRESENTATION_STYLE_ASSIGNMENT((#15810));
#15810 = SURFACE_STYLE_USAGE(.BOTH.,#15811);
#15811 = SURFACE_SIDE_STYLE('',(#15812));
#15812 = SURFACE_STYLE_FILL_AREA(#15813);
#15813 = FILL_AREA_STYLE('',(#15814));
#15814 = FILL_AREA_STYLE_COLOUR('',#15233);
#15815 = MECHANICAL_DESIGN_GEOMETRIC_PRESENTATION_REPRESENTATION('',(
    #15816,#15824,#15831,#15838,#15845,#15852,#15859,#15866,#15873,
    #15880,#15887,#15894,#15901,#15908,#15915,#15922,#15929,#15936,
    #15943,#15950,#15957,#15964,#15971,#15978,#15985,#15992,#15999,
    #16006,#16013,#16020,#16027,#16034,#16041,#16048,#16055,#16062,
    #16069,#16076,#16083,#16090,#16097,#16104,#16111,#16118,#16125,
    #16132,#16139,#16146,#16153,#16160,#16167,#16174,#16181,#16189),
  #10805);
#15816 = STYLED_ITEM('color',(#15817),#8178);
#15817 = PRESENTATION_STYLE_ASSIGNMENT((#15818));
#15818 = SURFACE_STYLE_USAGE(.BOTH.,#15819);
#15819 = SURFACE_SIDE_STYLE('',(#15820));
#15820 = SURFACE_STYLE_FILL_AREA(#15821);
#15821 = FILL_AREA_STYLE('',(#15822));
#15822 = FILL_AREA_STYLE_COLOUR('',#15823);
#15823 = COLOUR_RGB('',0.823999987314,0.819999987296,0.781000009244);
#15824 = STYLED_ITEM('color',(#15825),#8218);
#15825 = PRESENTATION_STYLE_ASSIGNMENT((#15826));
#15826 = SURFACE_STYLE_USAGE(.BOTH.,#15827);
#15827 = SURFACE_SIDE_STYLE('',(#15828));
#15828 = SURFACE_STYLE_FILL_AREA(#15829);
#15829 = FILL_AREA_STYLE('',(#15830));
#15830 = FILL_AREA_STYLE_COLOUR('',#15823);
#15831 = STYLED_ITEM('color',(#15832),#8249);
#15832 = PRESENTATION_STYLE_ASSIGNMENT((#15833));
#15833 = SURFACE_STYLE_USAGE(.BOTH.,#15834);
#15834 = SURFACE_SIDE_STYLE('',(#15835));
#15835 = SURFACE_STYLE_FILL_AREA(#15836);
#15836 = FILL_AREA_STYLE('',(#15837));
#15837 = FILL_AREA_STYLE_COLOUR('',#15823);
#15838 = STYLED_ITEM('color',(#15839),#8379);
#15839 = PRESENTATION_STYLE_ASSIGNMENT((#15840));
#15840 = SURFACE_STYLE_USAGE(.BOTH.,#15841);
#15841 = SURFACE_SIDE_STYLE('',(#15842));
#15842 = SURFACE_STYLE_FILL_AREA(#15843);
#15843 = FILL_AREA_STYLE('',(#15844));
#15844 = FILL_AREA_STYLE_COLOUR('',#15823);
#15845 = STYLED_ITEM('color',(#15846),#8403);
#15846 = PRESENTATION_STYLE_ASSIGNMENT((#15847));
#15847 = SURFACE_STYLE_USAGE(.BOTH.,#15848);
#15848 = SURFACE_SIDE_STYLE('',(#15849));
#15849 = SURFACE_STYLE_FILL_AREA(#15850);
#15850 = FILL_AREA_STYLE('',(#15851));
#15851 = FILL_AREA_STYLE_COLOUR('',#15823);
#15852 = STYLED_ITEM('color',(#15853),#8526);
#15853 = PRESENTATION_STYLE_ASSIGNMENT((#15854));
#15854 = SURFACE_STYLE_USAGE(.BOTH.,#15855);
#15855 = SURFACE_SIDE_STYLE('',(#15856));
#15856 = SURFACE_STYLE_FILL_AREA(#15857);
#15857 = FILL_AREA_STYLE('',(#15858));
#15858 = FILL_AREA_STYLE_COLOUR('',#15120);
#15859 = STYLED_ITEM('color',(#15860),#8653);
#15860 = PRESENTATION_STYLE_ASSIGNMENT((#15861));
#15861 = SURFACE_STYLE_USAGE(.BOTH.,#15862);
#15862 = SURFACE_SIDE_STYLE('',(#15863));
#15863 = SURFACE_STYLE_FILL_AREA(#15864);
#15864 = FILL_AREA_STYLE('',(#15865));
#15865 = FILL_AREA_STYLE_COLOUR('',#15823);
#15866 = STYLED_ITEM('color',(#15867),#8670);
#15867 = PRESENTATION_STYLE_ASSIGNMENT((#15868));
#15868 = SURFACE_STYLE_USAGE(.BOTH.,#15869);
#15869 = SURFACE_SIDE_STYLE('',(#15870));
#15870 = SURFACE_STYLE_FILL_AREA(#15871);
#15871 = FILL_AREA_STYLE('',(#15872));
#15872 = FILL_AREA_STYLE_COLOUR('',#15120);
#15873 = STYLED_ITEM('color',(#15874),#8693);
#15874 = PRESENTATION_STYLE_ASSIGNMENT((#15875));
#15875 = SURFACE_STYLE_USAGE(.BOTH.,#15876);
#15876 = SURFACE_SIDE_STYLE('',(#15877));
#15877 = SURFACE_STYLE_FILL_AREA(#15878);
#15878 = FILL_AREA_STYLE('',(#15879));
#15879 = FILL_AREA_STYLE_COLOUR('',#15120);
#15880 = STYLED_ITEM('color',(#15881),#8815);
#15881 = PRESENTATION_STYLE_ASSIGNMENT((#15882));
#15882 = SURFACE_STYLE_USAGE(.BOTH.,#15883);
#15883 = SURFACE_SIDE_STYLE('',(#15884));
#15884 = SURFACE_STYLE_FILL_AREA(#15885);
#15885 = FILL_AREA_STYLE('',(#15886));
#15886 = FILL_AREA_STYLE_COLOUR('',#15120);
#15887 = STYLED_ITEM('color',(#15888),#8943);
#15888 = PRESENTATION_STYLE_ASSIGNMENT((#15889));
#15889 = SURFACE_STYLE_USAGE(.BOTH.,#15890);
#15890 = SURFACE_SIDE_STYLE('',(#15891));
#15891 = SURFACE_STYLE_FILL_AREA(#15892);
#15892 = FILL_AREA_STYLE('',(#15893));
#15893 = FILL_AREA_STYLE_COLOUR('',#15120);
#15894 = STYLED_ITEM('color',(#15895),#8960);
#15895 = PRESENTATION_STYLE_ASSIGNMENT((#15896));
#15896 = SURFACE_STYLE_USAGE(.BOTH.,#15897);
#15897 = SURFACE_SIDE_STYLE('',(#15898));
#15898 = SURFACE_STYLE_FILL_AREA(#15899);
#15899 = FILL_AREA_STYLE('',(#15900));
#15900 = FILL_AREA_STYLE_COLOUR('',#15823);
#15901 = STYLED_ITEM('color',(#15902),#8991);
#15902 = PRESENTATION_STYLE_ASSIGNMENT((#15903));
#15903 = SURFACE_STYLE_USAGE(.BOTH.,#15904);
#15904 = SURFACE_SIDE_STYLE('',(#15905));
#15905 = SURFACE_STYLE_FILL_AREA(#15906);
#15906 = FILL_AREA_STYLE('',(#15907));
#15907 = FILL_AREA_STYLE_COLOUR('',#15120);
#15908 = STYLED_ITEM('color',(#15909),#9218);
#15909 = PRESENTATION_STYLE_ASSIGNMENT((#15910));
#15910 = SURFACE_STYLE_USAGE(.BOTH.,#15911);
#15911 = SURFACE_SIDE_STYLE('',(#15912));
#15912 = SURFACE_STYLE_FILL_AREA(#15913);
#15913 = FILL_AREA_STYLE('',(#15914));
#15914 = FILL_AREA_STYLE_COLOUR('',#15823);
#15915 = STYLED_ITEM('color',(#15916),#9249);
#15916 = PRESENTATION_STYLE_ASSIGNMENT((#15917));
#15917 = SURFACE_STYLE_USAGE(.BOTH.,#15918);
#15918 = SURFACE_SIDE_STYLE('',(#15919));
#15919 = SURFACE_STYLE_FILL_AREA(#15920);
#15920 = FILL_AREA_STYLE('',(#15921));
#15921 = FILL_AREA_STYLE_COLOUR('',#15120);
#15922 = STYLED_ITEM('color',(#15923),#9476);
#15923 = PRESENTATION_STYLE_ASSIGNMENT((#15924));
#15924 = SURFACE_STYLE_USAGE(.BOTH.,#15925);
#15925 = SURFACE_SIDE_STYLE('',(#15926));
#15926 = SURFACE_STYLE_FILL_AREA(#15927);
#15927 = FILL_AREA_STYLE('',(#15928));
#15928 = FILL_AREA_STYLE_COLOUR('',#15823);
#15929 = STYLED_ITEM('color',(#15930),#9507);
#15930 = PRESENTATION_STYLE_ASSIGNMENT((#15931));
#15931 = SURFACE_STYLE_USAGE(.BOTH.,#15932);
#15932 = SURFACE_SIDE_STYLE('',(#15933));
#15933 = SURFACE_STYLE_FILL_AREA(#15934);
#15934 = FILL_AREA_STYLE('',(#15935));
#15935 = FILL_AREA_STYLE_COLOUR('',#15823);
#15936 = STYLED_ITEM('color',(#15937),#9538);
#15937 = PRESENTATION_STYLE_ASSIGNMENT((#15938));
#15938 = SURFACE_STYLE_USAGE(.BOTH.,#15939);
#15939 = SURFACE_SIDE_STYLE('',(#15940));
#15940 = SURFACE_STYLE_FILL_AREA(#15941);
#15941 = FILL_AREA_STYLE('',(#15942));
#15942 = FILL_AREA_STYLE_COLOUR('',#15120);
#15943 = STYLED_ITEM('color',(#15944),#9765);
#15944 = PRESENTATION_STYLE_ASSIGNMENT((#15945));
#15945 = SURFACE_STYLE_USAGE(.BOTH.,#15946);
#15946 = SURFACE_SIDE_STYLE('',(#15947));
#15947 = SURFACE_STYLE_FILL_AREA(#15948);
#15948 = FILL_AREA_STYLE('',(#15949));
#15949 = FILL_AREA_STYLE_COLOUR('',#15120);
#15950 = STYLED_ITEM('color',(#15951),#9893);
#15951 = PRESENTATION_STYLE_ASSIGNMENT((#15952));
#15952 = SURFACE_STYLE_USAGE(.BOTH.,#15953);
#15953 = SURFACE_SIDE_STYLE('',(#15954));
#15954 = SURFACE_STYLE_FILL_AREA(#15955);
#15955 = FILL_AREA_STYLE('',(#15956));
#15956 = FILL_AREA_STYLE_COLOUR('',#15823);
#15957 = STYLED_ITEM('color',(#15958),#9924);
#15958 = PRESENTATION_STYLE_ASSIGNMENT((#15959));
#15959 = SURFACE_STYLE_USAGE(.BOTH.,#15960);
#15960 = SURFACE_SIDE_STYLE('',(#15961));
#15961 = SURFACE_STYLE_FILL_AREA(#15962);
#15962 = FILL_AREA_STYLE('',(#15963));
#15963 = FILL_AREA_STYLE_COLOUR('',#15120);
#15964 = STYLED_ITEM('color',(#15965),#9947);
#15965 = PRESENTATION_STYLE_ASSIGNMENT((#15966));
#15966 = SURFACE_STYLE_USAGE(.BOTH.,#15967);
#15967 = SURFACE_SIDE_STYLE('',(#15968));
#15968 = SURFACE_STYLE_FILL_AREA(#15969);
#15969 = FILL_AREA_STYLE('',(#15970));
#15970 = FILL_AREA_STYLE_COLOUR('',#15120);
#15971 = STYLED_ITEM('color',(#15972),#10069);
#15972 = PRESENTATION_STYLE_ASSIGNMENT((#15973));
#15973 = SURFACE_STYLE_USAGE(.BOTH.,#15974);
#15974 = SURFACE_SIDE_STYLE('',(#15975));
#15975 = SURFACE_STYLE_FILL_AREA(#15976);
#15976 = FILL_AREA_STYLE('',(#15977));
#15977 = FILL_AREA_STYLE_COLOUR('',#15120);
#15978 = STYLED_ITEM('color',(#15979),#10114);
#15979 = PRESENTATION_STYLE_ASSIGNMENT((#15980));
#15980 = SURFACE_STYLE_USAGE(.BOTH.,#15981);
#15981 = SURFACE_SIDE_STYLE('',(#15982));
#15982 = SURFACE_STYLE_FILL_AREA(#15983);
#15983 = FILL_AREA_STYLE('',(#15984));
#15984 = FILL_AREA_STYLE_COLOUR('',#15823);
#15985 = STYLED_ITEM('color',(#15986),#10146);
#15986 = PRESENTATION_STYLE_ASSIGNMENT((#15987));
#15987 = SURFACE_STYLE_USAGE(.BOTH.,#15988);
#15988 = SURFACE_SIDE_STYLE('',(#15989));
#15989 = SURFACE_STYLE_FILL_AREA(#15990);
#15990 = FILL_AREA_STYLE('',(#15991));
#15991 = FILL_AREA_STYLE_COLOUR('',#15120);
#15992 = STYLED_ITEM('color',(#15993),#10196);
#15993 = PRESENTATION_STYLE_ASSIGNMENT((#15994));
#15994 = SURFACE_STYLE_USAGE(.BOTH.,#15995);
#15995 = SURFACE_SIDE_STYLE('',(#15996));
#15996 = SURFACE_STYLE_FILL_AREA(#15997);
#15997 = FILL_AREA_STYLE('',(#15998));
#15998 = FILL_AREA_STYLE_COLOUR('',#15823);
#15999 = STYLED_ITEM('color',(#16000),#10228);
#16000 = PRESENTATION_STYLE_ASSIGNMENT((#16001));
#16001 = SURFACE_STYLE_USAGE(.BOTH.,#16002);
#16002 = SURFACE_SIDE_STYLE('',(#16003));
#16003 = SURFACE_STYLE_FILL_AREA(#16004);
#16004 = FILL_AREA_STYLE('',(#16005));
#16005 = FILL_AREA_STYLE_COLOUR('',#15120);
#16006 = STYLED_ITEM('color',(#16007),#10245);
#16007 = PRESENTATION_STYLE_ASSIGNMENT((#16008));
#16008 = SURFACE_STYLE_USAGE(.BOTH.,#16009);
#16009 = SURFACE_SIDE_STYLE('',(#16010));
#16010 = SURFACE_STYLE_FILL_AREA(#16011);
#16011 = FILL_AREA_STYLE('',(#16012));
#16012 = FILL_AREA_STYLE_COLOUR('',#15823);
#16013 = STYLED_ITEM('color',(#16014),#10277);
#16014 = PRESENTATION_STYLE_ASSIGNMENT((#16015));
#16015 = SURFACE_STYLE_USAGE(.BOTH.,#16016);
#16016 = SURFACE_SIDE_STYLE('',(#16017));
#16017 = SURFACE_STYLE_FILL_AREA(#16018);
#16018 = FILL_AREA_STYLE('',(#16019));
#16019 = FILL_AREA_STYLE_COLOUR('',#15823);
#16020 = STYLED_ITEM('color',(#16021),#10294);
#16021 = PRESENTATION_STYLE_ASSIGNMENT((#16022));
#16022 = SURFACE_STYLE_USAGE(.BOTH.,#16023);
#16023 = SURFACE_SIDE_STYLE('',(#16024));
#16024 = SURFACE_STYLE_FILL_AREA(#16025);
#16025 = FILL_AREA_STYLE('',(#16026));
#16026 = FILL_AREA_STYLE_COLOUR('',#15823);
#16027 = STYLED_ITEM('color',(#16028),#10326);
#16028 = PRESENTATION_STYLE_ASSIGNMENT((#16029));
#16029 = SURFACE_STYLE_USAGE(.BOTH.,#16030);
#16030 = SURFACE_SIDE_STYLE('',(#16031));
#16031 = SURFACE_STYLE_FILL_AREA(#16032);
#16032 = FILL_AREA_STYLE('',(#16033));
#16033 = FILL_AREA_STYLE_COLOUR('',#15823);
#16034 = STYLED_ITEM('color',(#16035),#10358);
#16035 = PRESENTATION_STYLE_ASSIGNMENT((#16036));
#16036 = SURFACE_STYLE_USAGE(.BOTH.,#16037);
#16037 = SURFACE_SIDE_STYLE('',(#16038));
#16038 = SURFACE_STYLE_FILL_AREA(#16039);
#16039 = FILL_AREA_STYLE('',(#16040));
#16040 = FILL_AREA_STYLE_COLOUR('',#15823);
#16041 = STYLED_ITEM('color',(#16042),#10375);
#16042 = PRESENTATION_STYLE_ASSIGNMENT((#16043));
#16043 = SURFACE_STYLE_USAGE(.BOTH.,#16044);
#16044 = SURFACE_SIDE_STYLE('',(#16045));
#16045 = SURFACE_STYLE_FILL_AREA(#16046);
#16046 = FILL_AREA_STYLE('',(#16047));
#16047 = FILL_AREA_STYLE_COLOUR('',#15823);
#16048 = STYLED_ITEM('color',(#16049),#10407);
#16049 = PRESENTATION_STYLE_ASSIGNMENT((#16050));
#16050 = SURFACE_STYLE_USAGE(.BOTH.,#16051);
#16051 = SURFACE_SIDE_STYLE('',(#16052));
#16052 = SURFACE_STYLE_FILL_AREA(#16053);
#16053 = FILL_AREA_STYLE('',(#16054));
#16054 = FILL_AREA_STYLE_COLOUR('',#15823);
#16055 = STYLED_ITEM('color',(#16056),#10439);
#16056 = PRESENTATION_STYLE_ASSIGNMENT((#16057));
#16057 = SURFACE_STYLE_USAGE(.BOTH.,#16058);
#16058 = SURFACE_SIDE_STYLE('',(#16059));
#16059 = SURFACE_STYLE_FILL_AREA(#16060);
#16060 = FILL_AREA_STYLE('',(#16061));
#16061 = FILL_AREA_STYLE_COLOUR('',#15823);
#16062 = STYLED_ITEM('color',(#16063),#10456);
#16063 = PRESENTATION_STYLE_ASSIGNMENT((#16064));
#16064 = SURFACE_STYLE_USAGE(.BOTH.,#16065);
#16065 = SURFACE_SIDE_STYLE('',(#16066));
#16066 = SURFACE_STYLE_FILL_AREA(#16067);
#16067 = FILL_AREA_STYLE('',(#16068));
#16068 = FILL_AREA_STYLE_COLOUR('',#15823);
#16069 = STYLED_ITEM('color',(#16070),#10488);
#16070 = PRESENTATION_STYLE_ASSIGNMENT((#16071));
#16071 = SURFACE_STYLE_USAGE(.BOTH.,#16072);
#16072 = SURFACE_SIDE_STYLE('',(#16073));
#16073 = SURFACE_STYLE_FILL_AREA(#16074);
#16074 = FILL_AREA_STYLE('',(#16075));
#16075 = FILL_AREA_STYLE_COLOUR('',#15823);
#16076 = STYLED_ITEM('color',(#16077),#10505);
#16077 = PRESENTATION_STYLE_ASSIGNMENT((#16078));
#16078 = SURFACE_STYLE_USAGE(.BOTH.,#16079);
#16079 = SURFACE_SIDE_STYLE('',(#16080));
#16080 = SURFACE_STYLE_FILL_AREA(#16081);
#16081 = FILL_AREA_STYLE('',(#16082));
#16082 = FILL_AREA_STYLE_COLOUR('',#15823);
#16083 = STYLED_ITEM('color',(#16084),#10537);
#16084 = PRESENTATION_STYLE_ASSIGNMENT((#16085));
#16085 = SURFACE_STYLE_USAGE(.BOTH.,#16086);
#16086 = SURFACE_SIDE_STYLE('',(#16087));
#16087 = SURFACE_STYLE_FILL_AREA(#16088);
#16088 = FILL_AREA_STYLE('',(#16089));
#16089 = FILL_AREA_STYLE_COLOUR('',#15823);
#16090 = STYLED_ITEM('color',(#16091),#10569);
#16091 = PRESENTATION_STYLE_ASSIGNMENT((#16092));
#16092 = SURFACE_STYLE_USAGE(.BOTH.,#16093);
#16093 = SURFACE_SIDE_STYLE('',(#16094));
#16094 = SURFACE_STYLE_FILL_AREA(#16095);
#16095 = FILL_AREA_STYLE('',(#16096));
#16096 = FILL_AREA_STYLE_COLOUR('',#15823);
#16097 = STYLED_ITEM('color',(#16098),#10586);
#16098 = PRESENTATION_STYLE_ASSIGNMENT((#16099));
#16099 = SURFACE_STYLE_USAGE(.BOTH.,#16100);
#16100 = SURFACE_SIDE_STYLE('',(#16101));
#16101 = SURFACE_STYLE_FILL_AREA(#16102);
#16102 = FILL_AREA_STYLE('',(#16103));
#16103 = FILL_AREA_STYLE_COLOUR('',#15120);
#16104 = STYLED_ITEM('color',(#16105),#10603);
#16105 = PRESENTATION_STYLE_ASSIGNMENT((#16106));
#16106 = SURFACE_STYLE_USAGE(.BOTH.,#16107);
#16107 = SURFACE_SIDE_STYLE('',(#16108));
#16108 = SURFACE_STYLE_FILL_AREA(#16109);
#16109 = FILL_AREA_STYLE('',(#16110));
#16110 = FILL_AREA_STYLE_COLOUR('',#15823);
#16111 = STYLED_ITEM('color',(#16112),#10620);
#16112 = PRESENTATION_STYLE_ASSIGNMENT((#16113));
#16113 = SURFACE_STYLE_USAGE(.BOTH.,#16114);
#16114 = SURFACE_SIDE_STYLE('',(#16115));
#16115 = SURFACE_STYLE_FILL_AREA(#16116);
#16116 = FILL_AREA_STYLE('',(#16117));
#16117 = FILL_AREA_STYLE_COLOUR('',#15120);
#16118 = STYLED_ITEM('color',(#16119),#10643);
#16119 = PRESENTATION_STYLE_ASSIGNMENT((#16120));
#16120 = SURFACE_STYLE_USAGE(.BOTH.,#16121);
#16121 = SURFACE_SIDE_STYLE('',(#16122));
#16122 = SURFACE_STYLE_FILL_AREA(#16123);
#16123 = FILL_AREA_STYLE('',(#16124));
#16124 = FILL_AREA_STYLE_COLOUR('',#15823);
#16125 = STYLED_ITEM('color',(#16126),#10660);
#16126 = PRESENTATION_STYLE_ASSIGNMENT((#16127));
#16127 = SURFACE_STYLE_USAGE(.BOTH.,#16128);
#16128 = SURFACE_SIDE_STYLE('',(#16129));
#16129 = SURFACE_STYLE_FILL_AREA(#16130);
#16130 = FILL_AREA_STYLE('',(#16131));
#16131 = FILL_AREA_STYLE_COLOUR('',#15823);
#16132 = STYLED_ITEM('color',(#16133),#10672);
#16133 = PRESENTATION_STYLE_ASSIGNMENT((#16134));
#16134 = SURFACE_STYLE_USAGE(.BOTH.,#16135);
#16135 = SURFACE_SIDE_STYLE('',(#16136));
#16136 = SURFACE_STYLE_FILL_AREA(#16137);
#16137 = FILL_AREA_STYLE('',(#16138));
#16138 = FILL_AREA_STYLE_COLOUR('',#15823);
#16139 = STYLED_ITEM('color',(#16140),#10689);
#16140 = PRESENTATION_STYLE_ASSIGNMENT((#16141));
#16141 = SURFACE_STYLE_USAGE(.BOTH.,#16142);
#16142 = SURFACE_SIDE_STYLE('',(#16143));
#16143 = SURFACE_STYLE_FILL_AREA(#16144);
#16144 = FILL_AREA_STYLE('',(#16145));
#16145 = FILL_AREA_STYLE_COLOUR('',#15823);
#16146 = STYLED_ITEM('color',(#16147),#10706);
#16147 = PRESENTATION_STYLE_ASSIGNMENT((#16148));
#16148 = SURFACE_STYLE_USAGE(.BOTH.,#16149);
#16149 = SURFACE_SIDE_STYLE('',(#16150));
#16150 = SURFACE_STYLE_FILL_AREA(#16151);
#16151 = FILL_AREA_STYLE('',(#16152));
#16152 = FILL_AREA_STYLE_COLOUR('',#15823);
#16153 = STYLED_ITEM('color',(#16154),#10723);
#16154 = PRESENTATION_STYLE_ASSIGNMENT((#16155));
#16155 = SURFACE_STYLE_USAGE(.BOTH.,#16156);
#16156 = SURFACE_SIDE_STYLE('',(#16157));
#16157 = SURFACE_STYLE_FILL_AREA(#16158);
#16158 = FILL_AREA_STYLE('',(#16159));
#16159 = FILL_AREA_STYLE_COLOUR('',#15823);
#16160 = STYLED_ITEM('color',(#16161),#10735);
#16161 = PRESENTATION_STYLE_ASSIGNMENT((#16162));
#16162 = SURFACE_STYLE_USAGE(.BOTH.,#16163);
#16163 = SURFACE_SIDE_STYLE('',(#16164));
#16164 = SURFACE_STYLE_FILL_AREA(#16165);
#16165 = FILL_AREA_STYLE('',(#16166));
#16166 = FILL_AREA_STYLE_COLOUR('',#15823);
#16167 = STYLED_ITEM('color',(#16168),#10747);
#16168 = PRESENTATION_STYLE_ASSIGNMENT((#16169));
#16169 = SURFACE_STYLE_USAGE(.BOTH.,#16170);
#16170 = SURFACE_SIDE_STYLE('',(#16171));
#16171 = SURFACE_STYLE_FILL_AREA(#16172);
#16172 = FILL_AREA_STYLE('',(#16173));
#16173 = FILL_AREA_STYLE_COLOUR('',#15823);
#16174 = STYLED_ITEM('color',(#16175),#10759);
#16175 = PRESENTATION_STYLE_ASSIGNMENT((#16176));
#16176 = SURFACE_STYLE_USAGE(.BOTH.,#16177);
#16177 = SURFACE_SIDE_STYLE('',(#16178));
#16178 = SURFACE_STYLE_FILL_AREA(#16179);
#16179 = FILL_AREA_STYLE('',(#16180));
#16180 = FILL_AREA_STYLE_COLOUR('',#15823);
#16181 = STYLED_ITEM('color',(#16182),#10771);
#16182 = PRESENTATION_STYLE_ASSIGNMENT((#16183));
#16183 = SURFACE_STYLE_USAGE(.BOTH.,#16184);
#16184 = SURFACE_SIDE_STYLE('',(#16185));
#16185 = SURFACE_STYLE_FILL_AREA(#16186);
#16186 = FILL_AREA_STYLE('',(#16187));
#16187 = FILL_AREA_STYLE_COLOUR('',#16188);
#16188 = COLOUR_RGB('',0.690999977303,0.663999984767,0.597999987832);
#16189 = STYLED_ITEM('color',(#16190),#10796);
#16190 = PRESENTATION_STYLE_ASSIGNMENT((#16191));
#16191 = SURFACE_STYLE_USAGE(.BOTH.,#16192);
#16192 = SURFACE_SIDE_STYLE('',(#16193));
#16193 = SURFACE_STYLE_FILL_AREA(#16194);
#16194 = FILL_AREA_STYLE('',(#16195));
#16195 = FILL_AREA_STYLE_COLOUR('',#16188);
#16196 = MECHANICAL_DESIGN_GEOMETRIC_PRESENTATION_REPRESENTATION('',(
    #16197,#16204,#16211,#16218,#16225,#16232,#16240,#16248,#16255,
    #16262,#16269,#16276,#16283,#16290,#16297,#16304,#16311,#16318,
    #16325,#16332,#16339,#16346,#16353,#16360,#16367,#16374,#16381,
    #16388,#16395,#16402,#16409,#16416,#16423,#16430,#16437,#16444,
    #16451,#16458,#16465,#16472,#16479,#16486,#16493,#16500,#16507,
    #16514,#16521,#16528,#16535,#16542,#16549,#16556,#16563,#16570,
    #16577,#16584,#16591,#16598,#16605,#16612,#16619,#16626,#16633,
    #16640,#16647,#16654,#16661,#16668,#16675,#16682,#16689,#16696,
    #16703,#16710,#16717,#16724,#16731,#16738,#16745,#16752,#16759,
    #16766,#16773,#16780,#16787,#16794),#14432);
#16197 = STYLED_ITEM('color',(#16198),#11964);
#16198 = PRESENTATION_STYLE_ASSIGNMENT((#16199));
#16199 = SURFACE_STYLE_USAGE(.BOTH.,#16200);
#16200 = SURFACE_SIDE_STYLE('',(#16201));
#16201 = SURFACE_STYLE_FILL_AREA(#16202);
#16202 = FILL_AREA_STYLE('',(#16203));
#16203 = FILL_AREA_STYLE_COLOUR('',#15233);
#16204 = STYLED_ITEM('color',(#16205),#12004);
#16205 = PRESENTATION_STYLE_ASSIGNMENT((#16206));
#16206 = SURFACE_STYLE_USAGE(.BOTH.,#16207);
#16207 = SURFACE_SIDE_STYLE('',(#16208));
#16208 = SURFACE_STYLE_FILL_AREA(#16209);
#16209 = FILL_AREA_STYLE('',(#16210));
#16210 = FILL_AREA_STYLE_COLOUR('',#15233);
#16211 = STYLED_ITEM('color',(#16212),#12051);
#16212 = PRESENTATION_STYLE_ASSIGNMENT((#16213));
#16213 = SURFACE_STYLE_USAGE(.BOTH.,#16214);
#16214 = SURFACE_SIDE_STYLE('',(#16215));
#16215 = SURFACE_STYLE_FILL_AREA(#16216);
#16216 = FILL_AREA_STYLE('',(#16217));
#16217 = FILL_AREA_STYLE_COLOUR('',#15233);
#16218 = STYLED_ITEM('color',(#16219),#12098);
#16219 = PRESENTATION_STYLE_ASSIGNMENT((#16220));
#16220 = SURFACE_STYLE_USAGE(.BOTH.,#16221);
#16221 = SURFACE_SIDE_STYLE('',(#16222));
#16222 = SURFACE_STYLE_FILL_AREA(#16223);
#16223 = FILL_AREA_STYLE('',(#16224));
#16224 = FILL_AREA_STYLE_COLOUR('',#15233);
#16225 = STYLED_ITEM('color',(#16226),#12147);
#16226 = PRESENTATION_STYLE_ASSIGNMENT((#16227));
#16227 = SURFACE_STYLE_USAGE(.BOTH.,#16228);
#16228 = SURFACE_SIDE_STYLE('',(#16229));
#16229 = SURFACE_STYLE_FILL_AREA(#16230);
#16230 = FILL_AREA_STYLE('',(#16231));
#16231 = FILL_AREA_STYLE_COLOUR('',#15233);
#16232 = STYLED_ITEM('color',(#16233),#12164);
#16233 = PRESENTATION_STYLE_ASSIGNMENT((#16234));
#16234 = SURFACE_STYLE_USAGE(.BOTH.,#16235);
#16235 = SURFACE_SIDE_STYLE('',(#16236));
#16236 = SURFACE_STYLE_FILL_AREA(#16237);
#16237 = FILL_AREA_STYLE('',(#16238));
#16238 = FILL_AREA_STYLE_COLOUR('',#16239);
#16239 = COLOUR_RGB('',0.507539989043,0.507539989043,0.507539989043);
#16240 = STYLED_ITEM('color',(#16241),#12277);
#16241 = PRESENTATION_STYLE_ASSIGNMENT((#16242));
#16242 = SURFACE_STYLE_USAGE(.BOTH.,#16243);
#16243 = SURFACE_SIDE_STYLE('',(#16244));
#16244 = SURFACE_STYLE_FILL_AREA(#16245);
#16245 = FILL_AREA_STYLE('',(#16246));
#16246 = FILL_AREA_STYLE_COLOUR('',#16247);
#16247 = COLOUR_RGB('',0.894999966383,0.890999961016,0.813000030345);
#16248 = STYLED_ITEM('color',(#16249),#12301);
#16249 = PRESENTATION_STYLE_ASSIGNMENT((#16250));
#16250 = SURFACE_STYLE_USAGE(.BOTH.,#16251);
#16251 = SURFACE_SIDE_STYLE('',(#16252));
#16252 = SURFACE_STYLE_FILL_AREA(#16253);
#16253 = FILL_AREA_STYLE('',(#16254));
#16254 = FILL_AREA_STYLE_COLOUR('',#16247);
#16255 = STYLED_ITEM('color',(#16256),#12325);
#16256 = PRESENTATION_STYLE_ASSIGNMENT((#16257));
#16257 = SURFACE_STYLE_USAGE(.BOTH.,#16258);
#16258 = SURFACE_SIDE_STYLE('',(#16259));
#16259 = SURFACE_STYLE_FILL_AREA(#16260);
#16260 = FILL_AREA_STYLE('',(#16261));
#16261 = FILL_AREA_STYLE_COLOUR('',#16247);
#16262 = STYLED_ITEM('color',(#16263),#12356);
#16263 = PRESENTATION_STYLE_ASSIGNMENT((#16264));
#16264 = SURFACE_STYLE_USAGE(.BOTH.,#16265);
#16265 = SURFACE_SIDE_STYLE('',(#16266));
#16266 = SURFACE_STYLE_FILL_AREA(#16267);
#16267 = FILL_AREA_STYLE('',(#16268));
#16268 = FILL_AREA_STYLE_COLOUR('',#16247);
#16269 = STYLED_ITEM('color',(#16270),#12405);
#16270 = PRESENTATION_STYLE_ASSIGNMENT((#16271));
#16271 = SURFACE_STYLE_USAGE(.BOTH.,#16272);
#16272 = SURFACE_SIDE_STYLE('',(#16273));
#16273 = SURFACE_STYLE_FILL_AREA(#16274);
#16274 = FILL_AREA_STYLE('',(#16275));
#16275 = FILL_AREA_STYLE_COLOUR('',#16247);
#16276 = STYLED_ITEM('color',(#16277),#12429);
#16277 = PRESENTATION_STYLE_ASSIGNMENT((#16278));
#16278 = SURFACE_STYLE_USAGE(.BOTH.,#16279);
#16279 = SURFACE_SIDE_STYLE('',(#16280));
#16280 = SURFACE_STYLE_FILL_AREA(#16281);
#16281 = FILL_AREA_STYLE('',(#16282));
#16282 = FILL_AREA_STYLE_COLOUR('',#16239);
#16283 = STYLED_ITEM('color',(#16284),#12460);
#16284 = PRESENTATION_STYLE_ASSIGNMENT((#16285));
#16285 = SURFACE_STYLE_USAGE(.BOTH.,#16286);
#16286 = SURFACE_SIDE_STYLE('',(#16287));
#16287 = SURFACE_STYLE_FILL_AREA(#16288);
#16288 = FILL_AREA_STYLE('',(#16289));
#16289 = FILL_AREA_STYLE_COLOUR('',#16247);
#16290 = STYLED_ITEM('color',(#16291),#12484);
#16291 = PRESENTATION_STYLE_ASSIGNMENT((#16292));
#16292 = SURFACE_STYLE_USAGE(.BOTH.,#16293);
#16293 = SURFACE_SIDE_STYLE('',(#16294));
#16294 = SURFACE_STYLE_FILL_AREA(#16295);
#16295 = FILL_AREA_STYLE('',(#16296));
#16296 = FILL_AREA_STYLE_COLOUR('',#16247);
#16297 = STYLED_ITEM('color',(#16298),#12547);
#16298 = PRESENTATION_STYLE_ASSIGNMENT((#16299));
#16299 = SURFACE_STYLE_USAGE(.BOTH.,#16300);
#16300 = SURFACE_SIDE_STYLE('',(#16301));
#16301 = SURFACE_STYLE_FILL_AREA(#16302);
#16302 = FILL_AREA_STYLE('',(#16303));
#16303 = FILL_AREA_STYLE_COLOUR('',#15233);
#16304 = STYLED_ITEM('color',(#16305),#12587);
#16305 = PRESENTATION_STYLE_ASSIGNMENT((#16306));
#16306 = SURFACE_STYLE_USAGE(.BOTH.,#16307);
#16307 = SURFACE_SIDE_STYLE('',(#16308));
#16308 = SURFACE_STYLE_FILL_AREA(#16309);
#16309 = FILL_AREA_STYLE('',(#16310));
#16310 = FILL_AREA_STYLE_COLOUR('',#15233);
#16311 = STYLED_ITEM('color',(#16312),#12611);
#16312 = PRESENTATION_STYLE_ASSIGNMENT((#16313));
#16313 = SURFACE_STYLE_USAGE(.BOTH.,#16314);
#16314 = SURFACE_SIDE_STYLE('',(#16315));
#16315 = SURFACE_STYLE_FILL_AREA(#16316);
#16316 = FILL_AREA_STYLE('',(#16317));
#16317 = FILL_AREA_STYLE_COLOUR('',#15233);
#16318 = STYLED_ITEM('color',(#16319),#12651);
#16319 = PRESENTATION_STYLE_ASSIGNMENT((#16320));
#16320 = SURFACE_STYLE_USAGE(.BOTH.,#16321);
#16321 = SURFACE_SIDE_STYLE('',(#16322));
#16322 = SURFACE_STYLE_FILL_AREA(#16323);
#16323 = FILL_AREA_STYLE('',(#16324));
#16324 = FILL_AREA_STYLE_COLOUR('',#16247);
#16325 = STYLED_ITEM('color',(#16326),#12675);
#16326 = PRESENTATION_STYLE_ASSIGNMENT((#16327));
#16327 = SURFACE_STYLE_USAGE(.BOTH.,#16328);
#16328 = SURFACE_SIDE_STYLE('',(#16329));
#16329 = SURFACE_STYLE_FILL_AREA(#16330);
#16330 = FILL_AREA_STYLE('',(#16331));
#16331 = FILL_AREA_STYLE_COLOUR('',#15233);
#16332 = STYLED_ITEM('color',(#16333),#12715);
#16333 = PRESENTATION_STYLE_ASSIGNMENT((#16334));
#16334 = SURFACE_STYLE_USAGE(.BOTH.,#16335);
#16335 = SURFACE_SIDE_STYLE('',(#16336));
#16336 = SURFACE_STYLE_FILL_AREA(#16337);
#16337 = FILL_AREA_STYLE('',(#16338));
#16338 = FILL_AREA_STYLE_COLOUR('',#15233);
#16339 = STYLED_ITEM('color',(#16340),#12739);
#16340 = PRESENTATION_STYLE_ASSIGNMENT((#16341));
#16341 = SURFACE_STYLE_USAGE(.BOTH.,#16342);
#16342 = SURFACE_SIDE_STYLE('',(#16343));
#16343 = SURFACE_STYLE_FILL_AREA(#16344);
#16344 = FILL_AREA_STYLE('',(#16345));
#16345 = FILL_AREA_STYLE_COLOUR('',#15233);
#16346 = STYLED_ITEM('color',(#16347),#12765);
#16347 = PRESENTATION_STYLE_ASSIGNMENT((#16348));
#16348 = SURFACE_STYLE_USAGE(.BOTH.,#16349);
#16349 = SURFACE_SIDE_STYLE('',(#16350));
#16350 = SURFACE_STYLE_FILL_AREA(#16351);
#16351 = FILL_AREA_STYLE('',(#16352));
#16352 = FILL_AREA_STYLE_COLOUR('',#16239);
#16353 = STYLED_ITEM('color',(#16354),#12789);
#16354 = PRESENTATION_STYLE_ASSIGNMENT((#16355));
#16355 = SURFACE_STYLE_USAGE(.BOTH.,#16356);
#16356 = SURFACE_SIDE_STYLE('',(#16357));
#16357 = SURFACE_STYLE_FILL_AREA(#16358);
#16358 = FILL_AREA_STYLE('',(#16359));
#16359 = FILL_AREA_STYLE_COLOUR('',#16239);
#16360 = STYLED_ITEM('color',(#16361),#12822);
#16361 = PRESENTATION_STYLE_ASSIGNMENT((#16362));
#16362 = SURFACE_STYLE_USAGE(.BOTH.,#16363);
#16363 = SURFACE_SIDE_STYLE('',(#16364));
#16364 = SURFACE_STYLE_FILL_AREA(#16365);
#16365 = FILL_AREA_STYLE('',(#16366));
#16366 = FILL_AREA_STYLE_COLOUR('',#16239);
#16367 = STYLED_ITEM('color',(#16368),#12846);
#16368 = PRESENTATION_STYLE_ASSIGNMENT((#16369));
#16369 = SURFACE_STYLE_USAGE(.BOTH.,#16370);
#16370 = SURFACE_SIDE_STYLE('',(#16371));
#16371 = SURFACE_STYLE_FILL_AREA(#16372);
#16372 = FILL_AREA_STYLE('',(#16373));
#16373 = FILL_AREA_STYLE_COLOUR('',#16247);
#16374 = STYLED_ITEM('color',(#16375),#12870);
#16375 = PRESENTATION_STYLE_ASSIGNMENT((#16376));
#16376 = SURFACE_STYLE_USAGE(.BOTH.,#16377);
#16377 = SURFACE_SIDE_STYLE('',(#16378));
#16378 = SURFACE_STYLE_FILL_AREA(#16379);
#16379 = FILL_AREA_STYLE('',(#16380));
#16380 = FILL_AREA_STYLE_COLOUR('',#16247);
#16381 = STYLED_ITEM('color',(#16382),#12926);
#16382 = PRESENTATION_STYLE_ASSIGNMENT((#16383));
#16383 = SURFACE_STYLE_USAGE(.BOTH.,#16384);
#16384 = SURFACE_SIDE_STYLE('',(#16385));
#16385 = SURFACE_STYLE_FILL_AREA(#16386);
#16386 = FILL_AREA_STYLE('',(#16387));
#16387 = FILL_AREA_STYLE_COLOUR('',#16247);
#16388 = STYLED_ITEM('color',(#16389),#12943);
#16389 = PRESENTATION_STYLE_ASSIGNMENT((#16390));
#16390 = SURFACE_STYLE_USAGE(.BOTH.,#16391);
#16391 = SURFACE_SIDE_STYLE('',(#16392));
#16392 = SURFACE_STYLE_FILL_AREA(#16393);
#16393 = FILL_AREA_STYLE('',(#16394));
#16394 = FILL_AREA_STYLE_COLOUR('',#16239);
#16395 = STYLED_ITEM('color',(#16396),#13047);
#16396 = PRESENTATION_STYLE_ASSIGNMENT((#16397));
#16397 = SURFACE_STYLE_USAGE(.BOTH.,#16398);
#16398 = SURFACE_SIDE_STYLE('',(#16399));
#16399 = SURFACE_STYLE_FILL_AREA(#16400);
#16400 = FILL_AREA_STYLE('',(#16401));
#16401 = FILL_AREA_STYLE_COLOUR('',#15233);
#16402 = STYLED_ITEM('color',(#16403),#13085);
#16403 = PRESENTATION_STYLE_ASSIGNMENT((#16404));
#16404 = SURFACE_STYLE_USAGE(.BOTH.,#16405);
#16405 = SURFACE_SIDE_STYLE('',(#16406));
#16406 = SURFACE_STYLE_FILL_AREA(#16407);
#16407 = FILL_AREA_STYLE('',(#16408));
#16408 = FILL_AREA_STYLE_COLOUR('',#16247);
#16409 = STYLED_ITEM('color',(#16410),#13097);
#16410 = PRESENTATION_STYLE_ASSIGNMENT((#16411));
#16411 = SURFACE_STYLE_USAGE(.BOTH.,#16412);
#16412 = SURFACE_SIDE_STYLE('',(#16413));
#16413 = SURFACE_STYLE_FILL_AREA(#16414);
#16414 = FILL_AREA_STYLE('',(#16415));
#16415 = FILL_AREA_STYLE_COLOUR('',#16247);
#16416 = STYLED_ITEM('color',(#16417),#13121);
#16417 = PRESENTATION_STYLE_ASSIGNMENT((#16418));
#16418 = SURFACE_STYLE_USAGE(.BOTH.,#16419);
#16419 = SURFACE_SIDE_STYLE('',(#16420));
#16420 = SURFACE_STYLE_FILL_AREA(#16421);
#16421 = FILL_AREA_STYLE('',(#16422));
#16422 = FILL_AREA_STYLE_COLOUR('',#15233);
#16423 = STYLED_ITEM('color',(#16424),#13175);
#16424 = PRESENTATION_STYLE_ASSIGNMENT((#16425));
#16425 = SURFACE_STYLE_USAGE(.BOTH.,#16426);
#16426 = SURFACE_SIDE_STYLE('',(#16427));
#16427 = SURFACE_STYLE_FILL_AREA(#16428);
#16428 = FILL_AREA_STYLE('',(#16429));
#16429 = FILL_AREA_STYLE_COLOUR('',#16247);
#16430 = STYLED_ITEM('color',(#16431),#13197);
#16431 = PRESENTATION_STYLE_ASSIGNMENT((#16432));
#16432 = SURFACE_STYLE_USAGE(.BOTH.,#16433);
#16433 = SURFACE_SIDE_STYLE('',(#16434));
#16434 = SURFACE_STYLE_FILL_AREA(#16435);
#16435 = FILL_AREA_STYLE('',(#16436));
#16436 = FILL_AREA_STYLE_COLOUR('',#15233);
#16437 = STYLED_ITEM('color',(#16438),#13237);
#16438 = PRESENTATION_STYLE_ASSIGNMENT((#16439));
#16439 = SURFACE_STYLE_USAGE(.BOTH.,#16440);
#16440 = SURFACE_SIDE_STYLE('',(#16441));
#16441 = SURFACE_STYLE_FILL_AREA(#16442);
#16442 = FILL_AREA_STYLE('',(#16443));
#16443 = FILL_AREA_STYLE_COLOUR('',#16247);
#16444 = STYLED_ITEM('color',(#16445),#13261);
#16445 = PRESENTATION_STYLE_ASSIGNMENT((#16446));
#16446 = SURFACE_STYLE_USAGE(.BOTH.,#16447);
#16447 = SURFACE_SIDE_STYLE('',(#16448));
#16448 = SURFACE_STYLE_FILL_AREA(#16449);
#16449 = FILL_AREA_STYLE('',(#16450));
#16450 = FILL_AREA_STYLE_COLOUR('',#16247);
#16451 = STYLED_ITEM('color',(#16452),#13285);
#16452 = PRESENTATION_STYLE_ASSIGNMENT((#16453));
#16453 = SURFACE_STYLE_USAGE(.BOTH.,#16454);
#16454 = SURFACE_SIDE_STYLE('',(#16455));
#16455 = SURFACE_STYLE_FILL_AREA(#16456);
#16456 = FILL_AREA_STYLE('',(#16457));
#16457 = FILL_AREA_STYLE_COLOUR('',#16247);
#16458 = STYLED_ITEM('color',(#16459),#13302);
#16459 = PRESENTATION_STYLE_ASSIGNMENT((#16460));
#16460 = SURFACE_STYLE_USAGE(.BOTH.,#16461);
#16461 = SURFACE_SIDE_STYLE('',(#16462));
#16462 = SURFACE_STYLE_FILL_AREA(#16463);
#16463 = FILL_AREA_STYLE('',(#16464));
#16464 = FILL_AREA_STYLE_COLOUR('',#15233);
#16465 = STYLED_ITEM('color',(#16466),#13356);
#16466 = PRESENTATION_STYLE_ASSIGNMENT((#16467));
#16467 = SURFACE_STYLE_USAGE(.BOTH.,#16468);
#16468 = SURFACE_SIDE_STYLE('',(#16469));
#16469 = SURFACE_STYLE_FILL_AREA(#16470);
#16470 = FILL_AREA_STYLE('',(#16471));
#16471 = FILL_AREA_STYLE_COLOUR('',#15233);
#16472 = STYLED_ITEM('color',(#16473),#13368);
#16473 = PRESENTATION_STYLE_ASSIGNMENT((#16474));
#16474 = SURFACE_STYLE_USAGE(.BOTH.,#16475);
#16475 = SURFACE_SIDE_STYLE('',(#16476));
#16476 = SURFACE_STYLE_FILL_AREA(#16477);
#16477 = FILL_AREA_STYLE('',(#16478));
#16478 = FILL_AREA_STYLE_COLOUR('',#16247);
#16479 = STYLED_ITEM('color',(#16480),#13385);
#16480 = PRESENTATION_STYLE_ASSIGNMENT((#16481));
#16481 = SURFACE_STYLE_USAGE(.BOTH.,#16482);
#16482 = SURFACE_SIDE_STYLE('',(#16483));
#16483 = SURFACE_STYLE_FILL_AREA(#16484);
#16484 = FILL_AREA_STYLE('',(#16485));
#16485 = FILL_AREA_STYLE_COLOUR('',#15233);
#16486 = STYLED_ITEM('color',(#16487),#13439);
#16487 = PRESENTATION_STYLE_ASSIGNMENT((#16488));
#16488 = SURFACE_STYLE_USAGE(.BOTH.,#16489);
#16489 = SURFACE_SIDE_STYLE('',(#16490));
#16490 = SURFACE_STYLE_FILL_AREA(#16491);
#16491 = FILL_AREA_STYLE('',(#16492));
#16492 = FILL_AREA_STYLE_COLOUR('',#15233);
#16493 = STYLED_ITEM('color',(#16494),#13451);
#16494 = PRESENTATION_STYLE_ASSIGNMENT((#16495));
#16495 = SURFACE_STYLE_USAGE(.BOTH.,#16496);
#16496 = SURFACE_SIDE_STYLE('',(#16497));
#16497 = SURFACE_STYLE_FILL_AREA(#16498);
#16498 = FILL_AREA_STYLE('',(#16499));
#16499 = FILL_AREA_STYLE_COLOUR('',#16239);
#16500 = STYLED_ITEM('color',(#16501),#13476);
#16501 = PRESENTATION_STYLE_ASSIGNMENT((#16502));
#16502 = SURFACE_STYLE_USAGE(.BOTH.,#16503);
#16503 = SURFACE_SIDE_STYLE('',(#16504));
#16504 = SURFACE_STYLE_FILL_AREA(#16505);
#16505 = FILL_AREA_STYLE('',(#16506));
#16506 = FILL_AREA_STYLE_COLOUR('',#16239);
#16507 = STYLED_ITEM('color',(#16508),#13501);
#16508 = PRESENTATION_STYLE_ASSIGNMENT((#16509));
#16509 = SURFACE_STYLE_USAGE(.BOTH.,#16510);
#16510 = SURFACE_SIDE_STYLE('',(#16511));
#16511 = SURFACE_STYLE_FILL_AREA(#16512);
#16512 = FILL_AREA_STYLE('',(#16513));
#16513 = FILL_AREA_STYLE_COLOUR('',#16239);
#16514 = STYLED_ITEM('color',(#16515),#13518);
#16515 = PRESENTATION_STYLE_ASSIGNMENT((#16516));
#16516 = SURFACE_STYLE_USAGE(.BOTH.,#16517);
#16517 = SURFACE_SIDE_STYLE('',(#16518));
#16518 = SURFACE_STYLE_FILL_AREA(#16519);
#16519 = FILL_AREA_STYLE('',(#16520));
#16520 = FILL_AREA_STYLE_COLOUR('',#16247);
#16521 = STYLED_ITEM('color',(#16522),#13535);
#16522 = PRESENTATION_STYLE_ASSIGNMENT((#16523));
#16523 = SURFACE_STYLE_USAGE(.BOTH.,#16524);
#16524 = SURFACE_SIDE_STYLE('',(#16525));
#16525 = SURFACE_STYLE_FILL_AREA(#16526);
#16526 = FILL_AREA_STYLE('',(#16527));
#16527 = FILL_AREA_STYLE_COLOUR('',#16247);
#16528 = STYLED_ITEM('color',(#16529),#13559);
#16529 = PRESENTATION_STYLE_ASSIGNMENT((#16530));
#16530 = SURFACE_STYLE_USAGE(.BOTH.,#16531);
#16531 = SURFACE_SIDE_STYLE('',(#16532));
#16532 = SURFACE_STYLE_FILL_AREA(#16533);
#16533 = FILL_AREA_STYLE('',(#16534));
#16534 = FILL_AREA_STYLE_COLOUR('',#16247);
#16535 = STYLED_ITEM('color',(#16536),#13571);
#16536 = PRESENTATION_STYLE_ASSIGNMENT((#16537));
#16537 = SURFACE_STYLE_USAGE(.BOTH.,#16538);
#16538 = SURFACE_SIDE_STYLE('',(#16539));
#16539 = SURFACE_STYLE_FILL_AREA(#16540);
#16540 = FILL_AREA_STYLE('',(#16541));
#16541 = FILL_AREA_STYLE_COLOUR('',#16247);
#16542 = STYLED_ITEM('color',(#16543),#13583);
#16543 = PRESENTATION_STYLE_ASSIGNMENT((#16544));
#16544 = SURFACE_STYLE_USAGE(.BOTH.,#16545);
#16545 = SURFACE_SIDE_STYLE('',(#16546));
#16546 = SURFACE_STYLE_FILL_AREA(#16547);
#16547 = FILL_AREA_STYLE('',(#16548));
#16548 = FILL_AREA_STYLE_COLOUR('',#15233);
#16549 = STYLED_ITEM('color',(#16550),#13607);
#16550 = PRESENTATION_STYLE_ASSIGNMENT((#16551));
#16551 = SURFACE_STYLE_USAGE(.BOTH.,#16552);
#16552 = SURFACE_SIDE_STYLE('',(#16553));
#16553 = SURFACE_STYLE_FILL_AREA(#16554);
#16554 = FILL_AREA_STYLE('',(#16555));
#16555 = FILL_AREA_STYLE_COLOUR('',#15233);
#16556 = STYLED_ITEM('color',(#16557),#13638);
#16557 = PRESENTATION_STYLE_ASSIGNMENT((#16558));
#16558 = SURFACE_STYLE_USAGE(.BOTH.,#16559);
#16559 = SURFACE_SIDE_STYLE('',(#16560));
#16560 = SURFACE_STYLE_FILL_AREA(#16561);
#16561 = FILL_AREA_STYLE('',(#16562));
#16562 = FILL_AREA_STYLE_COLOUR('',#16247);
#16563 = STYLED_ITEM('color',(#16564),#13662);
#16564 = PRESENTATION_STYLE_ASSIGNMENT((#16565));
#16565 = SURFACE_STYLE_USAGE(.BOTH.,#16566);
#16566 = SURFACE_SIDE_STYLE('',(#16567));
#16567 = SURFACE_STYLE_FILL_AREA(#16568);
#16568 = FILL_AREA_STYLE('',(#16569));
#16569 = FILL_AREA_STYLE_COLOUR('',#15233);
#16570 = STYLED_ITEM('color',(#16571),#13702);
#16571 = PRESENTATION_STYLE_ASSIGNMENT((#16572));
#16572 = SURFACE_STYLE_USAGE(.BOTH.,#16573);
#16573 = SURFACE_SIDE_STYLE('',(#16574));
#16574 = SURFACE_STYLE_FILL_AREA(#16575);
#16575 = FILL_AREA_STYLE('',(#16576));
#16576 = FILL_AREA_STYLE_COLOUR('',#15233);
#16577 = STYLED_ITEM('color',(#16578),#13726);
#16578 = PRESENTATION_STYLE_ASSIGNMENT((#16579));
#16579 = SURFACE_STYLE_USAGE(.BOTH.,#16580);
#16580 = SURFACE_SIDE_STYLE('',(#16581));
#16581 = SURFACE_STYLE_FILL_AREA(#16582);
#16582 = FILL_AREA_STYLE('',(#16583));
#16583 = FILL_AREA_STYLE_COLOUR('',#15233);
#16584 = STYLED_ITEM('color',(#16585),#13766);
#16585 = PRESENTATION_STYLE_ASSIGNMENT((#16586));
#16586 = SURFACE_STYLE_USAGE(.BOTH.,#16587);
#16587 = SURFACE_SIDE_STYLE('',(#16588));
#16588 = SURFACE_STYLE_FILL_AREA(#16589);
#16589 = FILL_AREA_STYLE('',(#16590));
#16590 = FILL_AREA_STYLE_COLOUR('',#16247);
#16591 = STYLED_ITEM('color',(#16592),#13790);
#16592 = PRESENTATION_STYLE_ASSIGNMENT((#16593));
#16593 = SURFACE_STYLE_USAGE(.BOTH.,#16594);
#16594 = SURFACE_SIDE_STYLE('',(#16595));
#16595 = SURFACE_STYLE_FILL_AREA(#16596);
#16596 = FILL_AREA_STYLE('',(#16597));
#16597 = FILL_AREA_STYLE_COLOUR('',#15233);
#16598 = STYLED_ITEM('color',(#16599),#13830);
#16599 = PRESENTATION_STYLE_ASSIGNMENT((#16600));
#16600 = SURFACE_STYLE_USAGE(.BOTH.,#16601);
#16601 = SURFACE_SIDE_STYLE('',(#16602));
#16602 = SURFACE_STYLE_FILL_AREA(#16603);
#16603 = FILL_AREA_STYLE('',(#16604));
#16604 = FILL_AREA_STYLE_COLOUR('',#15233);
#16605 = STYLED_ITEM('color',(#16606),#13847);
#16606 = PRESENTATION_STYLE_ASSIGNMENT((#16607));
#16607 = SURFACE_STYLE_USAGE(.BOTH.,#16608);
#16608 = SURFACE_SIDE_STYLE('',(#16609));
#16609 = SURFACE_STYLE_FILL_AREA(#16610);
#16610 = FILL_AREA_STYLE('',(#16611));
#16611 = FILL_AREA_STYLE_COLOUR('',#16239);
#16612 = STYLED_ITEM('color',(#16613),#13859);
#16613 = PRESENTATION_STYLE_ASSIGNMENT((#16614));
#16614 = SURFACE_STYLE_USAGE(.BOTH.,#16615);
#16615 = SURFACE_SIDE_STYLE('',(#16616));
#16616 = SURFACE_STYLE_FILL_AREA(#16617);
#16617 = FILL_AREA_STYLE('',(#16618));
#16618 = FILL_AREA_STYLE_COLOUR('',#15233);
#16619 = STYLED_ITEM('color',(#16620),#13871);
#16620 = PRESENTATION_STYLE_ASSIGNMENT((#16621));
#16621 = SURFACE_STYLE_USAGE(.BOTH.,#16622);
#16622 = SURFACE_SIDE_STYLE('',(#16623));
#16623 = SURFACE_STYLE_FILL_AREA(#16624);
#16624 = FILL_AREA_STYLE('',(#16625));
#16625 = FILL_AREA_STYLE_COLOUR('',#16247);
#16626 = STYLED_ITEM('color',(#16627),#13888);
#16627 = PRESENTATION_STYLE_ASSIGNMENT((#16628));
#16628 = SURFACE_STYLE_USAGE(.BOTH.,#16629);
#16629 = SURFACE_SIDE_STYLE('',(#16630));
#16630 = SURFACE_STYLE_FILL_AREA(#16631);
#16631 = FILL_AREA_STYLE('',(#16632));
#16632 = FILL_AREA_STYLE_COLOUR('',#15233);
#16633 = STYLED_ITEM('color',(#16634),#13942);
#16634 = PRESENTATION_STYLE_ASSIGNMENT((#16635));
#16635 = SURFACE_STYLE_USAGE(.BOTH.,#16636);
#16636 = SURFACE_SIDE_STYLE('',(#16637));
#16637 = SURFACE_STYLE_FILL_AREA(#16638);
#16638 = FILL_AREA_STYLE('',(#16639));
#16639 = FILL_AREA_STYLE_COLOUR('',#15233);
#16640 = STYLED_ITEM('color',(#16641),#13954);
#16641 = PRESENTATION_STYLE_ASSIGNMENT((#16642));
#16642 = SURFACE_STYLE_USAGE(.BOTH.,#16643);
#16643 = SURFACE_SIDE_STYLE('',(#16644));
#16644 = SURFACE_STYLE_FILL_AREA(#16645);
#16645 = FILL_AREA_STYLE('',(#16646));
#16646 = FILL_AREA_STYLE_COLOUR('',#16247);
#16647 = STYLED_ITEM('color',(#16648),#14003);
#16648 = PRESENTATION_STYLE_ASSIGNMENT((#16649));
#16649 = SURFACE_STYLE_USAGE(.BOTH.,#16650);
#16650 = SURFACE_SIDE_STYLE('',(#16651));
#16651 = SURFACE_STYLE_FILL_AREA(#16652);
#16652 = FILL_AREA_STYLE('',(#16653));
#16653 = FILL_AREA_STYLE_COLOUR('',#16247);
#16654 = STYLED_ITEM('color',(#16655),#14020);
#16655 = PRESENTATION_STYLE_ASSIGNMENT((#16656));
#16656 = SURFACE_STYLE_USAGE(.BOTH.,#16657);
#16657 = SURFACE_SIDE_STYLE('',(#16658));
#16658 = SURFACE_STYLE_FILL_AREA(#16659);
#16659 = FILL_AREA_STYLE('',(#16660));
#16660 = FILL_AREA_STYLE_COLOUR('',#16239);
#16661 = STYLED_ITEM('color',(#16662),#14042);
#16662 = PRESENTATION_STYLE_ASSIGNMENT((#16663));
#16663 = SURFACE_STYLE_USAGE(.BOTH.,#16664);
#16664 = SURFACE_SIDE_STYLE('',(#16665));
#16665 = SURFACE_STYLE_FILL_AREA(#16666);
#16666 = FILL_AREA_STYLE('',(#16667));
#16667 = FILL_AREA_STYLE_COLOUR('',#16247);
#16668 = STYLED_ITEM('color',(#16669),#14066);
#16669 = PRESENTATION_STYLE_ASSIGNMENT((#16670));
#16670 = SURFACE_STYLE_USAGE(.BOTH.,#16671);
#16671 = SURFACE_SIDE_STYLE('',(#16672));
#16672 = SURFACE_STYLE_FILL_AREA(#16673);
#16673 = FILL_AREA_STYLE('',(#16674));
#16674 = FILL_AREA_STYLE_COLOUR('',#16247);
#16675 = STYLED_ITEM('color',(#16676),#14090);
#16676 = PRESENTATION_STYLE_ASSIGNMENT((#16677));
#16677 = SURFACE_STYLE_USAGE(.BOTH.,#16678);
#16678 = SURFACE_SIDE_STYLE('',(#16679));
#16679 = SURFACE_STYLE_FILL_AREA(#16680);
#16680 = FILL_AREA_STYLE('',(#16681));
#16681 = FILL_AREA_STYLE_COLOUR('',#16247);
#16682 = STYLED_ITEM('color',(#16683),#14107);
#16683 = PRESENTATION_STYLE_ASSIGNMENT((#16684));
#16684 = SURFACE_STYLE_USAGE(.BOTH.,#16685);
#16685 = SURFACE_SIDE_STYLE('',(#16686));
#16686 = SURFACE_STYLE_FILL_AREA(#16687);
#16687 = FILL_AREA_STYLE('',(#16688));
#16688 = FILL_AREA_STYLE_COLOUR('',#16239);
#16689 = STYLED_ITEM('color',(#16690),#14138);
#16690 = PRESENTATION_STYLE_ASSIGNMENT((#16691));
#16691 = SURFACE_STYLE_USAGE(.BOTH.,#16692);
#16692 = SURFACE_SIDE_STYLE('',(#16693));
#16693 = SURFACE_STYLE_FILL_AREA(#16694);
#16694 = FILL_AREA_STYLE('',(#16695));
#16695 = FILL_AREA_STYLE_COLOUR('',#16247);
#16696 = STYLED_ITEM('color',(#16697),#14155);
#16697 = PRESENTATION_STYLE_ASSIGNMENT((#16698));
#16698 = SURFACE_STYLE_USAGE(.BOTH.,#16699);
#16699 = SURFACE_SIDE_STYLE('',(#16700));
#16700 = SURFACE_STYLE_FILL_AREA(#16701);
#16701 = FILL_AREA_STYLE('',(#16702));
#16702 = FILL_AREA_STYLE_COLOUR('',#16247);
#16703 = STYLED_ITEM('color',(#16704),#14177);
#16704 = PRESENTATION_STYLE_ASSIGNMENT((#16705));
#16705 = SURFACE_STYLE_USAGE(.BOTH.,#16706);
#16706 = SURFACE_SIDE_STYLE('',(#16707));
#16707 = SURFACE_STYLE_FILL_AREA(#16708);
#16708 = FILL_AREA_STYLE('',(#16709));
#16709 = FILL_AREA_STYLE_COLOUR('',#16247);
#16710 = STYLED_ITEM('color',(#16711),#14189);
#16711 = PRESENTATION_STYLE_ASSIGNMENT((#16712));
#16712 = SURFACE_STYLE_USAGE(.BOTH.,#16713);
#16713 = SURFACE_SIDE_STYLE('',(#16714));
#16714 = SURFACE_STYLE_FILL_AREA(#16715);
#16715 = FILL_AREA_STYLE('',(#16716));
#16716 = FILL_AREA_STYLE_COLOUR('',#15233);
#16717 = STYLED_ITEM('color',(#16718),#14234);
#16718 = PRESENTATION_STYLE_ASSIGNMENT((#16719));
#16719 = SURFACE_STYLE_USAGE(.BOTH.,#16720);
#16720 = SURFACE_SIDE_STYLE('',(#16721));
#16721 = SURFACE_STYLE_FILL_AREA(#16722);
#16722 = FILL_AREA_STYLE('',(#16723));
#16723 = FILL_AREA_STYLE_COLOUR('',#15233);
#16724 = STYLED_ITEM('color',(#16725),#14246);
#16725 = PRESENTATION_STYLE_ASSIGNMENT((#16726));
#16726 = SURFACE_STYLE_USAGE(.BOTH.,#16727);
#16727 = SURFACE_SIDE_STYLE('',(#16728));
#16728 = SURFACE_STYLE_FILL_AREA(#16729);
#16729 = FILL_AREA_STYLE('',(#16730));
#16730 = FILL_AREA_STYLE_COLOUR('',#16247);
#16731 = STYLED_ITEM('color',(#16732),#14263);
#16732 = PRESENTATION_STYLE_ASSIGNMENT((#16733));
#16733 = SURFACE_STYLE_USAGE(.BOTH.,#16734);
#16734 = SURFACE_SIDE_STYLE('',(#16735));
#16735 = SURFACE_STYLE_FILL_AREA(#16736);
#16736 = FILL_AREA_STYLE('',(#16737));
#16737 = FILL_AREA_STYLE_COLOUR('',#16247);
#16738 = STYLED_ITEM('color',(#16739),#14287);
#16739 = PRESENTATION_STYLE_ASSIGNMENT((#16740));
#16740 = SURFACE_STYLE_USAGE(.BOTH.,#16741);
#16741 = SURFACE_SIDE_STYLE('',(#16742));
#16742 = SURFACE_STYLE_FILL_AREA(#16743);
#16743 = FILL_AREA_STYLE('',(#16744));
#16744 = FILL_AREA_STYLE_COLOUR('',#16247);
#16745 = STYLED_ITEM('color',(#16746),#14304);
#16746 = PRESENTATION_STYLE_ASSIGNMENT((#16747));
#16747 = SURFACE_STYLE_USAGE(.BOTH.,#16748);
#16748 = SURFACE_SIDE_STYLE('',(#16749));
#16749 = SURFACE_STYLE_FILL_AREA(#16750);
#16750 = FILL_AREA_STYLE('',(#16751));
#16751 = FILL_AREA_STYLE_COLOUR('',#16247);
#16752 = STYLED_ITEM('color',(#16753),#14321);
#16753 = PRESENTATION_STYLE_ASSIGNMENT((#16754));
#16754 = SURFACE_STYLE_USAGE(.BOTH.,#16755);
#16755 = SURFACE_SIDE_STYLE('',(#16756));
#16756 = SURFACE_STYLE_FILL_AREA(#16757);
#16757 = FILL_AREA_STYLE('',(#16758));
#16758 = FILL_AREA_STYLE_COLOUR('',#16247);
#16759 = STYLED_ITEM('color',(#16760),#14333);
#16760 = PRESENTATION_STYLE_ASSIGNMENT((#16761));
#16761 = SURFACE_STYLE_USAGE(.BOTH.,#16762);
#16762 = SURFACE_SIDE_STYLE('',(#16763));
#16763 = SURFACE_STYLE_FILL_AREA(#16764);
#16764 = FILL_AREA_STYLE('',(#16765));
#16765 = FILL_AREA_STYLE_COLOUR('',#16247);
#16766 = STYLED_ITEM('color',(#16767),#14350);
#16767 = PRESENTATION_STYLE_ASSIGNMENT((#16768));
#16768 = SURFACE_STYLE_USAGE(.BOTH.,#16769);
#16769 = SURFACE_SIDE_STYLE('',(#16770));
#16770 = SURFACE_STYLE_FILL_AREA(#16771);
#16771 = FILL_AREA_STYLE('',(#16772));
#16772 = FILL_AREA_STYLE_COLOUR('',#16247);
#16773 = STYLED_ITEM('color',(#16774),#14374);
#16774 = PRESENTATION_STYLE_ASSIGNMENT((#16775));
#16775 = SURFACE_STYLE_USAGE(.BOTH.,#16776);
#16776 = SURFACE_SIDE_STYLE('',(#16777));
#16777 = SURFACE_STYLE_FILL_AREA(#16778);
#16778 = FILL_AREA_STYLE('',(#16779));
#16779 = FILL_AREA_STYLE_COLOUR('',#16247);
#16780 = STYLED_ITEM('color',(#16781),#14391);
#16781 = PRESENTATION_STYLE_ASSIGNMENT((#16782));
#16782 = SURFACE_STYLE_USAGE(.BOTH.,#16783);
#16783 = SURFACE_SIDE_STYLE('',(#16784));
#16784 = SURFACE_STYLE_FILL_AREA(#16785);
#16785 = FILL_AREA_STYLE('',(#16786));
#16786 = FILL_AREA_STYLE_COLOUR('',#16247);
#16787 = STYLED_ITEM('color',(#16788),#14403);
#16788 = PRESENTATION_STYLE_ASSIGNMENT((#16789));
#16789 = SURFACE_STYLE_USAGE(.BOTH.,#16790);
#16790 = SURFACE_SIDE_STYLE('',(#16791));
#16791 = SURFACE_STYLE_FILL_AREA(#16792);
#16792 = FILL_AREA_STYLE('',(#16793));
#16793 = FILL_AREA_STYLE_COLOUR('',#16247);
#16794 = STYLED_ITEM('color',(#16795),#14420);
#16795 = PRESENTATION_STYLE_ASSIGNMENT((#16796));
#16796 = SURFACE_STYLE_USAGE(.BOTH.,#16797);
#16797 = SURFACE_SIDE_STYLE('',(#16798));
#16798 = SURFACE_STYLE_FILL_AREA(#16799);
#16799 = FILL_AREA_STYLE('',(#16800));
#16800 = FILL_AREA_STYLE_COLOUR('',#16247);
#16801 = MECHANICAL_DESIGN_GEOMETRIC_PRESENTATION_REPRESENTATION('',(
    #16802,#16809,#16816,#16823,#16830,#16837,#16844,#16851,#16858,
    #16865,#16872,#16879,#16886,#16893,#16900,#16907,#16914,#16921,
    #16928,#16935,#16942,#16949,#16956,#16963,#16970,#16977,#16984,
    #16991,#16998,#17005,#17012,#17019,#17026,#17033,#17040,#17047,
    #17055,#17062,#17069,#17076,#17083,#17090,#17097,#17104,#17111,
    #17118,#17125,#17132,#17139,#17146),#3236);
#16802 = STYLED_ITEM('color',(#16803),#1715);
#16803 = PRESENTATION_STYLE_ASSIGNMENT((#16804));
#16804 = SURFACE_STYLE_USAGE(.BOTH.,#16805);
#16805 = SURFACE_SIDE_STYLE('',(#16806));
#16806 = SURFACE_STYLE_FILL_AREA(#16807);
#16807 = FILL_AREA_STYLE('',(#16808));
#16808 = FILL_AREA_STYLE_COLOUR('',#16247);
#16809 = STYLED_ITEM('color',(#16810),#1755);
#16810 = PRESENTATION_STYLE_ASSIGNMENT((#16811));
#16811 = SURFACE_STYLE_USAGE(.BOTH.,#16812);
#16812 = SURFACE_SIDE_STYLE('',(#16813));
#16813 = SURFACE_STYLE_FILL_AREA(#16814);
#16814 = FILL_AREA_STYLE('',(#16815));
#16815 = FILL_AREA_STYLE_COLOUR('',#16247);
#16816 = STYLED_ITEM('color',(#16817),#1802);
#16817 = PRESENTATION_STYLE_ASSIGNMENT((#16818));
#16818 = SURFACE_STYLE_USAGE(.BOTH.,#16819);
#16819 = SURFACE_SIDE_STYLE('',(#16820));
#16820 = SURFACE_STYLE_FILL_AREA(#16821);
#16821 = FILL_AREA_STYLE('',(#16822));
#16822 = FILL_AREA_STYLE_COLOUR('',#16247);
#16823 = STYLED_ITEM('color',(#16824),#1881);
#16824 = PRESENTATION_STYLE_ASSIGNMENT((#16825));
#16825 = SURFACE_STYLE_USAGE(.BOTH.,#16826);
#16826 = SURFACE_SIDE_STYLE('',(#16827));
#16827 = SURFACE_STYLE_FILL_AREA(#16828);
#16828 = FILL_AREA_STYLE('',(#16829));
#16829 = FILL_AREA_STYLE_COLOUR('',#16247);
#16830 = STYLED_ITEM('color',(#16831),#1905);
#16831 = PRESENTATION_STYLE_ASSIGNMENT((#16832));
#16832 = SURFACE_STYLE_USAGE(.BOTH.,#16833);
#16833 = SURFACE_SIDE_STYLE('',(#16834));
#16834 = SURFACE_STYLE_FILL_AREA(#16835);
#16835 = FILL_AREA_STYLE('',(#16836));
#16836 = FILL_AREA_STYLE_COLOUR('',#16247);
#16837 = STYLED_ITEM('color',(#16838),#1945);
#16838 = PRESENTATION_STYLE_ASSIGNMENT((#16839));
#16839 = SURFACE_STYLE_USAGE(.BOTH.,#16840);
#16840 = SURFACE_SIDE_STYLE('',(#16841));
#16841 = SURFACE_STYLE_FILL_AREA(#16842);
#16842 = FILL_AREA_STYLE('',(#16843));
#16843 = FILL_AREA_STYLE_COLOUR('',#16247);
#16844 = STYLED_ITEM('color',(#16845),#1976);
#16845 = PRESENTATION_STYLE_ASSIGNMENT((#16846));
#16846 = SURFACE_STYLE_USAGE(.BOTH.,#16847);
#16847 = SURFACE_SIDE_STYLE('',(#16848));
#16848 = SURFACE_STYLE_FILL_AREA(#16849);
#16849 = FILL_AREA_STYLE('',(#16850));
#16850 = FILL_AREA_STYLE_COLOUR('',#16247);
#16851 = STYLED_ITEM('color',(#16852),#1993);
#16852 = PRESENTATION_STYLE_ASSIGNMENT((#16853));
#16853 = SURFACE_STYLE_USAGE(.BOTH.,#16854);
#16854 = SURFACE_SIDE_STYLE('',(#16855));
#16855 = SURFACE_STYLE_FILL_AREA(#16856);
#16856 = FILL_AREA_STYLE('',(#16857));
#16857 = FILL_AREA_STYLE_COLOUR('',#15233);
#16858 = STYLED_ITEM('color',(#16859),#2026);
#16859 = PRESENTATION_STYLE_ASSIGNMENT((#16860));
#16860 = SURFACE_STYLE_USAGE(.BOTH.,#16861);
#16861 = SURFACE_SIDE_STYLE('',(#16862));
#16862 = SURFACE_STYLE_FILL_AREA(#16863);
#16863 = FILL_AREA_STYLE('',(#16864));
#16864 = FILL_AREA_STYLE_COLOUR('',#16247);
#16865 = STYLED_ITEM('color',(#16866),#2050);
#16866 = PRESENTATION_STYLE_ASSIGNMENT((#16867));
#16867 = SURFACE_STYLE_USAGE(.BOTH.,#16868);
#16868 = SURFACE_SIDE_STYLE('',(#16869));
#16869 = SURFACE_STYLE_FILL_AREA(#16870);
#16870 = FILL_AREA_STYLE('',(#16871));
#16871 = FILL_AREA_STYLE_COLOUR('',#15233);
#16872 = STYLED_ITEM('color',(#16873),#2117);
#16873 = PRESENTATION_STYLE_ASSIGNMENT((#16874));
#16874 = SURFACE_STYLE_USAGE(.BOTH.,#16875);
#16875 = SURFACE_SIDE_STYLE('',(#16876));
#16876 = SURFACE_STYLE_FILL_AREA(#16877);
#16877 = FILL_AREA_STYLE('',(#16878));
#16878 = FILL_AREA_STYLE_COLOUR('',#16247);
#16879 = STYLED_ITEM('color',(#16880),#2238);
#16880 = PRESENTATION_STYLE_ASSIGNMENT((#16881));
#16881 = SURFACE_STYLE_USAGE(.BOTH.,#16882);
#16882 = SURFACE_SIDE_STYLE('',(#16883));
#16883 = SURFACE_STYLE_FILL_AREA(#16884);
#16884 = FILL_AREA_STYLE('',(#16885));
#16885 = FILL_AREA_STYLE_COLOUR('',#15233);
#16886 = STYLED_ITEM('color',(#16887),#2305);
#16887 = PRESENTATION_STYLE_ASSIGNMENT((#16888));
#16888 = SURFACE_STYLE_USAGE(.BOTH.,#16889);
#16889 = SURFACE_SIDE_STYLE('',(#16890));
#16890 = SURFACE_STYLE_FILL_AREA(#16891);
#16891 = FILL_AREA_STYLE('',(#16892));
#16892 = FILL_AREA_STYLE_COLOUR('',#16247);
#16893 = STYLED_ITEM('color',(#16894),#2329);
#16894 = PRESENTATION_STYLE_ASSIGNMENT((#16895));
#16895 = SURFACE_STYLE_USAGE(.BOTH.,#16896);
#16896 = SURFACE_SIDE_STYLE('',(#16897));
#16897 = SURFACE_STYLE_FILL_AREA(#16898);
#16898 = FILL_AREA_STYLE('',(#16899));
#16899 = FILL_AREA_STYLE_COLOUR('',#16247);
#16900 = STYLED_ITEM('color',(#16901),#2360);
#16901 = PRESENTATION_STYLE_ASSIGNMENT((#16902));
#16902 = SURFACE_STYLE_USAGE(.BOTH.,#16903);
#16903 = SURFACE_SIDE_STYLE('',(#16904));
#16904 = SURFACE_STYLE_FILL_AREA(#16905);
#16905 = FILL_AREA_STYLE('',(#16906));
#16906 = FILL_AREA_STYLE_COLOUR('',#15233);
#16907 = STYLED_ITEM('color',(#16908),#2393);
#16908 = PRESENTATION_STYLE_ASSIGNMENT((#16909));
#16909 = SURFACE_STYLE_USAGE(.BOTH.,#16910);
#16910 = SURFACE_SIDE_STYLE('',(#16911));
#16911 = SURFACE_STYLE_FILL_AREA(#16912);
#16912 = FILL_AREA_STYLE('',(#16913));
#16913 = FILL_AREA_STYLE_COLOUR('',#16247);
#16914 = STYLED_ITEM('color',(#16915),#2449);
#16915 = PRESENTATION_STYLE_ASSIGNMENT((#16916));
#16916 = SURFACE_STYLE_USAGE(.BOTH.,#16917);
#16917 = SURFACE_SIDE_STYLE('',(#16918));
#16918 = SURFACE_STYLE_FILL_AREA(#16919);
#16919 = FILL_AREA_STYLE('',(#16920));
#16920 = FILL_AREA_STYLE_COLOUR('',#15233);
#16921 = STYLED_ITEM('color',(#16922),#2473);
#16922 = PRESENTATION_STYLE_ASSIGNMENT((#16923));
#16923 = SURFACE_STYLE_USAGE(.BOTH.,#16924);
#16924 = SURFACE_SIDE_STYLE('',(#16925));
#16925 = SURFACE_STYLE_FILL_AREA(#16926);
#16926 = FILL_AREA_STYLE('',(#16927));
#16927 = FILL_AREA_STYLE_COLOUR('',#15233);
#16928 = STYLED_ITEM('color',(#16929),#2497);
#16929 = PRESENTATION_STYLE_ASSIGNMENT((#16930));
#16930 = SURFACE_STYLE_USAGE(.BOTH.,#16931);
#16931 = SURFACE_SIDE_STYLE('',(#16932));
#16932 = SURFACE_STYLE_FILL_AREA(#16933);
#16933 = FILL_AREA_STYLE('',(#16934));
#16934 = FILL_AREA_STYLE_COLOUR('',#15233);
#16935 = STYLED_ITEM('color',(#16936),#2521);
#16936 = PRESENTATION_STYLE_ASSIGNMENT((#16937));
#16937 = SURFACE_STYLE_USAGE(.BOTH.,#16938);
#16938 = SURFACE_SIDE_STYLE('',(#16939));
#16939 = SURFACE_STYLE_FILL_AREA(#16940);
#16940 = FILL_AREA_STYLE('',(#16941));
#16941 = FILL_AREA_STYLE_COLOUR('',#15233);
#16942 = STYLED_ITEM('color',(#16943),#2554);
#16943 = PRESENTATION_STYLE_ASSIGNMENT((#16944));
#16944 = SURFACE_STYLE_USAGE(.BOTH.,#16945);
#16945 = SURFACE_SIDE_STYLE('',(#16946));
#16946 = SURFACE_STYLE_FILL_AREA(#16947);
#16947 = FILL_AREA_STYLE('',(#16948));
#16948 = FILL_AREA_STYLE_COLOUR('',#15233);
#16949 = STYLED_ITEM('color',(#16950),#2566);
#16950 = PRESENTATION_STYLE_ASSIGNMENT((#16951));
#16951 = SURFACE_STYLE_USAGE(.BOTH.,#16952);
#16952 = SURFACE_SIDE_STYLE('',(#16953));
#16953 = SURFACE_STYLE_FILL_AREA(#16954);
#16954 = FILL_AREA_STYLE('',(#16955));
#16955 = FILL_AREA_STYLE_COLOUR('',#15233);
#16956 = STYLED_ITEM('color',(#16957),#2629);
#16957 = PRESENTATION_STYLE_ASSIGNMENT((#16958));
#16958 = SURFACE_STYLE_USAGE(.BOTH.,#16959);
#16959 = SURFACE_SIDE_STYLE('',(#16960));
#16960 = SURFACE_STYLE_FILL_AREA(#16961);
#16961 = FILL_AREA_STYLE('',(#16962));
#16962 = FILL_AREA_STYLE_COLOUR('',#15233);
#16963 = STYLED_ITEM('color',(#16964),#2654);
#16964 = PRESENTATION_STYLE_ASSIGNMENT((#16965));
#16965 = SURFACE_STYLE_USAGE(.BOTH.,#16966);
#16966 = SURFACE_SIDE_STYLE('',(#16967));
#16967 = SURFACE_STYLE_FILL_AREA(#16968);
#16968 = FILL_AREA_STYLE('',(#16969));
#16969 = FILL_AREA_STYLE_COLOUR('',#15233);
#16970 = STYLED_ITEM('color',(#16971),#2671);
#16971 = PRESENTATION_STYLE_ASSIGNMENT((#16972));
#16972 = SURFACE_STYLE_USAGE(.BOTH.,#16973);
#16973 = SURFACE_SIDE_STYLE('',(#16974));
#16974 = SURFACE_STYLE_FILL_AREA(#16975);
#16975 = FILL_AREA_STYLE('',(#16976));
#16976 = FILL_AREA_STYLE_COLOUR('',#15233);
#16977 = STYLED_ITEM('color',(#16978),#2695);
#16978 = PRESENTATION_STYLE_ASSIGNMENT((#16979));
#16979 = SURFACE_STYLE_USAGE(.BOTH.,#16980);
#16980 = SURFACE_SIDE_STYLE('',(#16981));
#16981 = SURFACE_STYLE_FILL_AREA(#16982);
#16982 = FILL_AREA_STYLE('',(#16983));
#16983 = FILL_AREA_STYLE_COLOUR('',#15233);
#16984 = STYLED_ITEM('color',(#16985),#2713);
#16985 = PRESENTATION_STYLE_ASSIGNMENT((#16986));
#16986 = SURFACE_STYLE_USAGE(.BOTH.,#16987);
#16987 = SURFACE_SIDE_STYLE('',(#16988));
#16988 = SURFACE_STYLE_FILL_AREA(#16989);
#16989 = FILL_AREA_STYLE('',(#16990));
#16990 = FILL_AREA_STYLE_COLOUR('',#15233);
#16991 = STYLED_ITEM('color',(#16992),#2731);
#16992 = PRESENTATION_STYLE_ASSIGNMENT((#16993));
#16993 = SURFACE_STYLE_USAGE(.BOTH.,#16994);
#16994 = SURFACE_SIDE_STYLE('',(#16995));
#16995 = SURFACE_STYLE_FILL_AREA(#16996);
#16996 = FILL_AREA_STYLE('',(#16997));
#16997 = FILL_AREA_STYLE_COLOUR('',#15233);
#16998 = STYLED_ITEM('color',(#16999),#2749);
#16999 = PRESENTATION_STYLE_ASSIGNMENT((#17000));
#17000 = SURFACE_STYLE_USAGE(.BOTH.,#17001);
#17001 = SURFACE_SIDE_STYLE('',(#17002));
#17002 = SURFACE_STYLE_FILL_AREA(#17003);
#17003 = FILL_AREA_STYLE('',(#17004));
#17004 = FILL_AREA_STYLE_COLOUR('',#15233);
#17005 = STYLED_ITEM('color',(#17006),#2766);
#17006 = PRESENTATION_STYLE_ASSIGNMENT((#17007));
#17007 = SURFACE_STYLE_USAGE(.BOTH.,#17008);
#17008 = SURFACE_SIDE_STYLE('',(#17009));
#17009 = SURFACE_STYLE_FILL_AREA(#17010);
#17010 = FILL_AREA_STYLE('',(#17011));
#17011 = FILL_AREA_STYLE_COLOUR('',#15233);
#17012 = STYLED_ITEM('color',(#17013),#2783);
#17013 = PRESENTATION_STYLE_ASSIGNMENT((#17014));
#17014 = SURFACE_STYLE_USAGE(.BOTH.,#17015);
#17015 = SURFACE_SIDE_STYLE('',(#17016));
#17016 = SURFACE_STYLE_FILL_AREA(#17017);
#17017 = FILL_AREA_STYLE('',(#17018));
#17018 = FILL_AREA_STYLE_COLOUR('',#15233);
#17019 = STYLED_ITEM('color',(#17020),#2814);
#17020 = PRESENTATION_STYLE_ASSIGNMENT((#17021));
#17021 = SURFACE_STYLE_USAGE(.BOTH.,#17022);
#17022 = SURFACE_SIDE_STYLE('',(#17023));
#17023 = SURFACE_STYLE_FILL_AREA(#17024);
#17024 = FILL_AREA_STYLE('',(#17025));
#17025 = FILL_AREA_STYLE_COLOUR('',#15233);
#17026 = STYLED_ITEM('color',(#17027),#2839);
#17027 = PRESENTATION_STYLE_ASSIGNMENT((#17028));
#17028 = SURFACE_STYLE_USAGE(.BOTH.,#17029);
#17029 = SURFACE_SIDE_STYLE('',(#17030));
#17030 = SURFACE_STYLE_FILL_AREA(#17031);
#17031 = FILL_AREA_STYLE('',(#17032));
#17032 = FILL_AREA_STYLE_COLOUR('',#15233);
#17033 = STYLED_ITEM('color',(#17034),#2864);
#17034 = PRESENTATION_STYLE_ASSIGNMENT((#17035));
#17035 = SURFACE_STYLE_USAGE(.BOTH.,#17036);
#17036 = SURFACE_SIDE_STYLE('',(#17037));
#17037 = SURFACE_STYLE_FILL_AREA(#17038);
#17038 = FILL_AREA_STYLE('',(#17039));
#17039 = FILL_AREA_STYLE_COLOUR('',#15233);
#17040 = STYLED_ITEM('color',(#17041),#2888);
#17041 = PRESENTATION_STYLE_ASSIGNMENT((#17042));
#17042 = SURFACE_STYLE_USAGE(.BOTH.,#17043);
#17043 = SURFACE_SIDE_STYLE('',(#17044));
#17044 = SURFACE_STYLE_FILL_AREA(#17045);
#17045 = FILL_AREA_STYLE('',(#17046));
#17046 = FILL_AREA_STYLE_COLOUR('',#15233);
#17047 = STYLED_ITEM('color',(#17048),#2905);
#17048 = PRESENTATION_STYLE_ASSIGNMENT((#17049));
#17049 = SURFACE_STYLE_USAGE(.BOTH.,#17050);
#17050 = SURFACE_SIDE_STYLE('',(#17051));
#17051 = SURFACE_STYLE_FILL_AREA(#17052);
#17052 = FILL_AREA_STYLE('',(#17053));
#17053 = FILL_AREA_STYLE_COLOUR('',#17054);
#17054 = COLOUR_RGB('',0.340000006699,0.68000001254,0.444999988852);
#17055 = STYLED_ITEM('color',(#17056),#2936);
#17056 = PRESENTATION_STYLE_ASSIGNMENT((#17057));
#17057 = SURFACE_STYLE_USAGE(.BOTH.,#17058);
#17058 = SURFACE_SIDE_STYLE('',(#17059));
#17059 = SURFACE_STYLE_FILL_AREA(#17060);
#17060 = FILL_AREA_STYLE('',(#17061));
#17061 = FILL_AREA_STYLE_COLOUR('',#17054);
#17062 = STYLED_ITEM('color',(#17063),#2960);
#17063 = PRESENTATION_STYLE_ASSIGNMENT((#17064));
#17064 = SURFACE_STYLE_USAGE(.BOTH.,#17065);
#17065 = SURFACE_SIDE_STYLE('',(#17066));
#17066 = SURFACE_STYLE_FILL_AREA(#17067);
#17067 = FILL_AREA_STYLE('',(#17068));
#17068 = FILL_AREA_STYLE_COLOUR('',#17054);
#17069 = STYLED_ITEM('color',(#17070),#2977);
#17070 = PRESENTATION_STYLE_ASSIGNMENT((#17071));
#17071 = SURFACE_STYLE_USAGE(.BOTH.,#17072);
#17072 = SURFACE_SIDE_STYLE('',(#17073));
#17073 = SURFACE_STYLE_FILL_AREA(#17074);
#17074 = FILL_AREA_STYLE('',(#17075));
#17075 = FILL_AREA_STYLE_COLOUR('',#15233);
#17076 = STYLED_ITEM('color',(#17077),#3005);
#17077 = PRESENTATION_STYLE_ASSIGNMENT((#17078));
#17078 = SURFACE_STYLE_USAGE(.BOTH.,#17079);
#17079 = SURFACE_SIDE_STYLE('',(#17080));
#17080 = SURFACE_STYLE_FILL_AREA(#17081);
#17081 = FILL_AREA_STYLE('',(#17082));
#17082 = FILL_AREA_STYLE_COLOUR('',#15233);
#17083 = STYLED_ITEM('color',(#17084),#3030);
#17084 = PRESENTATION_STYLE_ASSIGNMENT((#17085));
#17085 = SURFACE_STYLE_USAGE(.BOTH.,#17086);
#17086 = SURFACE_SIDE_STYLE('',(#17087));
#17087 = SURFACE_STYLE_FILL_AREA(#17088);
#17088 = FILL_AREA_STYLE('',(#17089));
#17089 = FILL_AREA_STYLE_COLOUR('',#15233);
#17090 = STYLED_ITEM('color',(#17091),#3054);
#17091 = PRESENTATION_STYLE_ASSIGNMENT((#17092));
#17092 = SURFACE_STYLE_USAGE(.BOTH.,#17093);
#17093 = SURFACE_SIDE_STYLE('',(#17094));
#17094 = SURFACE_STYLE_FILL_AREA(#17095);
#17095 = FILL_AREA_STYLE('',(#17096));
#17096 = FILL_AREA_STYLE_COLOUR('',#15233);
#17097 = STYLED_ITEM('color',(#17098),#3079);
#17098 = PRESENTATION_STYLE_ASSIGNMENT((#17099));
#17099 = SURFACE_STYLE_USAGE(.BOTH.,#17100);
#17100 = SURFACE_SIDE_STYLE('',(#17101));
#17101 = SURFACE_STYLE_FILL_AREA(#17102);
#17102 = FILL_AREA_STYLE('',(#17103));
#17103 = FILL_AREA_STYLE_COLOUR('',#15233);
#17104 = STYLED_ITEM('color',(#17105),#3126);
#17105 = PRESENTATION_STYLE_ASSIGNMENT((#17106));
#17106 = SURFACE_STYLE_USAGE(.BOTH.,#17107);
#17107 = SURFACE_SIDE_STYLE('',(#17108));
#17108 = SURFACE_STYLE_FILL_AREA(#17109);
#17109 = FILL_AREA_STYLE('',(#17110));
#17110 = FILL_AREA_STYLE_COLOUR('',#15233);
#17111 = STYLED_ITEM('color',(#17112),#3143);
#17112 = PRESENTATION_STYLE_ASSIGNMENT((#17113));
#17113 = SURFACE_STYLE_USAGE(.BOTH.,#17114);
#17114 = SURFACE_SIDE_STYLE('',(#17115));
#17115 = SURFACE_STYLE_FILL_AREA(#17116);
#17116 = FILL_AREA_STYLE('',(#17117));
#17117 = FILL_AREA_STYLE_COLOUR('',#15233);
#17118 = STYLED_ITEM('color',(#17119),#3155);
#17119 = PRESENTATION_STYLE_ASSIGNMENT((#17120));
#17120 = SURFACE_STYLE_USAGE(.BOTH.,#17121);
#17121 = SURFACE_SIDE_STYLE('',(#17122));
#17122 = SURFACE_STYLE_FILL_AREA(#17123);
#17123 = FILL_AREA_STYLE('',(#17124));
#17124 = FILL_AREA_STYLE_COLOUR('',#15233);
#17125 = STYLED_ITEM('color',(#17126),#3177);
#17126 = PRESENTATION_STYLE_ASSIGNMENT((#17127));
#17127 = SURFACE_STYLE_USAGE(.BOTH.,#17128);
#17128 = SURFACE_SIDE_STYLE('',(#17129));
#17129 = SURFACE_STYLE_FILL_AREA(#17130);
#17130 = FILL_AREA_STYLE('',(#17131));
#17131 = FILL_AREA_STYLE_COLOUR('',#15233);
#17132 = STYLED_ITEM('color',(#17133),#3189);
#17133 = PRESENTATION_STYLE_ASSIGNMENT((#17134));
#17134 = SURFACE_STYLE_USAGE(.BOTH.,#17135);
#17135 = SURFACE_SIDE_STYLE('',(#17136));
#17136 = SURFACE_STYLE_FILL_AREA(#17137);
#17137 = FILL_AREA_STYLE('',(#17138));
#17138 = FILL_AREA_STYLE_COLOUR('',#15233);
#17139 = STYLED_ITEM('color',(#17140),#3207);
#17140 = PRESENTATION_STYLE_ASSIGNMENT((#17141));
#17141 = SURFACE_STYLE_USAGE(.BOTH.,#17142);
#17142 = SURFACE_SIDE_STYLE('',(#17143));
#17143 = SURFACE_STYLE_FILL_AREA(#17144);
#17144 = FILL_AREA_STYLE('',(#17145));
#17145 = FILL_AREA_STYLE_COLOUR('',#15233);
#17146 = STYLED_ITEM('color',(#17147),#3225);
#17147 = PRESENTATION_STYLE_ASSIGNMENT((#17148));
#17148 = SURFACE_STYLE_USAGE(.BOTH.,#17149);
#17149 = SURFACE_SIDE_STYLE('',(#17150));
#17150 = SURFACE_STYLE_FILL_AREA(#17151);
#17151 = FILL_AREA_STYLE('',(#17152));
#17152 = FILL_AREA_STYLE_COLOUR('',#17054);
#17153 = MECHANICAL_DESIGN_GEOMETRIC_PRESENTATION_REPRESENTATION('',(
    #17154,#17161,#17168,#17175,#17182,#17189,#17196,#17203,#17210,
    #17217,#17224,#17231,#17238,#17245,#17253,#17260,#17267,#17274,
    #17281,#17288,#17295,#17302,#17309,#17316,#17323,#17330),#8142);
#17154 = STYLED_ITEM('color',(#17155),#7354);
#17155 = PRESENTATION_STYLE_ASSIGNMENT((#17156));
#17156 = SURFACE_STYLE_USAGE(.BOTH.,#17157);
#17157 = SURFACE_SIDE_STYLE('',(#17158));
#17158 = SURFACE_STYLE_FILL_AREA(#17159);
#17159 = FILL_AREA_STYLE('',(#17160));
#17160 = FILL_AREA_STYLE_COLOUR('',#15823);
#17161 = STYLED_ITEM('color',(#17162),#7394);
#17162 = PRESENTATION_STYLE_ASSIGNMENT((#17163));
#17163 = SURFACE_STYLE_USAGE(.BOTH.,#17164);
#17164 = SURFACE_SIDE_STYLE('',(#17165));
#17165 = SURFACE_STYLE_FILL_AREA(#17166);
#17166 = FILL_AREA_STYLE('',(#17167));
#17167 = FILL_AREA_STYLE_COLOUR('',#15823);
#17168 = STYLED_ITEM('color',(#17169),#7477);
#17169 = PRESENTATION_STYLE_ASSIGNMENT((#17170));
#17170 = SURFACE_STYLE_USAGE(.BOTH.,#17171);
#17171 = SURFACE_SIDE_STYLE('',(#17172));
#17172 = SURFACE_STYLE_FILL_AREA(#17173);
#17173 = FILL_AREA_STYLE('',(#17174));
#17174 = FILL_AREA_STYLE_COLOUR('',#15823);
#17175 = STYLED_ITEM('color',(#17176),#7502);
#17176 = PRESENTATION_STYLE_ASSIGNMENT((#17177));
#17177 = SURFACE_STYLE_USAGE(.BOTH.,#17178);
#17178 = SURFACE_SIDE_STYLE('',(#17179));
#17179 = SURFACE_STYLE_FILL_AREA(#17180);
#17180 = FILL_AREA_STYLE('',(#17181));
#17181 = FILL_AREA_STYLE_COLOUR('',#15823);
#17182 = STYLED_ITEM('color',(#17183),#7527);
#17183 = PRESENTATION_STYLE_ASSIGNMENT((#17184));
#17184 = SURFACE_STYLE_USAGE(.BOTH.,#17185);
#17185 = SURFACE_SIDE_STYLE('',(#17186));
#17186 = SURFACE_STYLE_FILL_AREA(#17187);
#17187 = FILL_AREA_STYLE('',(#17188));
#17188 = FILL_AREA_STYLE_COLOUR('',#15823);
#17189 = STYLED_ITEM('color',(#17190),#7594);
#17190 = PRESENTATION_STYLE_ASSIGNMENT((#17191));
#17191 = SURFACE_STYLE_USAGE(.BOTH.,#17192);
#17192 = SURFACE_SIDE_STYLE('',(#17193));
#17193 = SURFACE_STYLE_FILL_AREA(#17194);
#17194 = FILL_AREA_STYLE('',(#17195));
#17195 = FILL_AREA_STYLE_COLOUR('',#15823);
#17196 = STYLED_ITEM('color',(#17197),#7611);
#17197 = PRESENTATION_STYLE_ASSIGNMENT((#17198));
#17198 = SURFACE_STYLE_USAGE(.BOTH.,#17199);
#17199 = SURFACE_SIDE_STYLE('',(#17200));
#17200 = SURFACE_STYLE_FILL_AREA(#17201);
#17201 = FILL_AREA_STYLE('',(#17202));
#17202 = FILL_AREA_STYLE_COLOUR('',#15823);
#17203 = STYLED_ITEM('color',(#17204),#7628);
#17204 = PRESENTATION_STYLE_ASSIGNMENT((#17205));
#17205 = SURFACE_STYLE_USAGE(.BOTH.,#17206);
#17206 = SURFACE_SIDE_STYLE('',(#17207));
#17207 = SURFACE_STYLE_FILL_AREA(#17208);
#17208 = FILL_AREA_STYLE('',(#17209));
#17209 = FILL_AREA_STYLE_COLOUR('',#16247);
#17210 = STYLED_ITEM('color',(#17211),#7677);
#17211 = PRESENTATION_STYLE_ASSIGNMENT((#17212));
#17212 = SURFACE_STYLE_USAGE(.BOTH.,#17213);
#17213 = SURFACE_SIDE_STYLE('',(#17214));
#17214 = SURFACE_STYLE_FILL_AREA(#17215);
#17215 = FILL_AREA_STYLE('',(#17216));
#17216 = FILL_AREA_STYLE_COLOUR('',#15823);
#17217 = STYLED_ITEM('color',(#17218),#7694);
#17218 = PRESENTATION_STYLE_ASSIGNMENT((#17219));
#17219 = SURFACE_STYLE_USAGE(.BOTH.,#17220);
#17220 = SURFACE_SIDE_STYLE('',(#17221));
#17221 = SURFACE_STYLE_FILL_AREA(#17222);
#17222 = FILL_AREA_STYLE('',(#17223));
#17223 = FILL_AREA_STYLE_COLOUR('',#15823);
#17224 = STYLED_ITEM('color',(#17225),#7711);
#17225 = PRESENTATION_STYLE_ASSIGNMENT((#17226));
#17226 = SURFACE_STYLE_USAGE(.BOTH.,#17227);
#17227 = SURFACE_SIDE_STYLE('',(#17228));
#17228 = SURFACE_STYLE_FILL_AREA(#17229);
#17229 = FILL_AREA_STYLE('',(#17230));
#17230 = FILL_AREA_STYLE_COLOUR('',#16247);
#17231 = STYLED_ITEM('color',(#17232),#7760);
#17232 = PRESENTATION_STYLE_ASSIGNMENT((#17233));
#17233 = SURFACE_STYLE_USAGE(.BOTH.,#17234);
#17234 = SURFACE_SIDE_STYLE('',(#17235));
#17235 = SURFACE_STYLE_FILL_AREA(#17236);
#17236 = FILL_AREA_STYLE('',(#17237));
#17237 = FILL_AREA_STYLE_COLOUR('',#16247);
#17238 = STYLED_ITEM('color',(#17239),#7777);
#17239 = PRESENTATION_STYLE_ASSIGNMENT((#17240));
#17240 = SURFACE_STYLE_USAGE(.BOTH.,#17241);
#17241 = SURFACE_SIDE_STYLE('',(#17242));
#17242 = SURFACE_STYLE_FILL_AREA(#17243);
#17243 = FILL_AREA_STYLE('',(#17244));
#17244 = FILL_AREA_STYLE_COLOUR('',#15823);
#17245 = STYLED_ITEM('color',(#17246),#7846);
#17246 = PRESENTATION_STYLE_ASSIGNMENT((#17247));
#17247 = SURFACE_STYLE_USAGE(.BOTH.,#17248);
#17248 = SURFACE_SIDE_STYLE('',(#17249));
#17249 = SURFACE_STYLE_FILL_AREA(#17250);
#17250 = FILL_AREA_STYLE('',(#17251));
#17251 = FILL_AREA_STYLE_COLOUR('',#17252);
#17252 = COLOUR_RGB('',8.200000279077E-02,8.600000121357E-02,
  9.399999706163E-02);
#17253 = STYLED_ITEM('color',(#17254),#7877);
#17254 = PRESENTATION_STYLE_ASSIGNMENT((#17255));
#17255 = SURFACE_STYLE_USAGE(.BOTH.,#17256);
#17256 = SURFACE_SIDE_STYLE('',(#17257));
#17257 = SURFACE_STYLE_FILL_AREA(#17258);
#17258 = FILL_AREA_STYLE('',(#17259));
#17259 = FILL_AREA_STYLE_COLOUR('',#17252);
#17260 = STYLED_ITEM('color',(#17261),#7901);
#17261 = PRESENTATION_STYLE_ASSIGNMENT((#17262));
#17262 = SURFACE_STYLE_USAGE(.BOTH.,#17263);
#17263 = SURFACE_SIDE_STYLE('',(#17264));
#17264 = SURFACE_STYLE_FILL_AREA(#17265);
#17265 = FILL_AREA_STYLE('',(#17266));
#17266 = FILL_AREA_STYLE_COLOUR('',#15823);
#17267 = STYLED_ITEM('color',(#17268),#7970);
#17268 = PRESENTATION_STYLE_ASSIGNMENT((#17269));
#17269 = SURFACE_STYLE_USAGE(.BOTH.,#17270);
#17270 = SURFACE_SIDE_STYLE('',(#17271));
#17271 = SURFACE_STYLE_FILL_AREA(#17272);
#17272 = FILL_AREA_STYLE('',(#17273));
#17273 = FILL_AREA_STYLE_COLOUR('',#17252);
#17274 = STYLED_ITEM('color',(#17275),#7994);
#17275 = PRESENTATION_STYLE_ASSIGNMENT((#17276));
#17276 = SURFACE_STYLE_USAGE(.BOTH.,#17277);
#17277 = SURFACE_SIDE_STYLE('',(#17278));
#17278 = SURFACE_STYLE_FILL_AREA(#17279);
#17279 = FILL_AREA_STYLE('',(#17280));
#17280 = FILL_AREA_STYLE_COLOUR('',#15823);
#17281 = STYLED_ITEM('color',(#17282),#8011);
#17282 = PRESENTATION_STYLE_ASSIGNMENT((#17283));
#17283 = SURFACE_STYLE_USAGE(.BOTH.,#17284);
#17284 = SURFACE_SIDE_STYLE('',(#17285));
#17285 = SURFACE_STYLE_FILL_AREA(#17286);
#17286 = FILL_AREA_STYLE('',(#17287));
#17287 = FILL_AREA_STYLE_COLOUR('',#15823);
#17288 = STYLED_ITEM('color',(#17289),#8028);
#17289 = PRESENTATION_STYLE_ASSIGNMENT((#17290));
#17290 = SURFACE_STYLE_USAGE(.BOTH.,#17291);
#17291 = SURFACE_SIDE_STYLE('',(#17292));
#17292 = SURFACE_STYLE_FILL_AREA(#17293);
#17293 = FILL_AREA_STYLE('',(#17294));
#17294 = FILL_AREA_STYLE_COLOUR('',#15823);
#17295 = STYLED_ITEM('color',(#17296),#8045);
#17296 = PRESENTATION_STYLE_ASSIGNMENT((#17297));
#17297 = SURFACE_STYLE_USAGE(.BOTH.,#17298);
#17298 = SURFACE_SIDE_STYLE('',(#17299));
#17299 = SURFACE_STYLE_FILL_AREA(#17300);
#17300 = FILL_AREA_STYLE('',(#17301));
#17301 = FILL_AREA_STYLE_COLOUR('',#15823);
#17302 = STYLED_ITEM('color',(#17303),#8062);
#17303 = PRESENTATION_STYLE_ASSIGNMENT((#17304));
#17304 = SURFACE_STYLE_USAGE(.BOTH.,#17305);
#17305 = SURFACE_SIDE_STYLE('',(#17306));
#17306 = SURFACE_STYLE_FILL_AREA(#17307);
#17307 = FILL_AREA_STYLE('',(#17308));
#17308 = FILL_AREA_STYLE_COLOUR('',#15823);
#17309 = STYLED_ITEM('color',(#17310),#8079);
#17310 = PRESENTATION_STYLE_ASSIGNMENT((#17311));
#17311 = SURFACE_STYLE_USAGE(.BOTH.,#17312);
#17312 = SURFACE_SIDE_STYLE('',(#17313));
#17313 = SURFACE_STYLE_FILL_AREA(#17314);
#17314 = FILL_AREA_STYLE('',(#17315));
#17315 = FILL_AREA_STYLE_COLOUR('',#15823);
#17316 = STYLED_ITEM('color',(#17317),#8096);
#17317 = PRESENTATION_STYLE_ASSIGNMENT((#17318));
#17318 = SURFACE_STYLE_USAGE(.BOTH.,#17319);
#17319 = SURFACE_SIDE_STYLE('',(#17320));
#17320 = SURFACE_STYLE_FILL_AREA(#17321);
#17321 = FILL_AREA_STYLE('',(#17322));
#17322 = FILL_AREA_STYLE_COLOUR('',#15823);
#17323 = STYLED_ITEM('color',(#17324),#8113);
#17324 = PRESENTATION_STYLE_ASSIGNMENT((#17325));
#17325 = SURFACE_STYLE_USAGE(.BOTH.,#17326);
#17326 = SURFACE_SIDE_STYLE('',(#17327));
#17327 = SURFACE_STYLE_FILL_AREA(#17328);
#17328 = FILL_AREA_STYLE('',(#17329));
#17329 = FILL_AREA_STYLE_COLOUR('',#17252);
#17330 = STYLED_ITEM('color',(#17331),#8130);
#17331 = PRESENTATION_STYLE_ASSIGNMENT((#17332));
#17332 = SURFACE_STYLE_USAGE(.BOTH.,#17333);
#17333 = SURFACE_SIDE_STYLE('',(#17334));
#17334 = SURFACE_STYLE_FILL_AREA(#17335);
#17335 = FILL_AREA_STYLE('',(#17336));
#17336 = FILL_AREA_STYLE_COLOUR('',#17252);
#17337 = MECHANICAL_DESIGN_GEOMETRIC_PRESENTATION_REPRESENTATION('',(
    #17338,#17345,#17352,#17359,#17366,#17373,#17380,#17387,#17394,
    #17401,#17408,#17416,#17423,#17430,#17437,#17444,#17451,#17458,
    #17465,#17472,#17479,#17486,#17493,#17500,#17507,#17514,#17521,
    #17528),#11678);
#17338 = STYLED_ITEM('color',(#17339),#10826);
#17339 = PRESENTATION_STYLE_ASSIGNMENT((#17340));
#17340 = SURFACE_STYLE_USAGE(.BOTH.,#17341);
#17341 = SURFACE_SIDE_STYLE('',(#17342));
#17342 = SURFACE_STYLE_FILL_AREA(#17343);
#17343 = FILL_AREA_STYLE('',(#17344));
#17344 = FILL_AREA_STYLE_COLOUR('',#15823);
#17345 = STYLED_ITEM('color',(#17346),#10902);
#17346 = PRESENTATION_STYLE_ASSIGNMENT((#17347));
#17347 = SURFACE_STYLE_USAGE(.BOTH.,#17348);
#17348 = SURFACE_SIDE_STYLE('',(#17349));
#17349 = SURFACE_STYLE_FILL_AREA(#17350);
#17350 = FILL_AREA_STYLE('',(#17351));
#17351 = FILL_AREA_STYLE_COLOUR('',#15823);
#17352 = STYLED_ITEM('color',(#17353),#10933);
#17353 = PRESENTATION_STYLE_ASSIGNMENT((#17354));
#17354 = SURFACE_STYLE_USAGE(.BOTH.,#17355);
#17355 = SURFACE_SIDE_STYLE('',(#17356));
#17356 = SURFACE_STYLE_FILL_AREA(#17357);
#17357 = FILL_AREA_STYLE('',(#17358));
#17358 = FILL_AREA_STYLE_COLOUR('',#15823);
#17359 = STYLED_ITEM('color',(#17360),#10958);
#17360 = PRESENTATION_STYLE_ASSIGNMENT((#17361));
#17361 = SURFACE_STYLE_USAGE(.BOTH.,#17362);
#17362 = SURFACE_SIDE_STYLE('',(#17363));
#17363 = SURFACE_STYLE_FILL_AREA(#17364);
#17364 = FILL_AREA_STYLE('',(#17365));
#17365 = FILL_AREA_STYLE_COLOUR('',#15823);
#17366 = STYLED_ITEM('color',(#17367),#10983);
#17367 = PRESENTATION_STYLE_ASSIGNMENT((#17368));
#17368 = SURFACE_STYLE_USAGE(.BOTH.,#17369);
#17369 = SURFACE_SIDE_STYLE('',(#17370));
#17370 = SURFACE_STYLE_FILL_AREA(#17371);
#17371 = FILL_AREA_STYLE('',(#17372));
#17372 = FILL_AREA_STYLE_COLOUR('',#15823);
#17373 = STYLED_ITEM('color',(#17374),#11007);
#17374 = PRESENTATION_STYLE_ASSIGNMENT((#17375));
#17375 = SURFACE_STYLE_USAGE(.BOTH.,#17376);
#17376 = SURFACE_SIDE_STYLE('',(#17377));
#17377 = SURFACE_STYLE_FILL_AREA(#17378);
#17378 = FILL_AREA_STYLE('',(#17379));
#17379 = FILL_AREA_STYLE_COLOUR('',#15823);
#17380 = STYLED_ITEM('color',(#17381),#11031);
#17381 = PRESENTATION_STYLE_ASSIGNMENT((#17382));
#17382 = SURFACE_STYLE_USAGE(.BOTH.,#17383);
#17383 = SURFACE_SIDE_STYLE('',(#17384));
#17384 = SURFACE_STYLE_FILL_AREA(#17385);
#17385 = FILL_AREA_STYLE('',(#17386));
#17386 = FILL_AREA_STYLE_COLOUR('',#15823);
#17387 = STYLED_ITEM('color',(#17388),#11056);
#17388 = PRESENTATION_STYLE_ASSIGNMENT((#17389));
#17389 = SURFACE_STYLE_USAGE(.BOTH.,#17390);
#17390 = SURFACE_SIDE_STYLE('',(#17391));
#17391 = SURFACE_STYLE_FILL_AREA(#17392);
#17392 = FILL_AREA_STYLE('',(#17393));
#17393 = FILL_AREA_STYLE_COLOUR('',#15823);
#17394 = STYLED_ITEM('color',(#17395),#11081);
#17395 = PRESENTATION_STYLE_ASSIGNMENT((#17396));
#17396 = SURFACE_STYLE_USAGE(.BOTH.,#17397);
#17397 = SURFACE_SIDE_STYLE('',(#17398));
#17398 = SURFACE_STYLE_FILL_AREA(#17399);
#17399 = FILL_AREA_STYLE('',(#17400));
#17400 = FILL_AREA_STYLE_COLOUR('',#15823);
#17401 = STYLED_ITEM('color',(#17402),#11098);
#17402 = PRESENTATION_STYLE_ASSIGNMENT((#17403));
#17403 = SURFACE_STYLE_USAGE(.BOTH.,#17404);
#17404 = SURFACE_SIDE_STYLE('',(#17405));
#17405 = SURFACE_STYLE_FILL_AREA(#17406);
#17406 = FILL_AREA_STYLE('',(#17407));
#17407 = FILL_AREA_STYLE_COLOUR('',#15823);
#17408 = STYLED_ITEM('color',(#17409),#11184);
#17409 = PRESENTATION_STYLE_ASSIGNMENT((#17410));
#17410 = SURFACE_STYLE_USAGE(.BOTH.,#17411);
#17411 = SURFACE_SIDE_STYLE('',(#17412));
#17412 = SURFACE_STYLE_FILL_AREA(#17413);
#17413 = FILL_AREA_STYLE('',(#17414));
#17414 = FILL_AREA_STYLE_COLOUR('',#17415);
#17415 = COLOUR_RGB('',0.379000005575,0.270000008848,0.214999999939);
#17416 = STYLED_ITEM('color',(#17417),#11216);
#17417 = PRESENTATION_STYLE_ASSIGNMENT((#17418));
#17418 = SURFACE_STYLE_USAGE(.BOTH.,#17419);
#17419 = SURFACE_SIDE_STYLE('',(#17420));
#17420 = SURFACE_STYLE_FILL_AREA(#17421);
#17421 = FILL_AREA_STYLE('',(#17422));
#17422 = FILL_AREA_STYLE_COLOUR('',#17415);
#17423 = STYLED_ITEM('color',(#17424),#11240);
#17424 = PRESENTATION_STYLE_ASSIGNMENT((#17425));
#17425 = SURFACE_STYLE_USAGE(.BOTH.,#17426);
#17426 = SURFACE_SIDE_STYLE('',(#17427));
#17427 = SURFACE_STYLE_FILL_AREA(#17428);
#17428 = FILL_AREA_STYLE('',(#17429));
#17429 = FILL_AREA_STYLE_COLOUR('',#17415);
#17430 = STYLED_ITEM('color',(#17431),#11265);
#17431 = PRESENTATION_STYLE_ASSIGNMENT((#17432));
#17432 = SURFACE_STYLE_USAGE(.BOTH.,#17433);
#17433 = SURFACE_SIDE_STYLE('',(#17434));
#17434 = SURFACE_STYLE_FILL_AREA(#17435);
#17435 = FILL_AREA_STYLE('',(#17436));
#17436 = FILL_AREA_STYLE_COLOUR('',#17415);
#17437 = STYLED_ITEM('color',(#17438),#11289);
#17438 = PRESENTATION_STYLE_ASSIGNMENT((#17439));
#17439 = SURFACE_STYLE_USAGE(.BOTH.,#17440);
#17440 = SURFACE_SIDE_STYLE('',(#17441));
#17441 = SURFACE_STYLE_FILL_AREA(#17442);
#17442 = FILL_AREA_STYLE('',(#17443));
#17443 = FILL_AREA_STYLE_COLOUR('',#17415);
#17444 = STYLED_ITEM('color',(#17445),#11314);
#17445 = PRESENTATION_STYLE_ASSIGNMENT((#17446));
#17446 = SURFACE_STYLE_USAGE(.BOTH.,#17447);
#17447 = SURFACE_SIDE_STYLE('',(#17448));
#17448 = SURFACE_STYLE_FILL_AREA(#17449);
#17449 = FILL_AREA_STYLE('',(#17450));
#17450 = FILL_AREA_STYLE_COLOUR('',#17415);
#17451 = STYLED_ITEM('color',(#17452),#11338);
#17452 = PRESENTATION_STYLE_ASSIGNMENT((#17453));
#17453 = SURFACE_STYLE_USAGE(.BOTH.,#17454);
#17454 = SURFACE_SIDE_STYLE('',(#17455));
#17455 = SURFACE_STYLE_FILL_AREA(#17456);
#17456 = FILL_AREA_STYLE('',(#17457));
#17457 = FILL_AREA_STYLE_COLOUR('',#17415);
#17458 = STYLED_ITEM('color',(#17459),#11363);
#17459 = PRESENTATION_STYLE_ASSIGNMENT((#17460));
#17460 = SURFACE_STYLE_USAGE(.BOTH.,#17461);
#17461 = SURFACE_SIDE_STYLE('',(#17462));
#17462 = SURFACE_STYLE_FILL_AREA(#17463);
#17463 = FILL_AREA_STYLE('',(#17464));
#17464 = FILL_AREA_STYLE_COLOUR('',#17415);
#17465 = STYLED_ITEM('color',(#17466),#11380);
#17466 = PRESENTATION_STYLE_ASSIGNMENT((#17467));
#17467 = SURFACE_STYLE_USAGE(.BOTH.,#17468);
#17468 = SURFACE_SIDE_STYLE('',(#17469));
#17469 = SURFACE_STYLE_FILL_AREA(#17470);
#17470 = FILL_AREA_STYLE('',(#17471));
#17471 = FILL_AREA_STYLE_COLOUR('',#15823);
#17472 = STYLED_ITEM('color',(#17473),#11466);
#17473 = PRESENTATION_STYLE_ASSIGNMENT((#17474));
#17474 = SURFACE_STYLE_USAGE(.BOTH.,#17475);
#17475 = SURFACE_SIDE_STYLE('',(#17476));
#17476 = SURFACE_STYLE_FILL_AREA(#17477);
#17477 = FILL_AREA_STYLE('',(#17478));
#17478 = FILL_AREA_STYLE_COLOUR('',#15823);
#17479 = STYLED_ITEM('color',(#17480),#11497);
#17480 = PRESENTATION_STYLE_ASSIGNMENT((#17481));
#17481 = SURFACE_STYLE_USAGE(.BOTH.,#17482);
#17482 = SURFACE_SIDE_STYLE('',(#17483));
#17483 = SURFACE_STYLE_FILL_AREA(#17484);
#17484 = FILL_AREA_STYLE('',(#17485));
#17485 = FILL_AREA_STYLE_COLOUR('',#15823);
#17486 = STYLED_ITEM('color',(#17487),#11522);
#17487 = PRESENTATION_STYLE_ASSIGNMENT((#17488));
#17488 = SURFACE_STYLE_USAGE(.BOTH.,#17489);
#17489 = SURFACE_SIDE_STYLE('',(#17490));
#17490 = SURFACE_STYLE_FILL_AREA(#17491);
#17491 = FILL_AREA_STYLE('',(#17492));
#17492 = FILL_AREA_STYLE_COLOUR('',#15823);
#17493 = STYLED_ITEM('color',(#17494),#11547);
#17494 = PRESENTATION_STYLE_ASSIGNMENT((#17495));
#17495 = SURFACE_STYLE_USAGE(.BOTH.,#17496);
#17496 = SURFACE_SIDE_STYLE('',(#17497));
#17497 = SURFACE_STYLE_FILL_AREA(#17498);
#17498 = FILL_AREA_STYLE('',(#17499));
#17499 = FILL_AREA_STYLE_COLOUR('',#15823);
#17500 = STYLED_ITEM('color',(#17501),#11571);
#17501 = PRESENTATION_STYLE_ASSIGNMENT((#17502));
#17502 = SURFACE_STYLE_USAGE(.BOTH.,#17503);
#17503 = SURFACE_SIDE_STYLE('',(#17504));
#17504 = SURFACE_STYLE_FILL_AREA(#17505);
#17505 = FILL_AREA_STYLE('',(#17506));
#17506 = FILL_AREA_STYLE_COLOUR('',#15823);
#17507 = STYLED_ITEM('color',(#17508),#11595);
#17508 = PRESENTATION_STYLE_ASSIGNMENT((#17509));
#17509 = SURFACE_STYLE_USAGE(.BOTH.,#17510);
#17510 = SURFACE_SIDE_STYLE('',(#17511));
#17511 = SURFACE_STYLE_FILL_AREA(#17512);
#17512 = FILL_AREA_STYLE('',(#17513));
#17513 = FILL_AREA_STYLE_COLOUR('',#15823);
#17514 = STYLED_ITEM('color',(#17515),#11620);
#17515 = PRESENTATION_STYLE_ASSIGNMENT((#17516));
#17516 = SURFACE_STYLE_USAGE(.BOTH.,#17517);
#17517 = SURFACE_SIDE_STYLE('',(#17518));
#17518 = SURFACE_STYLE_FILL_AREA(#17519);
#17519 = FILL_AREA_STYLE('',(#17520));
#17520 = FILL_AREA_STYLE_COLOUR('',#15823);
#17521 = STYLED_ITEM('color',(#17522),#11645);
#17522 = PRESENTATION_STYLE_ASSIGNMENT((#17523));
#17523 = SURFACE_STYLE_USAGE(.BOTH.,#17524);
#17524 = SURFACE_SIDE_STYLE('',(#17525));
#17525 = SURFACE_STYLE_FILL_AREA(#17526);
#17526 = FILL_AREA_STYLE('',(#17527));
#17527 = FILL_AREA_STYLE_COLOUR('',#15823);
#17528 = STYLED_ITEM('color',(#17529),#11662);
#17529 = PRESENTATION_STYLE_ASSIGNMENT((#17530));
#17530 = SURFACE_STYLE_USAGE(.BOTH.,#17531);
#17531 = SURFACE_SIDE_STYLE('',(#17532));
#17532 = SURFACE_STYLE_FILL_AREA(#17533);
#17533 = FILL_AREA_STYLE('',(#17534));
#17534 = FILL_AREA_STYLE_COLOUR('',#15823);
#17535 = MECHANICAL_DESIGN_GEOMETRIC_PRESENTATION_REPRESENTATION('',(
    #17536),#15101);
#17536 = STYLED_ITEM('color',(#17537),#14951);
#17537 = PRESENTATION_STYLE_ASSIGNMENT((#17538));
#17538 = SURFACE_STYLE_USAGE(.BOTH.,#17539);
#17539 = SURFACE_SIDE_STYLE('',(#17540));
#17540 = SURFACE_STYLE_FILL_AREA(#17541);
#17541 = FILL_AREA_STYLE('',(#17542));
#17542 = FILL_AREA_STYLE_COLOUR('',#17543);
#17543 = COLOUR_RGB('',0.313304153717,0.484529207832,0.410020903123);
ENDSEC;
END-ISO-10303-21;
